devicetime,actual_deg,pred_deg,resid_deg,dev,score01,rule01
2024-04-01 02:42:00,35.091576,34.288906,0.8026695,0.8026695251464844,0.5741036766385019,0.0
2024-04-01 02:43:00,35.091576,34.207005,0.8845711,0.8299700419108074,0.5773007535967116,0.0
2024-04-01 02:44:00,35.091576,34.207005,0.8845711,0.848170386420356,0.5791276547156885,0.0
2024-04-01 02:45:00,35.091576,34.207005,0.8845711,0.8603039494267218,0.5795843799954328,0.0
2024-04-01 02:46:00,35.091576,34.207005,0.8845711,0.8683929914309657,0.5795843799954328,0.0
2024-04-01 02:47:00,35.091576,34.207005,0.8845711,0.8737856861004616,0.5795843799954328,0.0
2024-04-01 02:48:00,35.091576,34.207005,0.8845711,0.8773808158801255,0.5795843799954328,0.0
2024-04-01 02:49:00,35.091576,34.207005,0.8845711,0.8797775690665681,0.5795843799954328,0.0
2024-04-01 02:50:00,35.091576,34.207005,0.8845711,0.8813754045241965,0.5795843799954328,0.0
2024-04-01 02:51:00,35.091576,34.207005,0.8845711,0.8824406281626155,0.5798127426353049,0.0
2024-04-01 02:52:00,35.091576,34.207005,0.8845711,0.8831507772548948,0.5798127426353049,0.0
2024-04-01 02:53:00,35.091576,34.207005,0.8845711,0.883624209983081,0.5800411052751769,0.0
2024-04-01 02:54:00,35.091576,34.207005,0.8845711,0.8839398318018717,0.5800411052751769,0.0
2024-04-01 02:55:00,35.091576,34.207005,0.8845711,0.8841502463477323,0.5800411052751769,0.0
2024-04-01 02:56:00,35.091576,34.207005,0.8845711,0.8842905227116393,0.5800411052751769,0.0
2024-04-01 02:57:00,35.091576,34.207005,0.8845711,0.8843840402875773,0.5800411052751769,0.0
2024-04-01 02:58:00,35.091576,34.207005,0.8845711,0.8844463853382026,0.5800411052751769,0.0
2024-04-01 02:59:00,35.091576,34.207005,0.8845711,0.8844879487052862,0.5800411052751769,0.0
2024-04-01 03:00:00,35.091576,34.207005,0.8845711,0.8845156576166753,0.5800411052751769,0.0
2024-04-01 03:01:00,35.091576,34.207005,0.8845711,0.884534130224268,0.5800411052751769,0.0
2024-04-01 03:02:00,35.091576,34.207005,0.8845711,0.8845464452959965,0.5800411052751769,0.0
2024-04-01 03:03:00,35.091576,34.207005,0.8845711,0.8845546553438154,0.5800411052751769,0.0
2024-04-01 03:04:00,35.091576,34.207005,0.8845711,0.884560128709028,0.5800411052751769,0.0
2024-04-01 03:05:00,35.091576,34.207005,0.8845711,0.8845637776191698,0.5800411052751769,0.0
2024-04-01 03:06:00,35.091576,34.207005,0.8845711,0.884566210225931,0.5800411052751769,0.0
2024-04-01 03:07:00,35.091576,34.207005,0.8845711,0.8845678319637718,0.5800411052751769,0.0
2024-04-01 03:08:00,35.091576,34.207005,0.8845711,0.8845689131223323,0.5800411052751769,0.0
2024-04-01 03:09:00,35.091576,34.207005,0.8845711,0.884569633894706,0.5800411052751769,0.0
2024-04-01 03:10:00,35.091576,34.207005,0.8845711,0.8845701144096217,0.5800411052751769,0.0
2024-04-01 03:11:00,35.091576,34.207005,0.8845711,0.884570434752899,0.5800411052751769,0.0
2024-04-01 03:12:00,35.091576,34.207005,0.8845711,0.8845706483150838,0.5800411052751769,0.0
2024-04-01 03:13:00,35.091576,34.207005,0.8845711,0.8845707906898737,0.5800411052751769,0.0
2024-04-01 03:14:00,35.091576,34.207005,0.8845711,0.8845708856064002,0.5800411052751769,0.0
2024-04-01 03:15:00,35.091576,34.207005,0.8845711,0.8845709488840846,0.5800411052751769,0.0
2024-04-01 03:16:00,35.091576,34.207005,0.8845711,0.8845709910692076,0.5800411052751769,0.0
2024-04-01 03:17:00,35.091576,34.207005,0.8845711,0.8845710191926228,0.5800411052751769,0.0
2024-04-01 03:18:00,35.091576,34.207005,0.8845711,0.8845710379415663,0.5800411052751769,0.0
2024-04-01 03:19:00,35.091576,34.207005,0.8845711,0.884571050440862,0.5800411052751769,0.0
2024-04-01 03:20:00,35.091576,34.207005,0.8845711,0.8845710587737258,0.5800411052751769,0.0
2024-04-01 03:21:00,35.091576,34.207005,0.8845711,0.8845710643289683,0.5800411052751769,0.0
2024-04-01 03:22:00,35.091576,34.207005,0.8845711,0.8845710680324633,0.5800411052751769,0.0
2024-04-01 03:23:00,35.091576,34.207005,0.8845711,0.88457107050146,0.5800411052751769,0.0
2024-04-01 03:24:00,35.091576,34.207005,0.8845711,0.8845710721474578,0.5800411052751769,0.0
2024-04-01 03:25:00,35.091576,34.207005,0.8845711,0.8845710732447897,0.5800411052751769,0.0
2024-04-01 03:26:00,35.091576,34.207005,0.8845711,0.8845710739763443,0.5800411052751769,0.0
2024-04-01 03:27:00,35.091576,34.207005,0.8845711,0.8845710744640473,0.5800411052751769,0.0
2024-04-01 03:28:00,35.091576,34.207005,0.8845711,0.8845710747891826,0.5800411052751769,0.0
2024-04-01 03:29:00,35.091576,34.207005,0.8845711,0.8845710750059396,0.5800411052751769,0.0
2024-04-01 03:30:00,35.091576,34.207005,0.8845711,0.8845710751504442,0.5800411052751769,0.0
2024-04-01 03:31:00,35.091576,34.207005,0.8845711,0.8845710752467806,0.5800411052751769,0.0
2024-04-01 03:32:00,35.091576,34.207005,0.8845711,0.8845710753110049,0.5800411052751769,0.0
2024-04-01 03:33:00,35.091576,34.207005,0.8845711,0.8845710753538211,0.5800411052751769,0.0
2024-04-01 03:34:00,35.091576,34.207005,0.8845711,0.8845710753823651,0.5800411052751769,0.0
2024-04-01 03:35:00,35.091576,34.207005,0.8845711,0.8845710754013946,0.5800411052751769,0.0
2024-04-01 03:36:00,35.091576,34.207005,0.8845711,0.8845710754140809,0.5800411052751769,0.0
2024-04-01 03:37:00,35.091576,34.207005,0.8845711,0.8845710754225383,0.5800411052751769,0.0
2024-04-01 03:38:00,35.091576,34.207005,0.8845711,0.8845710754281767,0.5800411052751769,0.0
2024-04-01 03:39:00,35.091576,34.207005,0.8845711,0.8845710754319356,0.5800411052751769,0.0
2024-04-01 03:40:00,35.091576,34.207005,0.8845711,0.8845710754344415,0.5800411052751769,0.0
2024-04-01 03:41:00,35.091576,34.207005,0.8845711,0.8845710754361121,0.5800411052751769,0.0
2024-04-01 03:42:00,35.091576,34.207005,0.8845711,0.8845710754372259,0.5800411052751769,0.0
2024-04-01 03:43:00,35.091576,34.207005,0.8845711,0.8845710754379684,0.5800411052751769,0.0
2024-04-01 03:44:00,35.091576,34.207005,0.8845711,0.8845710754384634,0.5800411052751769,0.0
2024-04-01 03:45:00,35.091576,34.207005,0.8845711,0.8845710754387933,0.5800411052751769,0.0
2024-04-01 03:46:00,35.091576,34.207005,0.8845711,0.8845710754390134,0.5800411052751769,0.0
2024-04-01 03:47:00,35.091576,34.207005,0.8845711,0.88457107543916,0.5800411052751769,0.0
2024-04-01 03:48:00,35.091576,34.207005,0.8845711,0.8845710754392578,0.5800411052751769,0.0
2024-04-01 03:49:00,35.091576,34.207005,0.8845711,0.884571075439323,0.5800411052751769,0.0
2024-04-01 03:50:00,35.091576,34.207005,0.8845711,0.8845710754393664,0.5800411052751769,0.0
2024-04-01 03:51:00,35.091576,34.207005,0.8845711,0.8845710754393954,0.5800411052751769,0.0
2024-04-01 03:52:00,35.091576,34.207005,0.8845711,0.8845710754394147,0.5800411052751769,0.0
2024-04-01 03:53:00,35.091576,34.207005,0.8845711,0.8845710754394276,0.5800411052751769,0.0
2024-04-01 03:54:00,35.091576,34.207005,0.8845711,0.8845710754394361,0.5800411052751769,0.0
2024-04-01 03:55:00,35.091576,34.207005,0.8845711,0.8845710754394419,0.5800411052751769,0.0
2024-04-01 03:56:00,35.091576,34.207005,0.8845711,0.8845710754394457,0.5800411052751769,0.0
2024-04-01 03:57:00,35.091576,34.207005,0.8845711,0.8845710754394482,0.5800411052751769,0.0
2024-04-01 03:58:00,35.091576,34.207005,0.8845711,0.8845710754394499,0.5800411052751769,0.0
2024-04-01 03:59:00,35.091576,34.207005,0.8845711,0.884571075439451,0.5800411052751769,0.0
2024-04-01 04:00:00,35.091576,34.207005,0.8845711,0.8845710754394518,0.5800411052751769,0.0
2024-04-01 04:01:00,35.091576,34.207005,0.8845711,0.8845710754394523,0.5800411052751769,0.0
2024-04-01 04:02:00,35.091576,34.207005,0.8845711,0.8845710754394527,0.5800411052751769,0.0
2024-04-01 04:03:00,35.091576,34.207005,0.8845711,0.8845710754394529,0.5800411052751769,0.0
2024-04-01 04:04:00,35.091576,34.207005,0.8845711,0.884571075439453,0.5800411052751769,0.0
2024-04-01 04:05:00,35.091576,34.207005,0.8845711,0.8845710754394531,0.5800411052751769,0.0
2024-04-01 04:06:00,35.091576,34.207005,0.8845711,0.8845710754394531,0.5800411052751769,0.0
2024-04-01 04:07:00,35.091576,34.207005,0.8845711,0.8845710754394531,0.5800411052751769,0.0
2024-04-01 04:08:00,35.091576,34.207005,0.8845711,0.8845710754394531,0.5800411052751769,0.0
2024-04-01 04:09:00,35.091576,34.207005,0.8845711,0.8845710754394531,0.5800411052751769,0.0
2024-04-01 04:10:00,35.091576,34.207005,0.8845711,0.8845710754394531,0.5800411052751769,0.0
2024-04-01 04:11:00,35.091576,34.207005,0.8845711,0.8845710754394531,0.5800411052751769,0.0
2024-04-01 04:12:00,35.091576,34.207005,0.8845711,0.8845710754394531,0.5800411052751769,0.0
2024-04-01 04:13:00,35.091576,34.207005,0.8845711,0.8845710754394531,0.5800411052751769,0.0
2024-04-01 04:14:00,35.091576,34.207005,0.8845711,0.8845710754394531,0.5800411052751769,0.0
2024-04-01 04:15:00,35.091576,34.207005,0.8845711,0.8845710754394531,0.5800411052751769,0.0
2024-04-01 04:16:00,35.091576,34.207005,0.8845711,0.8845710754394531,0.5800411052751769,0.0
2024-04-01 04:17:00,35.091576,34.207005,0.8845711,0.8845710754394531,0.5800411052751769,0.0
2024-04-01 04:18:00,35.091576,34.207005,0.8845711,0.8845710754394531,0.5800411052751769,0.0
2024-04-01 04:19:00,35.091576,34.207005,0.8845711,0.8845710754394531,0.5800411052751769,0.0
2024-04-01 04:20:00,35.091576,34.207005,0.8845711,0.8845710754394531,0.5800411052751769,0.0
2024-04-01 04:21:00,35.091576,34.207005,0.8845711,0.8845710754394531,0.5800411052751769,0.0
2024-04-01 04:22:00,35.091576,34.207005,0.8845711,0.8845710754394531,0.5800411052751769,0.0
2024-04-01 04:23:00,35.091576,34.207005,0.8845711,0.8845710754394531,0.5800411052751769,0.0
2024-04-01 04:24:00,35.091576,34.207005,0.8845711,0.8845710754394531,0.5800411052751769,0.0
2024-04-01 04:25:00,35.091576,34.207005,0.8845711,0.8845710754394531,0.5800411052751769,0.0
2024-04-01 04:26:00,35.091576,34.207005,0.8845711,0.8845710754394531,0.5800411052751769,0.0
2024-04-01 04:27:00,35.091576,34.207005,0.8845711,0.8845710754394531,0.5800411052751769,0.0
2024-04-01 04:28:00,35.091576,34.207005,0.8845711,0.8845710754394531,0.5800411052751769,0.0
2024-04-01 04:29:00,35.091576,34.207005,0.8845711,0.8845710754394531,0.5800411052751769,0.0
2024-04-01 04:30:00,35.091576,34.207005,0.8845711,0.8845710754394531,0.5800411052751769,0.0
2024-04-01 04:31:00,35.091576,34.207005,0.8845711,0.8845710754394531,0.5800411052751769,0.0
2024-04-01 04:32:00,35.091576,34.207005,0.8845711,0.8845710754394531,0.5800411052751769,0.0
2024-04-01 04:33:00,35.091576,34.207005,0.8845711,0.8845710754394531,0.5800411052751769,0.0
2024-04-01 04:34:00,35.091576,34.207005,0.8845711,0.8845710754394531,0.5800411052751769,0.0
2024-04-01 04:35:00,35.091576,34.207005,0.8845711,0.8845710754394531,0.5800411052751769,0.0
2024-04-01 04:36:00,35.091576,34.207005,0.8845711,0.8845710754394531,0.5800411052751769,0.0
2024-04-01 04:37:00,35.091576,34.207005,0.8845711,0.8845710754394531,0.5800411052751769,0.0
2024-04-01 04:38:00,35.091576,34.207005,0.8845711,0.8845710754394531,0.5800411052751769,0.0
2024-04-01 04:39:00,35.091576,34.207005,0.8845711,0.8845710754394531,0.5800411052751769,0.0
2024-04-01 04:40:00,35.091576,34.207005,0.8845711,0.8845710754394531,0.5800411052751769,0.0
2024-04-01 04:41:00,35.091576,34.207005,0.8845711,0.8845710754394531,0.5800411052751769,0.0
2024-04-01 04:42:00,35.091576,34.207005,0.8845711,0.8845710754394531,0.5800411052751769,0.0
2024-04-01 04:43:00,35.091576,34.207005,0.8845711,0.8845710754394531,0.5800411052751769,0.0
2024-04-01 04:44:00,35.091576,34.207005,0.8845711,0.8845710754394531,0.5800411052751769,0.0
2024-04-01 04:45:00,35.091576,34.207005,0.8845711,0.8845710754394531,0.5800411052751769,0.0
2024-04-01 04:46:00,35.091576,34.207005,0.8845711,0.8845710754394531,0.5800411052751769,0.0
2024-04-01 04:47:00,35.091576,34.207005,0.8845711,0.8845710754394531,0.5800411052751769,0.0
2024-04-01 04:48:00,35.091576,34.207005,0.8845711,0.8845710754394531,0.5800411052751769,0.0
2024-04-01 04:49:00,35.091576,34.207005,0.8845711,0.8845710754394531,0.5800411052751769,0.0
2024-04-01 04:50:00,35.091576,34.207005,0.8845711,0.8845710754394531,0.5800411052751769,0.0
2024-04-01 04:51:00,35.091576,34.207005,0.8845711,0.8845710754394531,0.5800411052751769,0.0
2024-04-01 04:52:00,35.091576,34.207005,0.8845711,0.8845710754394531,0.5800411052751769,0.0
2024-04-01 04:53:00,35.091576,34.207005,0.8845711,0.8845710754394531,0.5800411052751769,0.0
2024-04-01 04:54:00,35.091576,34.207005,0.8845711,0.8845710754394531,0.5800411052751769,0.0
2024-04-01 04:55:00,35.091576,34.207005,0.8845711,0.8845710754394531,0.5800411052751769,0.0
2024-04-01 04:56:00,35.091576,34.207005,0.8845711,0.8845710754394531,0.5800411052751769,0.0
2024-04-01 04:57:00,35.091576,34.207005,0.8845711,0.8845710754394531,0.5800411052751769,0.0
2024-04-01 04:58:00,35.091576,34.207005,0.8845711,0.8845710754394531,0.5800411052751769,0.0
2024-04-01 04:59:00,35.091576,34.207005,0.8845711,0.8845710754394531,0.5800411052751769,0.0
2024-04-01 05:00:00,35.091576,34.207005,0.8845711,0.8845710754394531,0.5800411052751769,0.0
2024-04-01 05:01:00,35.091576,34.207005,0.8845711,0.8845710754394531,0.5800411052751769,0.0
2024-04-01 05:02:00,35.091576,34.207005,0.8845711,0.8845710754394531,0.5800411052751769,0.0
2024-04-01 05:03:00,35.091576,34.207005,0.8845711,0.8845710754394531,0.5800411052751769,0.0
2024-04-01 05:04:00,35.091576,34.207005,0.8845711,0.8845710754394531,0.5800411052751769,0.0
2024-04-01 05:05:00,35.091576,34.207005,0.8845711,0.8845710754394531,0.5800411052751769,0.0
2024-04-01 05:06:00,35.091576,34.207005,0.8845711,0.8845710754394531,0.5800411052751769,0.0
2024-04-01 05:07:00,35.091576,34.207005,0.8845711,0.8845710754394531,0.5800411052751769,0.0
2024-04-01 05:08:00,35.091576,34.207005,0.8845711,0.8845710754394531,0.5800411052751769,0.0
2024-04-01 05:09:00,35.091576,34.207005,0.8845711,0.8845710754394531,0.5800411052751769,0.0
2024-04-01 05:10:00,35.091576,34.207005,0.8845711,0.8845710754394531,0.5800411052751769,0.0
2024-04-01 05:11:00,35.091576,34.207005,0.8845711,0.8845710754394531,0.5800411052751769,0.0
2024-04-01 05:12:00,35.091576,34.207005,0.8845711,0.8845710754394531,0.5800411052751769,0.0
2024-04-01 05:13:00,35.091576,34.207005,0.8845711,0.8845710754394531,0.5800411052751769,0.0
2024-04-01 05:14:00,35.091576,34.207005,0.8845711,0.8845710754394531,0.5800411052751769,0.0
2024-04-01 05:15:00,35.091576,34.207005,0.8845711,0.8845710754394531,0.5800411052751769,0.0
2024-04-01 05:16:00,35.091576,34.207005,0.8845711,0.8845710754394531,0.5800411052751769,0.0
2024-04-01 05:17:00,35.091576,34.207005,0.8845711,0.8845710754394531,0.5800411052751769,0.0
2024-04-01 05:18:00,35.091576,34.207005,0.8845711,0.8845710754394531,0.5800411052751769,0.0
2024-04-01 05:19:00,35.091576,34.207005,0.8845711,0.8845710754394531,0.5800411052751769,0.0
2024-04-01 05:20:00,35.091576,34.207005,0.8845711,0.8845710754394531,0.5800411052751769,0.0
2024-04-01 05:21:00,35.091576,34.207005,0.8845711,0.8845710754394531,0.5800411052751769,0.0
2024-04-01 05:22:00,35.091576,34.207005,0.8845711,0.8845710754394531,0.5800411052751769,0.0
2024-04-01 05:23:00,35.091576,34.207005,0.8845711,0.8845710754394531,0.5800411052751769,0.0
2024-04-01 05:24:00,35.091576,34.207005,0.8845711,0.8845710754394531,0.5800411052751769,0.0
2024-04-01 05:25:00,35.091576,34.207005,0.8845711,0.8845710754394531,0.5800411052751769,0.0
2024-04-01 05:26:00,35.091576,34.207005,0.8845711,0.8845710754394531,0.5800411052751769,0.0
2024-04-01 05:27:00,35.091576,34.207005,0.8845711,0.8845710754394531,0.5800411052751769,0.0
2024-04-01 05:28:00,35.091576,34.207005,0.8845711,0.8845710754394531,0.5800411052751769,0.0
2024-04-01 05:29:00,35.091576,34.207005,0.8845711,0.8845710754394531,0.5800411052751769,0.0
2024-04-01 05:30:00,35.091576,34.207005,0.8845711,0.8845710754394531,0.5800411052751769,0.0
2024-04-01 05:31:00,35.091576,34.207005,0.8845711,0.8845710754394531,0.5800411052751769,0.0
2024-04-01 05:32:00,35.091576,34.207005,0.8845711,0.8845710754394531,0.5800411052751769,0.0
2024-04-01 05:33:00,35.091576,34.207005,0.8845711,0.8845710754394531,0.5800411052751769,0.0
2024-04-01 05:34:00,35.091576,34.207005,0.8845711,0.8845710754394531,0.5800411052751769,0.0
2024-04-01 05:35:00,35.091576,34.207005,0.8845711,0.8845710754394531,0.5800411052751769,0.0
2024-04-01 05:36:00,35.091576,34.207005,0.8845711,0.8845710754394531,0.5800411052751769,0.0
2024-04-01 05:37:00,35.091576,34.207005,0.8845711,0.8845710754394531,0.5800411052751769,0.0
2024-04-01 05:38:00,35.091576,34.207005,0.8845711,0.8845710754394531,0.5800411052751769,0.0
2024-04-01 05:39:00,35.091576,34.207005,0.8845711,0.8845710754394531,0.5800411052751769,0.0
2024-04-01 05:40:00,35.091576,34.207005,0.8845711,0.8845710754394531,0.5800411052751769,0.0
2024-04-01 05:41:00,35.091576,34.207005,0.8845711,0.8845710754394531,0.5800411052751769,0.0
2024-04-01 05:42:00,35.091576,34.207005,0.8845711,0.8845710754394531,0.5800411052751769,0.0
2024-04-01 05:43:00,35.091576,34.207005,0.8845711,0.8845710754394531,0.5800411052751769,0.0
2024-04-01 05:44:00,35.091576,34.207005,0.8845711,0.8845710754394531,0.5800411052751769,0.0
2024-04-01 05:45:00,35.091576,34.207005,0.8845711,0.8845710754394531,0.5800411052751769,0.0
2024-04-01 05:46:00,35.091576,34.207005,0.8845711,0.8845710754394531,0.5800411052751769,0.0
2024-04-01 05:47:00,35.091576,34.207005,0.8845711,0.8845710754394531,0.5800411052751769,0.0
2024-04-01 05:48:00,35.091576,34.207005,0.8845711,0.8845710754394531,0.5800411052751769,0.0
2024-04-01 05:49:00,35.091576,34.207005,0.8845711,0.8845710754394531,0.5800411052751769,0.0
2024-04-01 05:50:00,35.091576,34.207005,0.8845711,0.8845710754394531,0.5800411052751769,0.0
2024-04-01 05:51:00,35.091576,34.207005,0.8845711,0.8845710754394531,0.5800411052751769,0.0
2024-04-01 05:52:00,35.091576,34.207005,0.8845711,0.8845710754394531,0.5800411052751769,0.0
2024-04-01 05:53:00,35.091576,34.207005,0.8845711,0.8845710754394531,0.5800411052751769,0.0
2024-04-01 05:54:00,35.091576,34.207005,0.8845711,0.8845710754394531,0.5800411052751769,0.0
2024-04-01 05:55:00,35.091576,34.207005,0.8845711,0.8845710754394531,0.5800411052751769,0.0
2024-04-01 05:56:00,35.091576,34.207005,0.8845711,0.8845710754394531,0.5800411052751769,0.0
2024-04-01 05:57:00,35.091576,34.207005,0.8845711,0.8845710754394531,0.5800411052751769,0.0
2024-04-01 05:58:00,35.091576,34.207005,0.8845711,0.8845710754394531,0.5800411052751769,0.0
2024-04-01 05:59:00,35.091576,34.207005,0.8845711,0.8845710754394531,0.5800411052751769,0.0
2024-04-01 06:00:00,35.091576,34.207005,0.8845711,0.8845710754394531,0.5800411052751769,0.0
2024-04-01 06:01:00,35.091576,34.207005,0.8845711,0.8845710754394531,0.5800411052751769,0.0
2024-04-01 06:02:00,35.091576,34.207005,0.8845711,0.8845710754394531,0.5800411052751769,0.0
2024-04-01 06:03:00,35.091576,34.207005,0.8845711,0.8845710754394531,0.5800411052751769,0.0
2024-04-01 06:04:00,35.091576,34.207005,0.8845711,0.8845710754394531,0.5800411052751769,0.0
2024-04-01 06:05:00,35.091576,34.207005,0.8845711,0.8845710754394531,0.5800411052751769,0.0
2024-04-01 06:06:00,35.091576,34.207005,0.8845711,0.8845710754394531,0.5800411052751769,0.0
2024-04-01 06:07:00,35.091576,34.207005,0.8845711,0.8845710754394531,0.5800411052751769,0.0
2024-04-01 06:08:00,35.091576,34.207005,0.8845711,0.8845710754394531,0.5800411052751769,0.0
2024-04-01 06:09:00,35.091576,34.207005,0.8845711,0.8845710754394531,0.5800411052751769,0.0
2024-04-01 06:10:00,35.091576,34.207005,0.8845711,0.8845710754394531,0.5800411052751769,0.0
2024-04-01 06:11:00,35.091576,34.207005,0.8845711,0.8845710754394531,0.5800411052751769,0.0
2024-04-01 06:12:00,35.091576,34.207005,0.8845711,0.8845710754394531,0.5800411052751769,0.0
2024-04-01 06:13:00,35.091576,34.207005,0.8845711,0.8845710754394531,0.5800411052751769,0.0
2024-04-01 06:14:00,35.091576,34.207005,0.8845711,0.8845710754394531,0.5800411052751769,0.0
2024-04-01 06:15:00,35.091576,34.207005,0.8845711,0.8845710754394531,0.5800411052751769,0.0
2024-04-01 06:16:00,35.091576,34.207005,0.8845711,0.8845710754394531,0.5800411052751769,0.0
2024-04-01 06:17:00,35.091576,34.207005,0.8845711,0.8845710754394531,0.5800411052751769,0.0
2024-04-01 06:18:00,35.091576,34.207005,0.8845711,0.8845710754394531,0.5800411052751769,0.0
2024-04-01 06:19:00,35.091576,34.207005,0.8845711,0.8845710754394531,0.5800411052751769,0.0
2024-04-01 06:20:00,35.091576,34.207005,0.8845711,0.8845710754394531,0.5800411052751769,0.0
2024-04-01 06:21:00,35.091576,34.207005,0.8845711,0.8845710754394531,0.5800411052751769,0.0
2024-04-01 06:22:00,35.091576,34.207005,0.8845711,0.8845710754394531,0.5800411052751769,0.0
2024-04-01 06:23:00,35.091576,34.207005,0.8845711,0.8845710754394531,0.5800411052751769,0.0
2024-04-01 06:24:00,35.091576,34.207005,0.8845711,0.8845710754394531,0.5800411052751769,0.0
2024-04-01 06:25:00,35.091576,34.207005,0.8845711,0.8845710754394531,0.5800411052751769,0.0
2024-04-01 06:26:00,35.091576,34.207005,0.8845711,0.8845710754394531,0.5800411052751769,0.0
2024-04-01 06:27:00,35.091576,34.207005,0.8845711,0.8845710754394531,0.5800411052751769,0.0
2024-04-01 06:28:00,35.091576,34.207005,0.8845711,0.8845710754394531,0.5800411052751769,0.0
2024-04-01 06:29:00,35.091576,34.207005,0.8845711,0.8845710754394531,0.5800411052751769,0.0
2024-04-01 06:30:00,35.091576,34.207005,0.8845711,0.8845710754394531,0.5800411052751769,0.0
2024-04-01 06:31:00,35.091576,34.207005,0.8845711,0.8845710754394531,0.5800411052751769,0.0
2024-04-01 06:32:00,35.091576,34.207005,0.8845711,0.8845710754394531,0.5800411052751769,0.0
2024-04-01 06:33:00,35.091576,34.207005,0.8845711,0.8845710754394531,0.5800411052751769,0.0
2024-04-01 06:34:00,35.091576,34.207005,0.8845711,0.8845710754394531,0.5800411052751769,0.0
2024-04-01 06:35:00,35.091576,34.207005,0.8845711,0.8845710754394531,0.5800411052751769,0.0
2024-04-01 06:36:00,35.091576,34.207005,0.8845711,0.8845710754394531,0.5800411052751769,0.0
2024-04-01 06:37:00,35.091576,34.207005,0.8845711,0.8845710754394531,0.5800411052751769,0.0
2024-04-01 06:38:00,35.091576,34.207005,0.8845711,0.8845710754394531,0.5800411052751769,0.0
2024-04-01 06:39:00,35.091576,34.207005,0.8845711,0.8845710754394531,0.5800411052751769,0.0
2024-04-01 06:40:00,35.091576,34.207005,0.8845711,0.8845710754394531,0.5800411052751769,0.0
2024-04-01 06:41:00,35.091576,34.207005,0.8845711,0.8845710754394531,0.5800411052751769,0.0
2024-04-01 06:42:00,35.091576,34.207005,0.8845711,0.8845710754394531,0.5800411052751769,0.0
2024-04-01 06:43:00,35.091576,34.207005,0.8845711,0.8845710754394531,0.5800411052751769,0.0
2024-04-01 06:44:00,35.091576,34.207005,0.8845711,0.8845710754394531,0.5800411052751769,0.0
2024-04-01 06:45:00,35.091576,34.207005,0.8845711,0.8845710754394531,0.5800411052751769,0.0
2024-04-01 06:46:00,35.091576,34.207005,0.8845711,0.8845710754394531,0.5800411052751769,0.0
2024-04-01 06:47:00,35.091576,34.207005,0.8845711,0.8845710754394531,0.5800411052751769,0.0
2024-04-01 06:48:00,35.091576,34.207005,0.8845711,0.8845710754394531,0.5800411052751769,0.0
2024-04-01 06:49:00,35.091576,34.207005,0.8845711,0.8845710754394531,0.5800411052751769,0.0
2024-04-01 06:50:00,35.091576,34.207005,0.8845711,0.8845710754394531,0.5800411052751769,0.0
2024-04-01 06:51:00,35.091576,34.207005,0.8845711,0.8845710754394531,0.5800411052751769,0.0
2024-04-01 06:52:00,35.091576,34.207005,0.8845711,0.8845710754394531,0.5800411052751769,0.0
2024-04-01 06:53:00,35.091576,34.207005,0.8845711,0.8845710754394531,0.5800411052751769,0.0
2024-04-01 06:54:00,35.091576,34.207005,0.8845711,0.8845710754394531,0.5800411052751769,0.0
2024-04-01 06:55:00,35.091576,34.207005,0.8845711,0.8845710754394531,0.5800411052751769,0.0
2024-04-01 06:56:00,35.091576,34.207005,0.8845711,0.8845710754394531,0.5800411052751769,0.0
2024-04-01 06:57:00,35.091576,34.207005,0.8845711,0.8845710754394531,0.5800411052751769,0.0
2024-04-01 06:58:00,35.091576,34.207005,0.8845711,0.8845710754394531,0.5800411052751769,0.0
2024-04-01 06:59:00,35.091576,34.207005,0.8845711,0.8845710754394531,0.5800411052751769,0.0
2024-04-01 07:00:00,35.091576,34.207005,0.8845711,0.8845710754394531,0.5800411052751769,0.0
2024-04-01 07:01:00,35.091576,34.207005,0.8845711,0.8845710754394531,0.5800411052751769,0.0
2024-04-01 07:02:00,35.091576,34.207005,0.8845711,0.8845710754394531,0.5800411052751769,0.0
2024-04-01 07:03:00,35.091576,34.207005,0.8845711,0.8845710754394531,0.5800411052751769,0.0
2024-04-01 07:04:00,35.091576,34.207005,0.8845711,0.8845710754394531,0.5800411052751769,0.0
2024-04-01 07:05:00,35.091576,34.207005,0.8845711,0.8845710754394531,0.5800411052751769,0.0
2024-04-01 07:06:00,35.091576,34.207005,0.8845711,0.8845710754394531,0.5800411052751769,0.0
2024-04-01 07:07:00,35.091576,34.207005,0.8845711,0.8845710754394531,0.5800411052751769,0.0
2024-04-01 07:08:00,35.091576,34.207005,0.8845711,0.8845710754394531,0.5800411052751769,0.0
2024-04-01 07:09:00,35.091576,34.207005,0.8845711,0.8845710754394531,0.5800411052751769,0.0
2024-04-01 07:10:00,35.091576,34.207005,0.8845711,0.8845710754394531,0.5800411052751769,0.0
2024-04-01 07:11:00,35.091576,34.207005,0.8845711,0.8845710754394531,0.5800411052751769,0.0
2024-04-01 07:12:00,35.091576,34.207005,0.8845711,0.8845710754394531,0.5800411052751769,0.0
2024-04-01 07:13:00,35.091576,34.207005,0.8845711,0.8845710754394531,0.5800411052751769,0.0
2024-04-01 07:14:00,35.091576,34.207005,0.8845711,0.8845710754394531,0.5800411052751769,0.0
2024-04-01 07:15:00,35.091576,34.207005,0.8845711,0.8845710754394531,0.5800411052751769,0.0
2024-04-01 07:16:00,35.091576,34.207005,0.8845711,0.8845710754394531,0.5800411052751769,0.0
2024-04-01 07:17:00,35.091576,34.207005,0.8845711,0.8845710754394531,0.5800411052751769,0.0
2024-04-01 07:18:00,35.091576,34.207005,0.8845711,0.8845710754394531,0.5800411052751769,0.0
2024-04-01 07:19:00,35.091576,34.207005,0.8845711,0.8845710754394531,0.5800411052751769,0.0
2024-04-01 07:20:00,35.091576,34.207005,0.8845711,0.8845710754394531,0.5800411052751769,0.0
2024-04-01 07:21:00,35.091576,34.207005,0.8845711,0.8845710754394531,0.5800411052751769,0.0
2024-04-01 07:22:00,35.091576,34.207005,0.8845711,0.8845710754394531,0.5800411052751769,0.0
2024-04-01 07:23:00,35.091576,34.207005,0.8845711,0.8845710754394531,0.5800411052751769,0.0
2024-04-01 07:24:00,35.091576,34.207005,0.8845711,0.8845710754394531,0.5800411052751769,0.0
2024-04-01 07:25:00,35.091576,34.207005,0.8845711,0.8845710754394531,0.5800411052751769,0.0
2024-04-01 07:26:00,35.091576,34.207005,0.8845711,0.8845710754394531,0.5800411052751769,0.0
2024-04-01 07:27:00,35.091576,34.207005,0.8845711,0.8845710754394531,0.5800411052751769,0.0
2024-04-01 07:28:00,35.091576,34.207005,0.8845711,0.8845710754394531,0.5800411052751769,0.0
2024-04-01 07:29:00,35.091576,34.207005,0.8845711,0.8845710754394531,0.5800411052751769,0.0
2024-04-01 07:30:00,35.091576,34.207005,0.8845711,0.8845710754394531,0.5800411052751769,0.0
2024-04-01 07:31:00,35.091576,34.207005,0.8845711,0.8845710754394531,0.5800411052751769,0.0
2024-04-01 07:32:00,35.091576,34.207005,0.8845711,0.8845710754394531,0.5800411052751769,0.0
2024-04-01 07:33:00,35.091576,34.207005,0.8845711,0.8845710754394531,0.5800411052751769,0.0
2024-04-01 07:34:00,35.091576,34.207005,0.8845711,0.8845710754394531,0.5800411052751769,0.0
2024-04-01 07:35:00,35.091576,34.207005,0.8845711,0.8845710754394531,0.5800411052751769,0.0
2024-04-01 07:36:00,35.091576,34.207005,0.8845711,0.8845710754394531,0.5800411052751769,0.0
2024-04-01 07:37:00,35.091576,34.207005,0.8845711,0.8845710754394531,0.5800411052751769,0.0
2024-04-01 07:38:00,35.091576,34.207005,0.8845711,0.8845710754394531,0.5800411052751769,0.0
2024-04-01 07:39:00,35.091576,34.207005,0.8845711,0.8845710754394531,0.5800411052751769,0.0
2024-04-01 07:40:00,35.091576,34.207005,0.8845711,0.8845710754394531,0.5800411052751769,0.0
2024-04-01 07:41:00,35.091576,34.207005,0.8845711,0.8845710754394531,0.5800411052751769,0.0
2024-04-01 07:42:00,35.091576,34.207005,0.8845711,0.8845710754394531,0.5800411052751769,0.0
2024-04-01 07:43:00,35.091576,34.207005,0.8845711,0.8845710754394531,0.5800411052751769,0.0
2024-04-01 07:44:00,35.091576,34.207005,0.8845711,0.8845710754394531,0.5800411052751769,0.0
2024-04-01 07:45:00,35.091576,34.207005,0.8845711,0.8845710754394531,0.5800411052751769,0.0
2024-04-01 07:46:00,35.091576,34.207005,0.8845711,0.8845710754394531,0.5800411052751769,0.0
2024-04-01 07:47:00,35.091576,34.207005,0.8845711,0.8845710754394531,0.5800411052751769,0.0
2024-04-01 07:48:00,35.091576,34.207005,0.8845711,0.8845710754394531,0.5800411052751769,0.0
2024-04-01 07:49:00,35.091576,34.207005,0.8845711,0.8845710754394531,0.5800411052751769,0.0
2024-04-01 07:50:00,35.091576,34.207005,0.8845711,0.8845710754394531,0.5800411052751769,0.0
2024-04-01 07:51:00,35.091576,34.207005,0.8845711,0.8845710754394531,0.5800411052751769,0.0
2024-04-01 07:52:00,35.091576,34.207005,0.8845711,0.8845710754394531,0.5800411052751769,0.0
2024-04-01 07:53:00,35.091576,34.207005,0.8845711,0.8845710754394531,0.5800411052751769,0.0
2024-04-01 07:54:00,35.091576,34.207005,0.8845711,0.8845710754394531,0.5800411052751769,0.0
2024-04-01 07:55:00,35.091576,34.207005,0.8845711,0.8845710754394531,0.5800411052751769,0.0
2024-04-01 07:56:00,35.091576,34.207005,0.8845711,0.8845710754394531,0.5800411052751769,0.0
2024-04-01 07:57:00,35.091576,34.207005,0.8845711,0.8845710754394531,0.5800411052751769,0.0
2024-04-01 07:58:00,35.091576,34.207005,0.8845711,0.8845710754394531,0.5800411052751769,0.0
2024-04-01 07:59:00,35.091576,34.207005,0.8845711,0.8845710754394531,0.5800411052751769,0.0
2024-04-01 08:00:00,35.091576,34.207005,0.8845711,0.8845710754394531,0.5800411052751769,0.0
2024-04-01 08:01:00,35.091576,34.207005,0.8845711,0.8845710754394531,0.5800411052751769,0.0
2024-04-01 08:02:00,35.091576,34.207005,0.8845711,0.8845710754394531,0.5800411052751769,0.0
2024-04-01 08:03:00,35.091576,34.207005,0.8845711,0.8845710754394531,0.5800411052751769,0.0
2024-04-01 08:04:00,35.091576,34.207005,0.8845711,0.8845710754394531,0.5800411052751769,0.0
2024-04-01 08:05:00,35.091576,34.207005,0.8845711,0.8845710754394531,0.5800411052751769,0.0
2024-04-01 08:06:00,35.091576,34.207005,0.8845711,0.8845710754394531,0.5800411052751769,0.0
2024-04-01 08:07:00,35.091576,34.207005,0.8845711,0.8845710754394531,0.5800411052751769,0.0
2024-04-01 08:08:00,35.091576,34.207005,0.8845711,0.8845710754394531,0.5800411052751769,0.0
2024-04-01 08:09:00,35.091576,34.207005,0.8845711,0.8845710754394531,0.5800411052751769,0.0
2024-04-01 08:10:00,35.091576,34.207005,0.8845711,0.8845710754394531,0.5800411052751769,0.0
2024-04-01 08:11:00,35.091576,34.207005,0.8845711,0.8845710754394531,0.5800411052751769,0.0
2024-04-01 08:12:00,35.091576,34.207005,0.8845711,0.8845710754394531,0.5800411052751769,0.0
2024-04-01 08:13:00,35.091576,34.207005,0.8845711,0.8845710754394531,0.5800411052751769,0.0
2024-04-01 08:14:00,35.091576,34.207005,0.8845711,0.8845710754394531,0.5800411052751769,0.0
2024-04-01 08:15:00,35.091576,34.207005,0.8845711,0.8845710754394531,0.5800411052751769,0.0
2024-04-01 08:16:00,35.091576,34.207005,0.8845711,0.8845710754394531,0.5800411052751769,0.0
2024-04-01 08:17:00,35.091576,34.207005,0.8845711,0.8845710754394531,0.5800411052751769,0.0
2024-04-01 08:18:00,35.091576,34.207005,0.8845711,0.8845710754394531,0.5800411052751769,0.0
2024-04-01 08:19:00,35.091576,34.207005,0.8845711,0.8845710754394531,0.5800411052751769,0.0
2024-04-01 08:20:00,35.091576,34.207005,0.8845711,0.8845710754394531,0.5800411052751769,0.0
2024-04-01 08:21:00,35.091576,34.207005,0.8845711,0.8845710754394531,0.5800411052751769,0.0
2024-04-01 08:22:00,35.091576,34.207005,0.8845711,0.8845710754394531,0.5800411052751769,0.0
2024-04-01 08:23:00,35.091576,34.207005,0.8845711,0.8845710754394531,0.5800411052751769,0.0
2024-04-01 08:24:00,35.091576,34.207005,0.8845711,0.8845710754394531,0.5800411052751769,0.0
2024-04-01 08:25:00,35.091576,34.207005,0.8845711,0.8845710754394531,0.5800411052751769,0.0
2024-04-01 08:26:00,35.091576,34.207005,0.8845711,0.8845710754394531,0.5800411052751769,0.0
2024-04-01 08:27:00,35.091576,34.207005,0.8845711,0.8845710754394531,0.5800411052751769,0.0
2024-04-01 08:28:00,35.091576,34.207005,0.8845711,0.8845710754394531,0.5800411052751769,0.0
2024-04-01 08:29:00,35.091576,34.207005,0.8845711,0.8845710754394531,0.5800411052751769,0.0
2024-04-01 08:30:00,35.091576,34.207005,0.8845711,0.8845710754394531,0.5800411052751769,0.0
2024-04-01 08:31:00,35.091576,34.207005,0.8845711,0.8845710754394531,0.5800411052751769,0.0
2024-04-01 08:32:00,35.091576,34.207005,0.8845711,0.8845710754394531,0.5800411052751769,0.0
2024-04-01 08:33:00,35.091576,34.207005,0.8845711,0.8845710754394531,0.5800411052751769,0.0
2024-04-01 08:34:00,35.091576,34.207005,0.8845711,0.8845710754394531,0.5800411052751769,0.0
2024-04-01 08:35:00,35.091576,34.207005,0.8845711,0.8845710754394531,0.5800411052751769,0.0
2024-04-01 08:36:00,35.091576,34.207005,0.8845711,0.8845710754394531,0.5800411052751769,0.0
2024-04-01 08:37:00,35.091576,34.207005,0.8845711,0.8845710754394531,0.5800411052751769,0.0
2024-04-01 08:38:00,35.091576,34.207005,0.8845711,0.8845710754394531,0.5800411052751769,0.0
2024-04-01 08:39:00,35.091576,34.207005,0.8845711,0.8845710754394531,0.5800411052751769,0.0
2024-04-01 08:40:00,35.091576,34.207005,0.8845711,0.8845710754394531,0.5800411052751769,0.0
2024-04-01 08:41:00,35.091576,34.207005,0.8845711,0.8845710754394531,0.5800411052751769,0.0
2024-04-01 08:42:00,35.091576,34.207005,0.8845711,0.8845710754394531,0.5800411052751769,0.0
2024-04-01 08:43:00,35.091576,34.207005,0.8845711,0.8845710754394531,0.5800411052751769,0.0
2024-04-01 08:44:00,35.091576,34.207005,0.8845711,0.8845710754394531,0.5800411052751769,0.0
2024-04-01 08:45:00,35.091576,34.207005,0.8845711,0.8845710754394531,0.5800411052751769,0.0
2024-04-01 08:46:00,35.091576,34.207005,0.8845711,0.8845710754394531,0.5800411052751769,0.0
2024-04-01 08:47:00,35.091576,34.207005,0.8845711,0.8845710754394531,0.5800411052751769,0.0
2024-04-01 08:48:00,35.091576,34.207005,0.8845711,0.8845710754394531,0.5800411052751769,0.0
2024-04-01 08:49:00,35.091576,34.207005,0.8845711,0.8845710754394531,0.5800411052751769,0.0
2024-04-01 08:50:00,35.091576,34.207005,0.8845711,0.8845710754394531,0.5800411052751769,0.0
2024-04-01 08:51:00,35.091576,34.207005,0.8845711,0.8845710754394531,0.5800411052751769,0.0
2024-04-01 08:52:00,35.091576,34.207005,0.8845711,0.8845710754394531,0.5800411052751769,0.0
2024-04-01 08:53:00,35.091576,34.207005,0.8845711,0.8845710754394531,0.5800411052751769,0.0
2024-04-01 08:54:00,35.091576,34.207005,0.8845711,0.8845710754394531,0.5800411052751769,0.0
2024-04-01 08:55:00,35.091576,34.207005,0.8845711,0.8845710754394531,0.5800411052751769,0.0
2024-04-01 08:56:00,35.091576,34.207005,0.8845711,0.8845710754394531,0.5800411052751769,0.0
2024-04-01 08:57:00,35.091576,34.207005,0.8845711,0.8845710754394531,0.5800411052751769,0.0
2024-04-01 08:58:00,35.091576,34.207005,0.8845711,0.8845710754394531,0.5800411052751769,0.0
2024-04-01 08:59:00,35.091576,34.207005,0.8845711,0.8845710754394531,0.5800411052751769,0.0
2024-04-01 09:00:00,35.091576,34.207005,0.8845711,0.8845710754394531,0.5800411052751769,0.0
2024-04-01 09:01:00,35.091576,34.207005,0.8845711,0.8845710754394531,0.5800411052751769,0.0
2024-04-01 09:02:00,35.091576,34.207005,0.8845711,0.8845710754394531,0.5800411052751769,0.0
2024-04-01 09:03:00,35.091576,34.207005,0.8845711,0.8845710754394531,0.5800411052751769,0.0
2024-04-01 09:04:00,35.091576,34.207005,0.8845711,0.8845710754394531,0.5800411052751769,0.0
2024-04-01 09:05:00,35.091576,34.207005,0.8845711,0.8845710754394531,0.5800411052751769,0.0
2024-04-01 09:06:00,35.091576,34.207005,0.8845711,0.8845710754394531,0.5800411052751769,0.0
2024-04-01 09:07:00,35.091576,34.207005,0.8845711,0.8845710754394531,0.5800411052751769,0.0
2024-04-01 09:08:00,35.091576,34.207005,0.8845711,0.8845710754394531,0.5800411052751769,0.0
2024-04-01 09:09:00,35.091576,34.207005,0.8845711,0.8845710754394531,0.5800411052751769,0.0
2024-04-01 09:10:00,35.091576,34.207005,0.8845711,0.8845710754394531,0.5800411052751769,0.0
2024-04-01 09:11:00,35.091576,34.207005,0.8845711,0.8845710754394531,0.5800411052751769,0.0
2024-04-01 09:12:00,35.091576,34.207005,0.8845711,0.8845710754394531,0.5800411052751769,0.0
2024-04-01 09:13:00,35.091576,34.207005,0.8845711,0.8845710754394531,0.5800411052751769,0.0
2024-04-01 09:14:00,35.091576,34.207005,0.8845711,0.8845710754394531,0.5800411052751769,0.0
2024-04-01 09:15:00,35.091576,34.207005,0.8845711,0.8845710754394531,0.5800411052751769,0.0
2024-04-01 09:16:00,35.091576,34.207005,0.8845711,0.8845710754394531,0.5800411052751769,0.0
2024-04-01 09:17:00,35.091576,34.207005,0.8845711,0.8845710754394531,0.5800411052751769,0.0
2024-04-01 09:18:00,35.091576,34.207005,0.8845711,0.8845710754394531,0.5800411052751769,0.0
2024-04-01 09:19:00,35.091576,34.207005,0.8845711,0.8845710754394531,0.5800411052751769,0.0
2024-04-01 09:20:00,35.091576,34.207005,0.8845711,0.8845710754394531,0.5800411052751769,0.0
2024-04-01 09:21:00,35.091576,34.207005,0.8845711,0.8845710754394531,0.5800411052751769,0.0
2024-04-01 09:22:00,35.091576,34.207005,0.8845711,0.8845710754394531,0.5800411052751769,0.0
2024-04-01 09:23:00,35.091576,34.207005,0.8845711,0.8845710754394531,0.5800411052751769,0.0
2024-04-01 09:24:00,35.091576,34.207005,0.8845711,0.8845710754394531,0.5800411052751769,0.0
2024-04-01 09:25:00,35.091576,34.207005,0.8845711,0.8845710754394531,0.5800411052751769,0.0
2024-04-01 09:26:00,35.091576,34.207005,0.8845711,0.8845710754394531,0.5800411052751769,0.0
2024-04-01 09:27:00,35.091576,34.207005,0.8845711,0.8845710754394531,0.5800411052751769,0.0
2024-04-01 09:28:00,35.091576,34.207005,0.8845711,0.8845710754394531,0.5800411052751769,0.0
2024-04-01 09:29:00,35.091576,34.207005,0.8845711,0.8845710754394531,0.5800411052751769,0.0
2024-04-01 09:30:00,35.091576,34.207005,0.8845711,0.8845710754394531,0.5800411052751769,0.0
2024-04-01 09:31:00,35.091576,34.207005,0.8845711,0.8845710754394531,0.5800411052751769,0.0
2024-04-01 09:32:00,35.091576,34.207005,0.8845711,0.8845710754394531,0.5800411052751769,0.0
2024-04-01 09:33:00,35.091576,34.207005,0.8845711,0.8845710754394531,0.5800411052751769,0.0
2024-04-01 09:34:00,35.091576,34.207005,0.8845711,0.8845710754394531,0.5800411052751769,0.0
2024-04-01 09:35:00,35.091576,34.207005,0.8845711,0.8845710754394531,0.5800411052751769,0.0
2024-04-01 09:36:00,35.091576,34.207005,0.8845711,0.8845710754394531,0.5800411052751769,0.0
2024-04-01 09:37:00,35.091576,34.207005,0.8845711,0.8845710754394531,0.5800411052751769,0.0
2024-04-01 09:38:00,35.091576,34.207005,0.8845711,0.8845710754394531,0.5800411052751769,0.0
2024-04-01 09:39:00,35.091576,34.207005,0.8845711,0.8845710754394531,0.5800411052751769,0.0
2024-04-01 09:40:00,35.091576,34.207005,0.8845711,0.8845710754394531,0.5800411052751769,0.0
2024-04-01 09:41:00,35.091576,34.207005,0.8845711,0.8845710754394531,0.5800411052751769,0.0
2024-04-01 09:42:00,35.091576,34.207005,0.8845711,0.8845710754394531,0.5800411052751769,0.0
2024-04-01 09:43:00,35.091576,34.207005,0.8845711,0.8845710754394531,0.5800411052751769,0.0
2024-04-01 09:44:00,35.091576,34.207005,0.8845711,0.8845710754394531,0.5800411052751769,0.0
2024-04-01 09:45:00,35.091576,34.207005,0.8845711,0.8845710754394531,0.5800411052751769,0.0
2024-04-01 09:46:00,35.091576,34.207005,0.8845711,0.8845710754394531,0.5800411052751769,0.0
2024-04-01 09:47:00,35.091576,34.207005,0.8845711,0.8845710754394531,0.5800411052751769,0.0
2024-04-01 09:48:00,35.091576,34.207005,0.8845711,0.8845710754394531,0.5800411052751769,0.0
2024-04-01 09:49:00,35.091576,34.207005,0.8845711,0.8845710754394531,0.5800411052751769,0.0
2024-04-01 09:50:00,35.091576,34.207005,0.8845711,0.8845710754394531,0.5800411052751769,0.0
2024-04-01 09:51:00,35.091576,34.207005,0.8845711,0.8845710754394531,0.5800411052751769,0.0
2024-04-01 09:52:00,35.091576,34.207005,0.8845711,0.8845710754394531,0.5800411052751769,0.0
2024-04-01 09:53:00,35.091576,34.207005,0.8845711,0.8845710754394531,0.5800411052751769,0.0
2024-04-01 09:54:00,35.091576,34.207005,0.8845711,0.8845710754394531,0.5800411052751769,0.0
2024-04-01 09:55:00,35.091576,34.207005,0.8845711,0.8845710754394531,0.5800411052751769,0.0
2024-04-01 09:56:00,35.091576,34.207005,0.8845711,0.8845710754394531,0.5800411052751769,0.0
2024-04-01 09:57:00,35.091576,34.207005,0.8845711,0.8845710754394531,0.5800411052751769,0.0
2024-04-01 09:58:00,35.091576,34.207005,0.8845711,0.8845710754394531,0.5800411052751769,0.0
2024-04-01 09:59:00,35.091576,34.207005,0.8845711,0.8845710754394531,0.5800411052751769,0.0
2024-04-01 10:00:00,35.091576,34.207005,0.8845711,0.8845710754394531,0.5800411052751769,0.0
2024-04-01 10:01:00,35.091576,34.207005,0.8845711,0.8845710754394531,0.5800411052751769,0.0
2024-04-01 10:02:00,35.091576,34.207005,0.8845711,0.8845710754394531,0.5800411052751769,0.0
2024-04-01 10:03:00,35.091576,34.207005,0.8845711,0.8845710754394531,0.5800411052751769,0.0
2024-04-01 10:04:00,35.091576,34.207005,0.8845711,0.8845710754394531,0.5800411052751769,0.0
2024-04-01 10:05:00,35.091576,34.207005,0.8845711,0.8845710754394531,0.5800411052751769,0.0
2024-04-01 10:06:00,35.091576,34.207005,0.8845711,0.8845710754394531,0.5800411052751769,0.0
2024-04-01 10:07:00,35.091576,34.207005,0.8845711,0.8845710754394531,0.5800411052751769,0.0
2024-04-01 10:08:00,35.091576,34.207005,0.8845711,0.8845710754394531,0.5800411052751769,0.0
2024-04-01 10:09:00,35.091576,34.207005,0.8845711,0.8845710754394531,0.5800411052751769,0.0
2024-04-01 10:10:00,35.091576,34.207005,0.8845711,0.8845710754394531,0.5800411052751769,0.0
2024-04-01 10:11:00,35.091576,34.207005,0.8845711,0.8845710754394531,0.5800411052751769,0.0
2024-04-01 10:12:00,35.091576,34.207005,0.8845711,0.8845710754394531,0.5800411052751769,0.0
2024-04-01 10:13:00,35.091576,34.207005,0.8845711,0.8845710754394531,0.5800411052751769,0.0
2024-04-01 10:14:00,35.091576,34.207005,0.8845711,0.8845710754394531,0.5800411052751769,0.0
2024-04-01 10:15:00,35.091576,34.207005,0.8845711,0.8845710754394531,0.5800411052751769,0.0
2024-04-01 10:16:00,35.091576,34.207005,0.8845711,0.8845710754394531,0.5800411052751769,0.0
2024-04-01 10:17:00,35.091576,34.207005,0.8845711,0.8845710754394531,0.5800411052751769,0.0
2024-04-01 10:18:00,35.091576,34.207005,0.8845711,0.8845710754394531,0.5800411052751769,0.0
2024-04-01 10:19:00,35.091576,34.207005,0.8845711,0.8845710754394531,0.5800411052751769,0.0
2024-04-01 10:20:00,35.091576,34.207005,0.8845711,0.8845710754394531,0.5800411052751769,0.0
2024-04-01 10:21:00,35.091576,34.207005,0.8845711,0.8845710754394531,0.5800411052751769,0.0
2024-04-01 10:22:00,35.091576,34.207005,0.8845711,0.8845710754394531,0.5800411052751769,0.0
2024-04-01 10:23:00,35.091576,34.207005,0.8845711,0.8845710754394531,0.5800411052751769,0.0
2024-04-01 10:24:00,35.091576,34.207005,0.8845711,0.8845710754394531,0.5800411052751769,0.0
2024-04-01 10:25:00,35.091576,34.207005,0.8845711,0.8845710754394531,0.5800411052751769,0.0
2024-04-01 10:26:00,35.091576,34.207005,0.8845711,0.8845710754394531,0.5800411052751769,0.0
2024-04-01 10:27:00,35.091576,34.207005,0.8845711,0.8845710754394531,0.5800411052751769,0.0
2024-04-01 10:28:00,35.091576,34.207005,0.8845711,0.8845710754394531,0.5800411052751769,0.0
2024-04-01 10:29:00,35.091576,34.207005,0.8845711,0.8845710754394531,0.5800411052751769,0.0
2024-04-01 10:30:00,35.091576,34.207005,0.8845711,0.8845710754394531,0.5800411052751769,0.0
2024-04-01 10:31:00,35.091576,34.207005,0.8845711,0.8845710754394531,0.5800411052751769,0.0
2024-04-01 10:32:00,35.091576,34.207005,0.8845711,0.8845710754394531,0.5800411052751769,0.0
2024-04-01 10:33:00,35.091576,34.207005,0.8845711,0.8845710754394531,0.5800411052751769,0.0
2024-04-01 10:34:00,35.091576,34.207005,0.8845711,0.8845710754394531,0.5800411052751769,0.0
2024-04-01 10:35:00,35.091576,34.207005,0.8845711,0.8845710754394531,0.5800411052751769,0.0
2024-04-01 10:36:00,35.091576,34.207005,0.8845711,0.8845710754394531,0.5800411052751769,0.0
2024-04-01 10:37:00,35.091576,34.207005,0.8845711,0.8845710754394531,0.5800411052751769,0.0
2024-04-01 10:38:00,35.091576,34.207005,0.8845711,0.8845710754394531,0.5800411052751769,0.0
2024-04-01 10:39:00,35.091576,34.207005,0.8845711,0.8845710754394531,0.5800411052751769,0.0
2024-04-01 10:40:00,35.091576,34.207005,0.8845711,0.8845710754394531,0.5800411052751769,0.0
2024-04-01 10:41:00,35.091576,34.207005,0.8845711,0.8845710754394531,0.5800411052751769,0.0
2024-04-01 10:42:00,35.091576,34.207005,0.8845711,0.8845710754394531,0.5800411052751769,0.0
2024-04-01 10:43:00,35.091576,34.207005,0.8845711,0.8845710754394531,0.5800411052751769,0.0
2024-04-01 10:44:00,35.091576,34.207005,0.8845711,0.8845710754394531,0.5800411052751769,0.0
2024-04-01 10:45:00,35.091576,34.207005,0.8845711,0.8845710754394531,0.5800411052751769,0.0
2024-04-01 10:46:00,35.091576,34.207005,0.8845711,0.8845710754394531,0.5800411052751769,0.0
2024-04-01 10:47:00,35.091576,34.207005,0.8845711,0.8845710754394531,0.5800411052751769,0.0
2024-04-01 10:48:00,35.091576,34.207005,0.8845711,0.8845710754394531,0.5800411052751769,0.0
2024-04-01 10:49:00,35.091576,34.207005,0.8845711,0.8845710754394531,0.5800411052751769,0.0
2024-04-01 10:50:00,35.091576,34.207005,0.8845711,0.8845710754394531,0.5800411052751769,0.0
2024-04-01 10:51:00,35.091576,34.207005,0.8845711,0.8845710754394531,0.5800411052751769,0.0
2024-04-01 10:52:00,35.091576,34.207005,0.8845711,0.8845710754394531,0.5800411052751769,0.0
2024-04-01 10:53:00,35.091576,34.207005,0.8845711,0.8845710754394531,0.5800411052751769,0.0
2024-04-01 10:54:00,35.091576,34.207005,0.8845711,0.8845710754394531,0.5800411052751769,0.0
2024-04-01 10:55:00,35.091576,34.207005,0.8845711,0.8845710754394531,0.5800411052751769,0.0
2024-04-01 10:56:00,35.091576,34.207005,0.8845711,0.8845710754394531,0.5800411052751769,0.0
2024-04-01 10:57:00,35.091576,34.207005,0.8845711,0.8845710754394531,0.5800411052751769,0.0
2024-04-01 10:58:00,35.091576,34.207005,0.8845711,0.8845710754394531,0.5800411052751769,0.0
2024-04-01 10:59:00,35.091576,34.207005,0.8845711,0.8845710754394531,0.5800411052751769,0.0
2024-04-01 11:00:00,35.091576,34.207005,0.8845711,0.8845710754394531,0.5800411052751769,0.0
2024-04-01 11:01:00,35.091576,34.207005,0.8845711,0.8845710754394531,0.5800411052751769,0.0
2024-04-01 11:02:00,35.091576,34.207005,0.8845711,0.8845710754394531,0.5800411052751769,0.0
2024-04-01 11:03:00,35.091576,34.207005,0.8845711,0.8845710754394531,0.5800411052751769,0.0
2024-04-01 11:04:00,35.091576,34.207005,0.8845711,0.8845710754394531,0.5800411052751769,0.0
2024-04-01 11:05:00,35.091576,34.207005,0.8845711,0.8845710754394531,0.5800411052751769,0.0
2024-04-01 11:06:00,35.091576,34.207005,0.8845711,0.8845710754394531,0.5800411052751769,0.0
2024-04-01 11:07:00,35.091576,34.207005,0.8845711,0.8845710754394531,0.5800411052751769,0.0
2024-04-01 11:08:00,35.091576,34.207005,0.8845711,0.8845710754394531,0.5800411052751769,0.0
2024-04-01 11:09:00,35.091576,34.207005,0.8845711,0.8845710754394531,0.5800411052751769,0.0
2024-04-01 11:10:00,35.091576,34.207005,0.8845711,0.8845710754394531,0.5800411052751769,0.0
2024-04-01 11:11:00,35.091576,34.207005,0.8845711,0.8845710754394531,0.5800411052751769,0.0
2024-04-01 11:12:00,35.091576,34.207005,0.8845711,0.8845710754394531,0.5800411052751769,0.0
2024-04-01 11:13:00,35.091576,34.207005,0.8845711,0.8845710754394531,0.5800411052751769,0.0
2024-04-01 11:14:00,35.091576,34.207005,0.8845711,0.8845710754394531,0.5800411052751769,0.0
2024-04-01 11:15:00,35.091576,34.207005,0.8845711,0.8845710754394531,0.5800411052751769,0.0
2024-04-01 11:16:00,35.091576,34.207005,0.8845711,0.8845710754394531,0.5800411052751769,0.0
2024-04-01 11:17:00,35.091576,34.207005,0.8845711,0.8845710754394531,0.5800411052751769,0.0
2024-04-01 11:18:00,35.091576,34.207005,0.8845711,0.8845710754394531,0.5800411052751769,0.0
2024-04-01 11:19:00,35.091576,34.207005,0.8845711,0.8845710754394531,0.5800411052751769,0.0
2024-04-01 11:20:00,35.091576,34.207005,0.8845711,0.8845710754394531,0.5800411052751769,0.0
2024-04-01 11:21:00,35.091576,34.207005,0.8845711,0.8845710754394531,0.5800411052751769,0.0
2024-04-01 11:22:00,35.091576,34.207005,0.8845711,0.8845710754394531,0.5800411052751769,0.0
2024-04-01 11:23:00,35.091576,34.207005,0.8845711,0.8845710754394531,0.5800411052751769,0.0
2024-04-01 11:24:00,35.091576,34.207005,0.8845711,0.8845710754394531,0.5800411052751769,0.0
2024-04-01 11:25:00,35.091576,34.207005,0.8845711,0.8845710754394531,0.5800411052751769,0.0
2024-04-01 11:26:00,35.091576,34.207005,0.8845711,0.8845710754394531,0.5800411052751769,0.0
2024-04-01 11:27:00,35.091576,34.207005,0.8845711,0.8845710754394531,0.5800411052751769,0.0
2024-04-01 11:28:00,35.091576,34.207005,0.8845711,0.8845710754394531,0.5800411052751769,0.0
2024-04-01 11:29:00,35.091576,34.207005,0.8845711,0.8845710754394531,0.5800411052751769,0.0
2024-04-01 11:30:00,35.091576,34.207005,0.8845711,0.8845710754394531,0.5800411052751769,0.0
2024-04-01 11:31:00,35.091576,34.207005,0.8845711,0.8845710754394531,0.5800411052751769,0.0
2024-04-01 11:32:00,35.091576,34.207005,0.8845711,0.8845710754394531,0.5800411052751769,0.0
2024-04-01 11:33:00,35.091576,34.207005,0.8845711,0.8845710754394531,0.5800411052751769,0.0
2024-04-01 11:34:00,35.091576,34.207005,0.8845711,0.8845710754394531,0.5800411052751769,0.0
2024-04-01 11:35:00,35.091576,34.207005,0.8845711,0.8845710754394531,0.5800411052751769,0.0
2024-04-01 11:36:00,35.091576,34.207005,0.8845711,0.8845710754394531,0.5800411052751769,0.0
2024-04-01 11:37:00,35.091576,34.207005,0.8845711,0.8845710754394531,0.5800411052751769,0.0
2024-04-01 11:38:00,35.091576,34.207005,0.8845711,0.8845710754394531,0.5800411052751769,0.0
2024-04-01 11:39:00,35.091576,34.207005,0.8845711,0.8845710754394531,0.5800411052751769,0.0
2024-04-01 11:40:00,35.091576,34.207005,0.8845711,0.8845710754394531,0.5800411052751769,0.0
2024-04-01 11:41:00,35.091576,34.207005,0.8845711,0.8845710754394531,0.5800411052751769,0.0
2024-04-01 11:42:00,35.091576,34.207005,0.8845711,0.8845710754394531,0.5800411052751769,0.0
2024-04-01 11:43:00,35.091576,34.207005,0.8845711,0.8845710754394531,0.5800411052751769,0.0
2024-04-01 11:44:00,35.091576,34.207005,0.8845711,0.8845710754394531,0.5800411052751769,0.0
2024-04-01 11:45:00,35.091576,34.207005,0.8845711,0.8845710754394531,0.5800411052751769,0.0
2024-04-01 11:46:00,35.091576,34.207005,0.8845711,0.8845710754394531,0.5800411052751769,0.0
2024-04-01 11:47:00,35.091576,34.207005,0.8845711,0.8845710754394531,0.5800411052751769,0.0
2024-04-01 11:48:00,35.091576,34.207005,0.8845711,0.8845710754394531,0.5800411052751769,0.0
2024-04-01 11:49:00,35.091576,34.207005,0.8845711,0.8845710754394531,0.5800411052751769,0.0
2024-04-01 11:50:00,35.091576,34.207005,0.8845711,0.8845710754394531,0.5800411052751769,0.0
2024-04-01 11:51:00,35.091576,34.207005,0.8845711,0.8845710754394531,0.5800411052751769,0.0
2024-04-01 11:52:00,35.091576,34.207005,0.8845711,0.8845710754394531,0.5800411052751769,0.0
2024-04-01 11:53:00,35.091576,34.207005,0.8845711,0.8845710754394531,0.5800411052751769,0.0
2024-04-01 11:54:00,35.091576,34.207005,0.8845711,0.8845710754394531,0.5800411052751769,0.0
2024-04-01 11:55:00,35.091576,34.207005,0.8845711,0.8845710754394531,0.5800411052751769,0.0
2024-04-01 11:56:00,35.091576,34.207005,0.8845711,0.8845710754394531,0.5800411052751769,0.0
2024-04-01 11:57:00,35.091576,34.207005,0.8845711,0.8845710754394531,0.5800411052751769,0.0
2024-04-01 11:58:00,35.091576,34.207005,0.8845711,0.8845710754394531,0.5800411052751769,0.0
2024-04-01 11:59:00,35.091576,34.207005,0.8845711,0.8845710754394531,0.5800411052751769,0.0
2024-04-01 12:00:00,35.091576,34.207005,0.8845711,0.8845710754394531,0.5800411052751769,0.0
2024-04-01 12:01:00,35.091576,34.207005,0.8845711,0.8845710754394531,0.5800411052751769,0.0
2024-04-01 12:02:00,35.091576,34.207005,0.8845711,0.8845710754394531,0.5800411052751769,0.0
2024-04-01 12:03:00,35.091576,34.207005,0.8845711,0.8845710754394531,0.5800411052751769,0.0
2024-04-01 12:04:00,35.091576,34.207005,0.8845711,0.8845710754394531,0.5800411052751769,0.0
2024-04-01 12:05:00,35.091576,34.207005,0.8845711,0.8845710754394531,0.5800411052751769,0.0
2024-04-01 12:06:00,35.091576,34.207005,0.8845711,0.8845710754394531,0.5800411052751769,0.0
2024-04-01 12:07:00,35.091576,34.207005,0.8845711,0.8845710754394531,0.5800411052751769,0.0
2024-04-01 12:08:00,35.091576,34.207005,0.8845711,0.8845710754394531,0.5800411052751769,0.0
2024-04-01 12:09:00,35.091576,34.207005,0.8845711,0.8845710754394531,0.5800411052751769,0.0
2024-04-01 12:10:00,35.091576,34.207005,0.8845711,0.8845710754394531,0.5800411052751769,0.0
2024-04-01 12:11:00,35.091576,34.207005,0.8845711,0.8845710754394531,0.5800411052751769,0.0
2024-04-01 12:12:00,35.091576,34.207005,0.8845711,0.8845710754394531,0.5800411052751769,0.0
2024-04-01 12:13:00,35.091576,34.207005,0.8845711,0.8845710754394531,0.5800411052751769,0.0
2024-04-01 12:14:00,35.091576,34.207005,0.8845711,0.8845710754394531,0.5800411052751769,0.0
2024-04-01 12:15:00,35.091576,34.207005,0.8845711,0.8845710754394531,0.5800411052751769,0.0
2024-04-01 12:16:00,35.091576,34.207005,0.8845711,0.8845710754394531,0.5800411052751769,0.0
2024-04-01 12:17:00,35.091576,34.207005,0.8845711,0.8845710754394531,0.5800411052751769,0.0
2024-04-01 12:18:00,35.091576,34.207005,0.8845711,0.8845710754394531,0.5800411052751769,0.0
2024-04-01 12:19:00,35.091576,34.207005,0.8845711,0.8845710754394531,0.5800411052751769,0.0
2024-04-01 12:20:00,35.091576,34.207005,0.8845711,0.8845710754394531,0.5800411052751769,0.0
2024-04-01 12:21:00,35.091576,34.207005,0.8845711,0.8845710754394531,0.5800411052751769,0.0
2024-04-01 12:22:00,35.091576,34.207005,0.8845711,0.8845710754394531,0.5800411052751769,0.0
2024-04-01 12:23:00,35.091576,34.207005,0.8845711,0.8845710754394531,0.5800411052751769,0.0
2024-04-01 12:24:00,35.091576,34.207005,0.8845711,0.8845710754394531,0.5800411052751769,0.0
2024-04-01 12:25:00,35.091576,34.207005,0.8845711,0.8845710754394531,0.5800411052751769,0.0
2024-04-01 12:26:00,35.091576,34.207005,0.8845711,0.8845710754394531,0.5800411052751769,0.0
2024-04-01 12:27:00,35.091576,34.207005,0.8845711,0.8845710754394531,0.5800411052751769,0.0
2024-04-01 12:28:00,35.091576,34.207005,0.8845711,0.8845710754394531,0.5800411052751769,0.0
2024-04-01 12:29:00,35.091576,34.207005,0.8845711,0.8845710754394531,0.5800411052751769,0.0
2024-04-01 12:30:00,35.091576,34.207005,0.8845711,0.8845710754394531,0.5800411052751769,0.0
2024-04-01 12:31:00,35.091576,34.207005,0.8845711,0.8845710754394531,0.5800411052751769,0.0
2024-04-01 12:32:00,35.091576,34.207005,0.8845711,0.8845710754394531,0.5800411052751769,0.0
2024-04-01 12:33:00,35.091576,34.207005,0.8845711,0.8845710754394531,0.5800411052751769,0.0
2024-04-01 12:34:00,35.091576,34.207005,0.8845711,0.8845710754394531,0.5800411052751769,0.0
2024-04-01 12:35:00,35.091576,34.207005,0.8845711,0.8845710754394531,0.5800411052751769,0.0
2024-04-01 12:36:00,35.091576,34.207005,0.8845711,0.8845710754394531,0.5800411052751769,0.0
2024-04-01 12:37:00,35.091576,34.207005,0.8845711,0.8845710754394531,0.5800411052751769,0.0
2024-04-01 12:38:00,35.091576,34.207005,0.8845711,0.8845710754394531,0.5800411052751769,0.0
2024-04-01 12:39:00,35.091576,34.207005,0.8845711,0.8845710754394531,0.5800411052751769,0.0
2024-04-01 12:40:00,35.091576,34.207005,0.8845711,0.8845710754394531,0.5800411052751769,0.0
2024-04-01 12:41:00,35.091576,34.207005,0.8845711,0.8845710754394531,0.5800411052751769,0.0
2024-04-01 12:42:00,35.091576,34.207005,0.8845711,0.8845710754394531,0.5800411052751769,0.0
2024-04-01 12:43:00,35.091576,34.207005,0.8845711,0.8845710754394531,0.5800411052751769,0.0
2024-04-01 12:44:00,35.091576,34.207005,0.8845711,0.8845710754394531,0.5800411052751769,0.0
2024-04-01 12:45:00,35.091576,34.207005,0.8845711,0.8845710754394531,0.5800411052751769,0.0
2024-04-01 12:46:00,35.091576,34.207005,0.8845711,0.8845710754394531,0.5800411052751769,0.0
2024-04-01 12:47:00,35.091576,34.207005,0.8845711,0.8845710754394531,0.5800411052751769,0.0
2024-04-01 12:48:00,35.091576,34.207005,0.8845711,0.8845710754394531,0.5800411052751769,0.0
2024-04-01 12:49:00,35.091576,34.207005,0.8845711,0.8845710754394531,0.5800411052751769,0.0
2024-04-01 12:50:00,35.091576,34.207005,0.8845711,0.8845710754394531,0.5800411052751769,0.0
2024-04-01 12:51:00,35.091576,34.207005,0.8845711,0.8845710754394531,0.5800411052751769,0.0
2024-04-01 12:52:00,35.091576,34.207005,0.8845711,0.8845710754394531,0.5800411052751769,0.0
2024-04-01 12:53:00,35.091576,34.207005,0.8845711,0.8845710754394531,0.5800411052751769,0.0
2024-04-01 12:54:00,35.091576,34.207005,0.8845711,0.8845710754394531,0.5800411052751769,0.0
2024-04-01 12:55:00,35.091576,34.207005,0.8845711,0.8845710754394531,0.5800411052751769,0.0
2024-04-01 12:56:00,35.091576,34.207005,0.8845711,0.8845710754394531,0.5800411052751769,0.0
2024-04-01 12:57:00,35.091576,34.207005,0.8845711,0.8845710754394531,0.5800411052751769,0.0
2024-04-01 12:58:00,35.091576,34.207005,0.8845711,0.8845710754394531,0.5800411052751769,0.0
2024-04-01 12:59:00,35.091576,34.207005,0.8845711,0.8845710754394531,0.5800411052751769,0.0
2024-04-01 13:00:00,35.091576,34.207005,0.8845711,0.8845710754394531,0.5800411052751769,0.0
2024-04-01 13:01:00,35.091576,34.207005,0.8845711,0.8845710754394531,0.5800411052751769,0.0
2024-04-01 13:02:00,35.091576,34.207005,0.8845711,0.8845710754394531,0.5800411052751769,0.0
2024-04-01 13:03:00,35.091576,34.207005,0.8845711,0.8845710754394531,0.5800411052751769,0.0
2024-04-01 13:04:00,35.091576,34.207005,0.8845711,0.8845710754394531,0.5800411052751769,0.0
2024-04-01 13:05:00,35.091576,34.207005,0.8845711,0.8845710754394531,0.5800411052751769,0.0
2024-04-01 13:06:00,35.091576,34.207005,0.8845711,0.8845710754394531,0.5800411052751769,0.0
2024-04-01 13:07:00,35.091576,34.207005,0.8845711,0.8845710754394531,0.5800411052751769,0.0
2024-04-01 13:08:00,35.091576,34.207005,0.8845711,0.8845710754394531,0.5800411052751769,0.0
2024-04-01 13:09:00,35.091576,34.207005,0.8845711,0.8845710754394531,0.5800411052751769,0.0
2024-04-01 13:10:00,35.091576,34.207005,0.8845711,0.8845710754394531,0.5800411052751769,0.0
2024-04-01 13:11:00,35.091576,34.207005,0.8845711,0.8845710754394531,0.5800411052751769,0.0
2024-04-01 13:12:00,35.091576,34.207005,0.8845711,0.8845710754394531,0.5800411052751769,0.0
2024-04-01 13:13:00,35.091576,34.207005,0.8845711,0.8845710754394531,0.5800411052751769,0.0
2024-04-01 13:14:00,35.091576,34.207005,0.8845711,0.8845710754394531,0.5800411052751769,0.0
2024-04-01 13:15:00,35.091576,34.207005,0.8845711,0.8845710754394531,0.5800411052751769,0.0
2024-04-01 13:16:00,35.091576,34.207005,0.8845711,0.8845710754394531,0.5800411052751769,0.0
2024-04-01 13:17:00,35.091576,34.207005,0.8845711,0.8845710754394531,0.5800411052751769,0.0
2024-04-01 13:18:00,35.091576,34.207005,0.8845711,0.8845710754394531,0.5800411052751769,0.0
2024-04-01 13:19:00,35.091576,34.207005,0.8845711,0.8845710754394531,0.5800411052751769,0.0
2024-04-01 13:20:00,35.091576,34.207005,0.8845711,0.8845710754394531,0.5800411052751769,0.0
2024-04-01 13:21:00,35.091576,34.207005,0.8845711,0.8845710754394531,0.5800411052751769,0.0
2024-04-01 13:22:00,35.091576,34.207005,0.8845711,0.8845710754394531,0.5800411052751769,0.0
2024-04-01 13:23:00,35.091576,34.207005,0.8845711,0.8845710754394531,0.5800411052751769,0.0
2024-04-01 13:24:00,35.091576,34.207005,0.8845711,0.8845710754394531,0.5800411052751769,0.0
2024-04-01 13:25:00,35.091576,34.207005,0.8845711,0.8845710754394531,0.5800411052751769,0.0
2024-04-01 13:26:00,35.091576,34.207005,0.8845711,0.8845710754394531,0.5800411052751769,0.0
2024-04-01 13:27:00,35.091576,34.207005,0.8845711,0.8845710754394531,0.5800411052751769,0.0
2024-04-01 13:28:00,35.091576,34.207005,0.8845711,0.8845710754394531,0.5800411052751769,0.0
2024-04-01 13:29:00,35.091576,34.207005,0.8845711,0.8845710754394531,0.5800411052751769,0.0
2024-04-01 13:30:00,35.091576,34.207005,0.8845711,0.8845710754394531,0.5800411052751769,0.0
2024-04-01 13:31:00,35.091576,34.207005,0.8845711,0.8845710754394531,0.5800411052751769,0.0
2024-04-01 13:32:00,35.091576,34.207005,0.8845711,0.8845710754394531,0.5800411052751769,0.0
2024-04-01 13:33:00,35.091576,34.207005,0.8845711,0.8845710754394531,0.5800411052751769,0.0
2024-04-01 13:34:00,35.091576,34.207005,0.8845711,0.8845710754394531,0.5800411052751769,0.0
2024-04-01 13:35:00,35.091576,34.207005,0.8845711,0.8845710754394531,0.5800411052751769,0.0
2024-04-01 13:36:00,35.091576,34.207005,0.8845711,0.8845710754394531,0.5800411052751769,0.0
2024-04-01 13:37:00,35.091576,34.207005,0.8845711,0.8845710754394531,0.5800411052751769,0.0
2024-04-01 13:38:00,35.091576,34.207005,0.8845711,0.8845710754394531,0.5800411052751769,0.0
2024-04-01 13:39:00,35.091576,34.207005,0.8845711,0.8845710754394531,0.5800411052751769,0.0
2024-04-01 13:40:00,35.091576,34.207005,0.8845711,0.8845710754394531,0.5800411052751769,0.0
2024-04-01 13:41:00,35.091576,34.207005,0.8845711,0.8845710754394531,0.5800411052751769,0.0
2024-04-01 13:42:00,35.091576,34.207005,0.8845711,0.8845710754394531,0.5800411052751769,0.0
2024-04-01 13:43:00,35.091576,34.207005,0.8845711,0.8845710754394531,0.5800411052751769,0.0
2024-04-01 13:44:00,35.091576,34.207005,0.8845711,0.8845710754394531,0.5800411052751769,0.0
2024-04-01 13:45:00,35.091576,34.207005,0.8845711,0.8845710754394531,0.5800411052751769,0.0
2024-04-01 13:46:00,35.091576,34.207005,0.8845711,0.8845710754394531,0.5800411052751769,0.0
2024-04-01 13:47:00,35.091576,34.207005,0.8845711,0.8845710754394531,0.5800411052751769,0.0
2024-04-01 13:48:00,35.091576,34.207005,0.8845711,0.8845710754394531,0.5800411052751769,0.0
2024-04-01 13:49:00,35.091576,34.207005,0.8845711,0.8845710754394531,0.5800411052751769,0.0
2024-04-01 13:50:00,35.091576,34.207005,0.8845711,0.8845710754394531,0.5800411052751769,0.0
2024-04-01 13:51:00,35.091576,34.207005,0.8845711,0.8845710754394531,0.5800411052751769,0.0
2024-04-01 13:52:00,35.091576,34.207005,0.8845711,0.8845710754394531,0.5800411052751769,0.0
2024-04-01 13:53:00,35.091576,34.207005,0.8845711,0.8845710754394531,0.5800411052751769,0.0
2024-04-01 13:54:00,35.091576,34.207005,0.8845711,0.8845710754394531,0.5800411052751769,0.0
2024-04-01 13:55:00,35.091576,34.207005,0.8845711,0.8845710754394531,0.5800411052751769,0.0
2024-04-01 13:56:00,35.091576,34.207005,0.8845711,0.8845710754394531,0.5800411052751769,0.0
2024-04-01 13:57:00,35.091576,34.207005,0.8845711,0.8845710754394531,0.5800411052751769,0.0
2024-04-01 13:58:00,35.091576,34.207005,0.8845711,0.8845710754394531,0.5800411052751769,0.0
2024-04-01 13:59:00,35.091576,34.207005,0.8845711,0.8845710754394531,0.5800411052751769,0.0
2024-04-01 14:00:00,35.091576,34.207005,0.8845711,0.8845710754394531,0.5800411052751769,0.0
2024-04-01 14:01:00,35.091576,34.207005,0.8845711,0.8845710754394531,0.5800411052751769,0.0
2024-04-01 14:02:00,35.091576,34.207005,0.8845711,0.8845710754394531,0.5800411052751769,0.0
2024-04-01 14:03:00,35.091576,34.207005,0.8845711,0.8845710754394531,0.5800411052751769,0.0
2024-04-01 14:04:00,35.091576,34.207005,0.8845711,0.8845710754394531,0.5800411052751769,0.0
2024-04-01 14:05:00,35.091576,34.207005,0.8845711,0.8845710754394531,0.5800411052751769,0.0
2024-04-01 14:06:00,35.091576,34.207005,0.8845711,0.8845710754394531,0.5800411052751769,0.0
2024-04-01 14:07:00,35.091576,34.207005,0.8845711,0.8845710754394531,0.5800411052751769,0.0
2024-04-01 14:08:00,35.091576,34.207005,0.8845711,0.8845710754394531,0.5800411052751769,0.0
2024-04-01 14:09:00,35.091576,34.207005,0.8845711,0.8845710754394531,0.5800411052751769,0.0
2024-04-01 14:10:00,35.091576,34.207005,0.8845711,0.8845710754394531,0.5800411052751769,0.0
2024-04-01 14:11:00,35.091576,34.207005,0.8845711,0.8845710754394531,0.5800411052751769,0.0
2024-04-01 14:12:00,35.091576,34.207005,0.8845711,0.8845710754394531,0.5800411052751769,0.0
2024-04-01 14:13:00,35.091576,34.207005,0.8845711,0.8845710754394531,0.5800411052751769,0.0
2024-04-01 14:14:00,35.091576,34.207005,0.8845711,0.8845710754394531,0.5800411052751769,0.0
2024-04-01 14:15:00,35.091576,34.207005,0.8845711,0.8845710754394531,0.5800411052751769,0.0
2024-04-01 14:16:00,35.091576,34.207005,0.8845711,0.8845710754394531,0.5800411052751769,0.0
2024-04-01 14:17:00,35.091576,34.207005,0.8845711,0.8845710754394531,0.5800411052751769,0.0
2024-04-01 14:18:00,35.091576,34.207005,0.8845711,0.8845710754394531,0.5800411052751769,0.0
2024-04-01 14:19:00,35.091576,34.207005,0.8845711,0.8845710754394531,0.5800411052751769,0.0
2024-04-01 14:20:00,35.091576,34.207005,0.8845711,0.8845710754394531,0.5800411052751769,0.0
2024-04-01 14:21:00,35.091576,34.207005,0.8845711,0.8845710754394531,0.5800411052751769,0.0
2024-04-01 14:22:00,35.091576,34.207005,0.8845711,0.8845710754394531,0.5800411052751769,0.0
2024-04-01 14:23:00,35.091576,34.207005,0.8845711,0.8845710754394531,0.5800411052751769,0.0
2024-04-01 14:24:00,35.091576,34.207005,0.8845711,0.8845710754394531,0.5800411052751769,0.0
2024-04-01 14:25:00,35.091576,34.207005,0.8845711,0.8845710754394531,0.5800411052751769,0.0
2024-04-01 14:26:00,35.091576,34.207005,0.8845711,0.8845710754394531,0.5800411052751769,0.0
2024-04-01 14:27:00,35.091576,34.207005,0.8845711,0.8845710754394531,0.5800411052751769,0.0
2024-04-01 14:28:00,35.091576,34.207005,0.8845711,0.8845710754394531,0.5800411052751769,0.0
2024-04-01 14:29:00,35.091576,34.207005,0.8845711,0.8845710754394531,0.5800411052751769,0.0
2024-04-01 14:30:00,35.091576,34.207005,0.8845711,0.8845710754394531,0.5800411052751769,0.0
2024-04-01 14:31:00,35.091576,34.207005,0.8845711,0.8845710754394531,0.5800411052751769,0.0
2024-04-01 14:32:00,35.091576,34.207005,0.8845711,0.8845710754394531,0.5800411052751769,0.0
2024-04-01 14:33:00,35.091576,34.207005,0.8845711,0.8845710754394531,0.5800411052751769,0.0
2024-04-01 14:34:00,35.091576,34.207005,0.8845711,0.8845710754394531,0.5800411052751769,0.0
2024-04-01 14:35:00,35.091576,34.207005,0.8845711,0.8845710754394531,0.5800411052751769,0.0
2024-04-01 14:36:00,35.091576,34.207005,0.8845711,0.8845710754394531,0.5800411052751769,0.0
2024-04-01 14:37:00,35.091576,34.207005,0.8845711,0.8845710754394531,0.5800411052751769,0.0
2024-04-01 14:38:00,35.091576,34.207005,0.8845711,0.8845710754394531,0.5800411052751769,0.0
2024-04-01 14:39:00,35.091576,34.207005,0.8845711,0.8845710754394531,0.5800411052751769,0.0
2024-04-01 14:40:00,35.091576,34.207005,0.8845711,0.8845710754394531,0.5800411052751769,0.0
2024-04-01 14:41:00,35.091576,34.207005,0.8845711,0.8845710754394531,0.5800411052751769,0.0
2024-04-01 14:42:00,35.091576,34.207005,0.8845711,0.8845710754394531,0.5800411052751769,0.0
2024-04-01 14:43:00,35.091576,34.207005,0.8845711,0.8845710754394531,0.5800411052751769,0.0
2024-04-01 14:44:00,35.091576,34.207005,0.8845711,0.8845710754394531,0.5800411052751769,0.0
2024-04-01 14:45:00,35.091576,34.207005,0.8845711,0.8845710754394531,0.5800411052751769,0.0
2024-04-01 14:46:00,35.091576,34.207005,0.8845711,0.8845710754394531,0.5800411052751769,0.0
2024-04-01 14:47:00,35.091576,34.207005,0.8845711,0.8845710754394531,0.5800411052751769,0.0
2024-04-01 14:48:00,35.091576,34.207005,0.8845711,0.8845710754394531,0.5800411052751769,0.0
2024-04-01 14:49:00,35.091576,34.207005,0.8845711,0.8845710754394531,0.5800411052751769,0.0
2024-04-01 14:50:00,35.091576,34.207005,0.8845711,0.8845710754394531,0.5800411052751769,0.0
2024-04-01 14:51:00,35.091576,34.207005,0.8845711,0.8845710754394531,0.5800411052751769,0.0
2024-04-01 14:52:00,35.091576,34.207005,0.8845711,0.8845710754394531,0.5800411052751769,0.0
2024-04-01 14:53:00,35.091576,34.207005,0.8845711,0.8845710754394531,0.5800411052751769,0.0
2024-04-01 14:54:00,35.091576,34.207005,0.8845711,0.8845710754394531,0.5800411052751769,0.0
2024-04-01 14:55:00,35.091576,34.207005,0.8845711,0.8845710754394531,0.5800411052751769,0.0
2024-04-01 14:56:00,35.091576,34.207005,0.8845711,0.8845710754394531,0.5800411052751769,0.0
2024-04-01 14:57:00,35.091576,34.207005,0.8845711,0.8845710754394531,0.5800411052751769,0.0
2024-04-01 14:58:00,35.091576,34.207005,0.8845711,0.8845710754394531,0.5800411052751769,0.0
2024-04-01 14:59:00,35.091576,34.207005,0.8845711,0.8845710754394531,0.5800411052751769,0.0
2024-04-01 15:00:00,35.091576,34.207005,0.8845711,0.8845710754394531,0.5800411052751769,0.0
2024-04-01 15:01:00,35.091576,34.207005,0.8845711,0.8845710754394531,0.5800411052751769,0.0
2024-04-01 15:02:00,35.091576,34.207005,0.8845711,0.8845710754394531,0.5800411052751769,0.0
2024-04-01 15:03:00,35.091576,34.207005,0.8845711,0.8845710754394531,0.5800411052751769,0.0
2024-04-01 15:04:00,35.091576,34.207005,0.8845711,0.8845710754394531,0.5800411052751769,0.0
2024-04-01 15:05:00,35.091576,34.207005,0.8845711,0.8845710754394531,0.5800411052751769,0.0
2024-04-01 15:06:00,35.091576,34.207005,0.8845711,0.8845710754394531,0.5800411052751769,0.0
2024-04-01 15:07:00,35.091576,34.207005,0.8845711,0.8845710754394531,0.5800411052751769,0.0
2024-04-01 15:08:00,35.091576,34.207005,0.8845711,0.8845710754394531,0.5800411052751769,0.0
2024-04-01 15:09:00,35.091576,34.207005,0.8845711,0.8845710754394531,0.5800411052751769,0.0
2024-04-01 15:10:00,35.091576,34.207005,0.8845711,0.8845710754394531,0.5800411052751769,0.0
2024-04-01 15:11:00,35.091576,34.207005,0.8845711,0.8845710754394531,0.5800411052751769,0.0
2024-04-01 15:12:00,35.091576,34.207005,0.8845711,0.8845710754394531,0.5800411052751769,0.0
2024-04-01 15:13:00,35.091576,34.207005,0.8845711,0.8845710754394531,0.5800411052751769,0.0
2024-04-01 15:14:00,35.091576,34.207005,0.8845711,0.8845710754394531,0.5800411052751769,0.0
2024-04-01 15:15:00,35.091576,34.207005,0.8845711,0.8845710754394531,0.5800411052751769,0.0
2024-04-01 15:16:00,35.091576,34.207005,0.8845711,0.8845710754394531,0.5800411052751769,0.0
2024-04-01 15:17:00,35.091576,34.207005,0.8845711,0.8845710754394531,0.5800411052751769,0.0
2024-04-01 15:18:00,35.091576,34.207005,0.8845711,0.8845710754394531,0.5800411052751769,0.0
2024-04-01 15:19:00,35.091576,34.207005,0.8845711,0.8845710754394531,0.5800411052751769,0.0
2024-04-01 15:20:00,35.091576,34.207005,0.8845711,0.8845710754394531,0.5800411052751769,0.0
2024-04-01 15:21:00,35.091576,34.207005,0.8845711,0.8845710754394531,0.5800411052751769,0.0
2024-04-01 15:22:00,35.091576,34.207005,0.8845711,0.8845710754394531,0.5800411052751769,0.0
2024-04-01 15:23:00,35.091576,34.207005,0.8845711,0.8845710754394531,0.5800411052751769,0.0
2024-04-01 15:24:00,35.091576,34.207005,0.8845711,0.8845710754394531,0.5800411052751769,0.0
2024-04-01 15:25:00,35.091576,34.207005,0.8845711,0.8845710754394531,0.5800411052751769,0.0
2024-04-01 15:26:00,35.091576,34.207005,0.8845711,0.8845710754394531,0.5800411052751769,0.0
2024-04-01 15:27:00,35.091576,34.207005,0.8845711,0.8845710754394531,0.5800411052751769,0.0
2024-04-01 15:28:00,35.091576,34.207005,0.8845711,0.8845710754394531,0.5800411052751769,0.0
2024-04-01 15:29:00,35.091576,34.207005,0.8845711,0.8845710754394531,0.5800411052751769,0.0
2024-04-01 15:30:00,35.091576,34.207005,0.8845711,0.8845710754394531,0.5800411052751769,0.0
2024-04-01 15:31:00,35.091576,34.207005,0.8845711,0.8845710754394531,0.5800411052751769,0.0
2024-04-01 15:32:00,35.091576,34.207005,0.8845711,0.8845710754394531,0.5800411052751769,0.0
2024-04-01 15:33:00,35.091576,34.207005,0.8845711,0.8845710754394531,0.5800411052751769,0.0
2024-04-01 15:34:00,35.091576,34.207005,0.8845711,0.8845710754394531,0.5800411052751769,0.0
2024-04-01 15:35:00,35.091576,34.207005,0.8845711,0.8845710754394531,0.5800411052751769,0.0
2024-04-01 15:36:00,35.091576,34.207005,0.8845711,0.8845710754394531,0.5800411052751769,0.0
2024-04-01 15:37:00,35.091576,34.207005,0.8845711,0.8845710754394531,0.5800411052751769,0.0
2024-04-01 15:38:00,35.091576,34.207005,0.8845711,0.8845710754394531,0.5800411052751769,0.0
2024-04-01 15:39:00,35.091576,34.207005,0.8845711,0.8845710754394531,0.5800411052751769,0.0
2024-04-01 15:40:00,35.091576,34.207005,0.8845711,0.8845710754394531,0.5800411052751769,0.0
2024-04-01 15:41:00,35.091576,34.207005,0.8845711,0.8845710754394531,0.5800411052751769,0.0
2024-04-01 15:42:00,35.091576,34.207005,0.8845711,0.8845710754394531,0.5800411052751769,0.0
2024-04-01 15:43:00,35.091576,34.207005,0.8845711,0.8845710754394531,0.5800411052751769,0.0
2024-04-01 15:44:00,35.091576,34.207005,0.8845711,0.8845710754394531,0.5800411052751769,0.0
2024-04-01 15:45:00,35.091576,34.207005,0.8845711,0.8845710754394531,0.5800411052751769,0.0
2024-04-01 15:46:00,35.091576,34.207005,0.8845711,0.8845710754394531,0.5800411052751769,0.0
2024-04-01 15:47:00,35.091576,34.207005,0.8845711,0.8845710754394531,0.5800411052751769,0.0
2024-04-01 15:48:00,35.091576,34.207005,0.8845711,0.8845710754394531,0.5800411052751769,0.0
2024-04-01 15:49:00,35.091576,34.207005,0.8845711,0.8845710754394531,0.5800411052751769,0.0
2024-04-01 15:50:00,35.091576,34.207005,0.8845711,0.8845710754394531,0.5800411052751769,0.0
2024-04-01 15:51:00,35.091576,34.207005,0.8845711,0.8845710754394531,0.5800411052751769,0.0
2024-04-01 15:52:00,35.091576,34.207005,0.8845711,0.8845710754394531,0.5800411052751769,0.0
2024-04-01 15:53:00,35.091576,34.207005,0.8845711,0.8845710754394531,0.5800411052751769,0.0
2024-04-01 15:54:00,35.091576,34.207005,0.8845711,0.8845710754394531,0.5800411052751769,0.0
2024-04-01 15:55:00,35.091576,34.207005,0.8845711,0.8845710754394531,0.5800411052751769,0.0
2024-04-01 15:56:00,35.091576,34.207005,0.8845711,0.8845710754394531,0.5800411052751769,0.0
2024-04-01 15:57:00,35.091576,34.207005,0.8845711,0.8845710754394531,0.5800411052751769,0.0
2024-04-01 15:58:00,35.091576,34.207005,0.8845711,0.8845710754394531,0.5800411052751769,0.0
2024-04-01 15:59:00,35.091576,34.207005,0.8845711,0.8845710754394531,0.5800411052751769,0.0
2024-04-01 16:00:00,35.091576,34.207005,0.8845711,0.8845710754394531,0.5800411052751769,0.0
2024-04-01 16:01:00,35.091576,34.207005,0.8845711,0.8845710754394531,0.5800411052751769,0.0
2024-04-01 16:02:00,35.091576,34.207005,0.8845711,0.8845710754394531,0.5800411052751769,0.0
2024-04-01 16:03:00,35.091576,34.207005,0.8845711,0.8845710754394531,0.5800411052751769,0.0
2024-04-01 16:04:00,35.091576,34.207005,0.8845711,0.8845710754394531,0.5800411052751769,0.0
2024-04-01 16:05:00,35.091576,34.207005,0.8845711,0.8845710754394531,0.5800411052751769,0.0
2024-04-01 16:06:00,35.091576,34.207005,0.8845711,0.8845710754394531,0.5800411052751769,0.0
2024-04-01 16:07:00,35.091576,34.207005,0.8845711,0.8845710754394531,0.5800411052751769,0.0
2024-04-01 16:08:00,35.091576,34.207005,0.8845711,0.8845710754394531,0.5800411052751769,0.0
2024-04-01 16:09:00,35.091576,34.207005,0.8845711,0.8845710754394531,0.5800411052751769,0.0
2024-04-01 16:10:00,35.091576,34.207005,0.8845711,0.8845710754394531,0.5800411052751769,0.0
2024-04-01 16:11:00,0.0,34.207005,34.207005,11.992048899332682,0.9353733729161909,0.0
2024-04-01 16:12:00,35.091576,34.207005,0.8845711,8.289556291368273,0.8737154601507193,0.0
2024-04-01 16:13:00,35.091576,34.207005,0.8845711,5.821227886058667,0.8049783055492121,0.0
2024-04-01 16:14:00,35.091576,34.207005,0.8845711,4.1756756158522625,0.7417218543046358,0.0
2024-04-01 16:15:00,35.091576,34.207005,0.8845711,3.078640769047993,0.6809773920986527,0.0
2024-04-01 16:16:00,35.091576,34.207005,0.8845711,2.3472842045118134,0.640557204841288,0.0
2024-04-01 16:17:00,35.091576,31.212568,3.8790073,2.857858582833722,0.6695592601050468,0.0
2024-04-01 16:18:00,35.091576,30.065733,5.0258427,3.580519944097807,0.7122630737611326,0.0
2024-04-01 16:19:00,35.091576,30.103718,4.987858,4.049632568933044,0.7357844256679608,0.0
2024-04-01 16:20:00,35.091576,30.718073,4.3735027,4.157589289729777,0.7408084037451473,0.0
2024-04-01 16:21:00,35.091576,31.540714,3.5508614,3.955346646034044,0.7328157113496232,0.0
2024-04-01 16:22:00,35.091576,32.369064,2.7225113,3.5444015278573318,0.7092943594427952,0.0
2024-04-01 16:23:00,35.091576,33.09979,1.991787,3.026863337500591,0.6784654030600594,0.0
2024-04-01 16:24:00,35.091576,33.68722,1.4043541,2.4860269234867225,0.6487782598766841,0.0
2024-04-01 16:25:00,35.091576,34.119114,0.9724617,1.9815051824709662,0.6216031057319023,0.0
2024-04-01 16:26:00,35.091576,34.403484,0.6880913,1.550367214339368,0.601507193423156,0.0
2024-04-01 16:27:00,35.091576,34.56097,0.5306053,1.2104465816136154,0.5880337976707011,0.0
2024-04-01 16:28:00,35.091576,34.61909,0.4724846,0.9644592506167593,0.5811829184745375,0.0
2024-04-01 16:29:00,35.091576,34.607304,0.484272,0.8043968348024491,0.5745604019182462,0.0
2024-04-01 16:30:00,35.091576,34.552975,0.5386009,0.7157981970785858,0.431605389358301,0.0
2024-04-01 16:31:00,35.091576,34.47874,0.61283493,0.6814771081923645,0.39209865266042476,0.0
2024-04-01 16:32:00,35.091576,34.401333,0.69024277,0.6843989945729045,0.39415391641927383,0.0
2024-04-01 16:33:00,35.091576,34.331596,0.75997925,0.7095924123975614,0.4247545101621375,0.0
2024-04-01 16:34:00,35.091576,34.275314,0.8162613,0.7451487054330097,0.5199817309888102,0.0
2024-04-01 16:35:00,35.091576,34.234413,0.8571625,0.782486628817319,0.5706782370404202,0.0
2024-04-01 16:36:00,35.091576,34.208183,0.88339233,0.8161218638730044,0.5766156656770952,0.0
2024-04-01 16:37:00,35.091576,34.1944,0.89717484,0.8431395209836958,0.5786709294359442,0.0
2024-04-01 16:38:00,35.091576,34.190193,0.90138245,0.8625538294188181,0.5795843799954328,0.0
2024-04-01 16:39:00,35.091576,34.19263,0.89894485,0.8746841711913215,0.5795843799954328,0.0
2024-04-01 16:40:00,35.091576,34.19913,0.8924446,0.8806043176594488,0.5795843799954328,0.0
2024-04-01 16:41:00,35.091576,34.207626,0.8839493,0.8817193050346847,0.5795843799954328,0.0
2024-04-01 16:42:00,35.091576,34.216614,0.87496185,0.8794668210322378,0.5795843799954328,0.0
2024-04-01 16:43:00,35.091576,34.22513,0.86644745,0.8751270302649816,0.5795843799954328,0.0
2024-04-01 16:44:00,35.091576,34.232628,0.85894775,0.8697339381454045,0.5795843799954328,0.0
2024-04-01 16:45:00,35.091576,34.23889,0.852684,0.8640506324289676,0.5795843799954328,0.0
2024-04-01 16:46:00,35.091576,34.243896,0.84767914,0.8585934676805098,0.5793560173555606,0.0
2024-04-01 16:47:00,35.091576,34.247734,0.84384155,0.8536761626984649,0.5793560173555606,0.0
2024-04-01 16:48:00,35.091576,34.250557,0.8410187,0.8494570007182476,0.5791276547156885,0.0
2024-04-01 16:49:00,35.091576,34.25253,0.8390465,0.8459868265693266,0.5791276547156885,0.0
2024-04-01 16:50:00,35.091576,34.25381,0.83776474,0.8432461310429625,0.5786709294359442,0.0
2024-04-01 16:51:00,35.091576,34.254528,0.8370476,0.841179946330074,0.5782142041562001,0.0
2024-04-01 16:52:00,35.091576,34.25476,0.8368149,0.8397249243437473,0.5782142041562001,0.0
2024-04-01 16:53:00,35.091576,34.25454,0.83703613,0.8388286604999984,0.5779858415163279,0.0
2024-04-01 16:54:00,35.091576,34.25397,0.8376045,0.8384206145683584,0.5777574788764558,0.0
2024-04-01 16:55:00,35.091576,34.25372,0.8378563,0.8382325072871087,0.5777574788764558,0.0
2024-04-01 16:56:00,35.091576,34.255554,0.8360214,0.8374954793046872,0.5777574788764558,0.0
2024-04-01 16:57:00,35.091576,34.207005,0.8845711,0.8531873446829426,0.5793560173555606,0.0
2024-04-01 16:58:00,35.091576,34.207005,0.8845711,0.8636485882684461,0.5795843799954328,0.0
2024-04-01 16:59:00,35.091576,34.207005,0.8845711,0.8706227506587819,0.5795843799954328,0.0
2024-04-01 17:00:00,35.091576,34.207005,0.8845711,0.8752721922523391,0.5795843799954328,0.0
2024-04-01 17:01:00,35.091576,34.207005,0.8845711,0.8783718199813771,0.5795843799954328,0.0
2024-04-01 17:02:00,35.091576,34.207005,0.8845711,0.8804382384674025,0.5795843799954328,0.0
2024-04-01 17:03:00,35.091576,34.207005,0.8845711,0.8818158507914194,0.5798127426353049,0.0
2024-04-01 17:04:00,35.091576,34.207005,0.8845711,0.8827342590074307,0.5798127426353049,0.0
2024-04-01 17:05:00,35.091576,34.207005,0.8845711,0.8833465311514382,0.5800411052751769,0.0
2024-04-01 17:06:00,35.091576,34.207005,0.8845711,0.8837547125807766,0.5800411052751769,0.0
2024-04-01 17:07:00,35.091576,34.207005,0.8845711,0.8840268335336688,0.5800411052751769,0.0
2024-04-01 17:08:00,35.091576,34.207005,0.8845711,0.8842082475022637,0.5800411052751769,0.0
2024-04-01 17:09:00,35.091576,34.207005,0.8845711,0.8843291901479936,0.5800411052751769,0.0
2024-04-01 17:10:00,35.091576,34.207005,0.8845711,0.8844098185784802,0.5800411052751769,0.0
2024-04-01 17:11:00,35.091576,34.207005,0.8845711,0.8844635708654712,0.5800411052751769,0.0
2024-04-01 17:12:00,35.091576,34.207005,0.8845711,0.8844994057234653,0.5800411052751769,0.0
2024-04-01 17:13:00,35.091576,34.207005,0.8845711,0.8845232956287946,0.5800411052751769,0.0
2024-04-01 17:14:00,35.091576,34.207005,0.8845711,0.8845392222323475,0.5800411052751769,0.0
2024-04-01 17:15:00,35.091576,34.207005,0.8845711,0.8845498399680495,0.5800411052751769,0.0
2024-04-01 17:16:00,35.091576,34.207005,0.8845711,0.8845569184585175,0.5800411052751769,0.0
2024-04-01 17:17:00,35.091576,34.207005,0.8845711,0.8845616374521628,0.5800411052751769,0.0
2024-04-01 17:18:00,35.091576,34.207005,0.8845711,0.8845647834479263,0.5800411052751769,0.0
2024-04-01 17:19:00,35.091576,34.207005,0.8845711,0.8845668807784354,0.5800411052751769,0.0
2024-04-01 17:20:00,35.091576,34.207005,0.8845711,0.8845682789987747,0.5800411052751769,0.0
2024-04-01 17:21:00,35.091576,34.207005,0.8845711,0.8845692111456676,0.5800411052751769,0.0
2024-04-01 17:22:00,35.091576,34.207005,0.8845711,0.8845698325769294,0.5800411052751769,0.0
2024-04-01 17:23:00,35.091576,34.207005,0.8845711,0.8845702468644374,0.5800411052751769,0.0
2024-04-01 17:24:00,35.091576,34.207005,0.8845711,0.8845705230561094,0.5800411052751769,0.0
2024-04-01 17:25:00,35.091576,34.207005,0.8845711,0.8845707071838907,0.5800411052751769,0.0
2024-04-01 17:26:00,35.091576,34.207005,0.8845711,0.884570829935745,0.5800411052751769,0.0
2024-04-01 17:27:00,35.091576,34.207005,0.8845711,0.8845709117703144,0.5800411052751769,0.0
2024-04-01 17:28:00,35.091576,34.207005,0.8845711,0.8845709663266941,0.5800411052751769,0.0
2024-04-01 17:29:00,35.091576,34.207005,0.8845711,0.8845710026976138,0.5800411052751769,0.0
2024-04-01 17:30:00,35.091576,34.207005,0.8845711,0.8845710269448936,0.5800411052751769,0.0
2024-04-01 17:31:00,35.091576,34.207005,0.8845711,0.8845710431097469,0.5800411052751769,0.0
2024-04-01 17:32:00,35.091576,34.207005,0.8845711,0.8845710538863157,0.5800411052751769,0.0
2024-04-01 17:33:00,35.091576,34.207005,0.8845711,0.8845710610706949,0.5800411052751769,0.0
2024-04-01 17:34:00,35.091576,34.207005,0.8845711,0.8845710658602811,0.5800411052751769,0.0
2024-04-01 17:35:00,35.091576,34.207005,0.8845711,0.8845710690533385,0.5800411052751769,0.0
2024-04-01 17:36:00,35.091576,34.207005,0.8845711,0.8845710711820435,0.5800411052751769,0.0
2024-04-01 17:37:00,56.489998,34.207005,22.282993,8.017378486338158,0.8682347567937886,0.0
2024-04-01 17:38:00,56.57,34.207005,22.362995,12.7992507067938,0.9454213290705641,0.0
2024-04-01 17:39:00,35.091576,34.207005,0.8845711,8.827690829675685,0.8842201415848367,0.0
2024-04-01 17:40:00,56.47,34.207005,22.262997,13.306126110978452,0.9518154829869834,0.0
2024-04-01 17:41:00,56.48,34.207005,22.272995,16.295082405691367,0.9762502854532998,0.0
2024-04-01 17:42:00,56.46,34.207005,22.252995,18.281053116245417,0.9840146152089518,0.0
2024-04-01 17:43:00,56.345,35.555344,20.789658,19.117254608421426,0.98812514272665,0.0
2024-04-01 17:44:00,56.35,37.431927,18.918072,19.05086032122301,0.9878967800867778,0.0
2024-04-01 17:45:00,56.274998,38.640408,17.63459,18.578770263790602,0.9849280657684403,0.0
2024-04-01 17:46:00,56.165,40.016106,16.148895,17.768811930417694,0.9817309888102307,0.0
2024-04-01 17:47:00,56.055,41.713825,14.341175,16.6262663133937,0.9778488239324047,0.0
2024-04-01 17:48:00,55.934998,43.325386,12.6096115,15.28738137933929,0.9684859556976478,0.0
2024-04-01 17:49:00,55.79,44.7573,11.0327,13.869154114546507,0.9563827357844257,0.0
2024-04-01 17:50:00,35.091576,45.993374,10.901798,12.880035492461344,0.9463347796300525,0.0
2024-04-01 17:51:00,55.53,47.03816,8.49184,11.417303782490507,0.9282941310801552,0.0
2024-04-01 17:52:00,55.36,47.906773,7.453228,10.095945187269063,0.9061429550125599,0.0
2024-04-01 17:53:00,35.091576,48.61744,13.525864,11.239251340666355,0.925782142041562,0.0
2024-04-01 17:54:00,55.065002,49.191963,5.8730392,9.45051397564606,0.8951815482986983,0.0
2024-04-01 17:55:00,35.091576,49.65058,14.559006,11.153344562865604,0.9253254167618178,0.0
2024-04-01 17:56:00,54.684998,49.473442,5.2115555,9.172748202229414,0.8922128339803608,0.0
2024-04-01 17:57:00,54.545,49.198982,5.346016,7.897170778211537,0.8666362183146837,0.0
2024-04-01 17:58:00,54.35,49.20112,5.14888,6.981073853768629,0.8408312400091345,0.0
2024-04-01 17:59:00,35.091576,48.582684,13.491108,9.151085216070364,0.8922128339803608,0.0
2024-04-01 18:00:00,35.091576,48.17444,13.082863,10.461677762048211,0.9125371089289792,0.0
2024-04-01 18:01:00,35.091576,47.33382,12.242245,11.05520008151847,0.9232701530029687,0.0
2024-04-01 18:02:00,53.809998,46.86214,6.947857,9.68608568870437,0.8992920758163965,0.0
2024-04-01 18:03:00,53.65,47.300026,6.3499756,8.574048987782081,0.8801096140671386,0.0
2024-04-01 18:04:00,35.091576,47.373463,12.281887,9.809995010002506,0.9013473395752455,0.0
2024-04-01 18:05:00,35.091576,46.75209,11.660515,10.426834950515994,0.9120803836492349,0.0
2024-04-01 18:06:00,53.269997,45.189533,8.080463,9.644711103485273,0.8986069878967801,0.0
2024-04-01 18:07:00,35.091576,43.26292,8.171345,9.153588988016875,0.8922128339803608,0.0
2024-04-01 18:08:00,35.091576,42.665657,7.5740814,8.627086465644062,0.8807947019867549,0.0
2024-04-01 18:09:00,52.86,43.18425,9.675751,8.976641221236667,0.8885590317424069,0.0
2024-04-01 18:10:00,35.091576,43.199234,8.107658,8.686980276234602,0.881023064626627,0.0
2024-04-01 18:11:00,35.091576,42.200275,7.1087,8.160886783684397,0.8707467458323819,0.0
2024-04-01 18:12:00,52.559998,42.06156,10.498436,8.940069847163297,0.8869604932633022,0.0
2024-04-01 18:13:00,52.465,41.666172,10.798828,9.559655939775531,0.8967800867778032,0.0
2024-04-01 18:14:00,35.091576,40.6438,5.552223,8.22384502837249,0.8716601963918703,0.0
2024-04-01 18:15:00,35.091576,40.652924,5.561348,7.336346006056922,0.851564284083124,0.0
2024-04-01 18:16:00,52.44,40.4241,12.0159,8.896197223438989,0.8860470427038136,0.0
2024-04-01 18:17:00,52.44,39.626774,12.813225,10.20187307978615,0.9084265814112811,0.0
2024-04-01 18:18:00,52.44,39.821125,12.618874,11.007539918587902,0.9225850650833524,0.0
2024-04-01 18:19:00,52.44,40.565422,11.874577,11.296552135259773,0.925782142041562,0.0
2024-04-01 18:20:00,35.091576,40.844284,5.7527084,9.448604235192715,0.8949531856588262,0.0
2024-04-01 18:21:00,35.091576,40.20972,5.118145,8.0051178197997,0.8680063941539164,0.0
2024-04-01 18:22:00,35.091576,40.301235,5.2096596,7.073298405338472,0.8433432290477277,0.0
2024-04-01 18:23:00,35.091576,40.999485,5.9079094,6.684835401329164,0.8307832838547614,0.0
2024-04-01 18:24:00,35.091576,41.973427,6.881851,6.750507332982464,0.8326101849737383,0.0
2024-04-01 18:25:00,51.32,43.00825,8.3117485,7.270921056867866,0.849509020324275,0.0
2024-04-01 18:26:00,51.305,43.372086,7.9329147,7.4915856158741505,0.8552180863210779,0.0
2024-04-01 18:27:00,51.26,42.525303,8.734695,7.905955555439538,0.8668645809545559,0.0
2024-04-01 18:28:00,51.21,41.128685,10.081314,8.631075065931046,0.8807947019867549,0.0
2024-04-01 18:29:00,51.16,39.596405,11.563595,9.608581649992443,0.8979218999771638,0.0
2024-04-01 18:30:00,51.1,38.18407,12.915928,10.71103039564926,0.9187029002055264,0.0
2024-04-01 18:31:00,51.085,38.111355,12.973644,11.46523501596344,0.9294359442795159,0.0
2024-04-01 18:32:00,51.04,38.860123,12.179878,11.703449422263388,0.9319479333181092,0.0
2024-04-01 18:33:00,51.004997,40.002754,11.002243,11.469713962172989,0.9294359442795159,0.0
2024-04-01 18:34:00,50.979996,41.1922,9.787796,10.909074648284598,0.9212148892441197,0.0
2024-04-01 18:35:00,50.915,42.314163,8.600838,10.139662334696244,0.9072847682119205,0.0
2024-04-01 18:36:00,50.879997,43.364967,7.51503,9.264784858873018,0.8935830098195935,0.0
2024-04-01 18:37:00,50.879997,44.304844,6.5751534,8.368241022858705,0.8755423612696963,0.0
2024-04-01 18:38:00,50.85,45.137062,5.7129364,7.4831394823615325,0.8547613610413336,0.0
2024-04-01 18:39:00,35.091576,45.87007,10.778496,8.581591584432427,0.8803379767070107,0.0
2024-04-01 18:40:00,50.85,46.482788,4.3672104,7.176797852349484,0.8469970312856817,0.0
2024-04-01 18:41:00,50.85,47.003937,3.8460617,6.0665524704139795,0.8118291847453757,0.0
2024-04-01 18:42:00,35.091576,47.4301,12.338524,8.157209601858018,0.8707467458323819,0.0
2024-04-01 18:43:00,50.85,47.782104,3.067894,6.460771061883211,0.8227905914592373,0.0
2024-04-01 18:44:00,35.091576,48.06504,12.973465,8.631669029862245,0.8807947019867549,0.0
2024-04-01 18:45:00,50.85,48.009365,2.8406334,6.701323817352825,0.8307832838547614,0.0
2024-04-01 18:46:00,50.85,47.732353,3.1176453,5.506764299459175,0.7947019867549668,0.0
2024-04-01 18:47:00,50.85,47.60028,3.2497177,4.754415437106898,0.767526832610185,0.0
2024-04-01 18:48:00,35.091576,47.1129,12.021324,7.176718343976214,0.8469970312856817,0.0
2024-04-01 18:49:00,35.091576,46.71017,11.618595,8.657343937081148,0.881023064626627,0.0
2024-04-01 18:50:00,35.091576,45.993057,10.901482,9.405389834193421,0.8949531856588262,0.0
2024-04-01 18:51:00,50.85,45.551743,5.298256,8.036345196265668,0.8684631194336606,0.0
2024-04-01 18:52:00,35.091576,45.636837,10.545261,8.872650591862659,0.8853619547841973,0.0
2024-04-01 18:53:00,50.85,45.983448,4.8665504,7.5372838764273205,0.8565882621603106,0.0
2024-04-01 18:54:00,35.091576,45.8921,10.800526,8.625031139379281,0.8807947019867549,0.0
2024-04-01 18:55:00,50.85,44.750168,6.0998306,7.78329763539999,0.8638958666362183,0.0
2024-04-01 18:56:00,35.091576,43.152733,8.061157,7.875917499120828,0.8664078556748116,0.0
2024-04-01 18:57:00,50.85,42.56569,8.284309,8.012048128482895,0.8682347567937886,0.0
2024-04-01 18:58:00,35.091576,42.01523,6.9236526,7.649249635297191,0.861383877597625,0.0
2024-04-01 18:59:00,35.091576,41.913246,6.8216705,7.373389934273648,0.851564284083124,0.0
2024-04-01 19:00:00,35.091576,41.68633,6.5947533,7.1138443779760525,0.8442566796072163,0.0
2024-04-01 19:01:00,35.091576,41.74646,6.6548843,6.960857698110338,0.8403745147293903,0.0
2024-04-01 19:02:00,35.091576,41.546577,6.455002,6.792239075758456,0.8344370860927153,0.0
2024-04-01 19:03:00,35.091576,41.61092,6.5193443,6.701274160450299,0.8307832838547614,0.0
2024-04-01 19:04:00,35.091576,41.412132,6.3205566,6.574368320508533,0.8275862068965517,0.0
2024-04-01 19:05:00,35.091576,40.479122,5.3875465,6.178761060107903,0.8159397122630737,0.0
2024-04-01 19:06:00,35.091576,39.303463,4.2118874,5.523136493278316,0.794930349394839,0.0
2024-04-01 19:07:00,35.091576,38.117115,3.0255394,4.690604128249998,0.7638730303722311,0.0
2024-04-01 19:08:00,35.091576,37.07205,1.9804726,3.787226940399087,0.7252797442338433,0.0
2024-04-01 19:09:00,35.091576,36.219925,1.1283493,2.900934394999131,0.6722996117835122,0.0
2024-04-01 19:10:00,35.091576,35.556507,0.4649315,2.0889334260117907,0.6266270838090888,0.0
2024-04-01 19:11:00,35.091576,35.039696,0.051879883,1.4099155782786938,0.5957981274263531,0.0
2024-04-01 19:12:00,35.091576,34.66379,0.42778397,1.0825383742072803,0.5839232701530029,0.0
2024-04-01 19:13:00,35.091576,34.399097,0.6924782,0.9525183094487337,0.5807261931947933,0.0
2024-04-01 19:14:00,35.091576,34.221256,0.87031937,0.9251186617841819,0.5804978305549212,0.0
2024-04-01 19:15:00,35.091576,34.11072,0.98085403,0.9436971193307306,0.5807261931947933,0.0
2024-04-01 19:16:00,35.091576,34.05172,1.039856,0.9757500652309038,0.5814112811144097,0.0
2024-04-01 19:17:00,35.091576,34.031296,1.0602798,1.0039266588844047,0.5823247316738982,0.0
2024-04-01 19:18:00,35.091576,34.03868,1.0528946,1.020249303351322,0.5823247316738982,0.0
2024-04-01 19:19:00,35.091576,34.06488,1.0266953,1.022397952722496,0.5823247316738982,0.0
2024-04-01 19:20:00,35.091576,34.10247,0.9891052,1.011300376684789,0.5823247316738982,0.0
2024-04-01 19:21:00,35.091576,34.14554,0.9460373,0.989546015283349,0.5818680063941539,0.0
2024-04-01 19:22:00,49.824997,34.189518,15.635479,5.871523667985123,0.8063484813884448,0.0
2024-04-01 19:23:00,49.879997,34.231064,15.648933,9.130660248871592,0.8917561087006166,0.0
2024-04-01 19:24:00,35.091576,34.26755,0.8240242,6.36178156606088,0.8207353277003883,0.0
2024-04-01 19:25:00,49.839996,34.297543,15.542454,9.422005632663634,0.8949531856588262,0.0
2024-04-01 19:26:00,49.78,34.322388,15.457611,11.433874116437213,0.9287508563598995,0.0
2024-04-01 19:27:00,49.78,34.340195,15.439804,12.769184103340955,0.9449646037908198,0.0
2024-04-01 19:28:00,49.78,35.21846,14.561539,13.366635634323657,0.9518154829869834,0.0
2024-04-01 19:29:00,49.735,36.58883,13.146172,13.293147612823846,0.9518154829869834,0.0
2024-04-01 19:30:00,49.68,37.563343,12.116657,12.900984160909257,0.9465631422699247,0.0
2024-04-01 19:31:00,49.645,38.84165,10.803352,12.201773559258516,0.9381137245946564,0.0
2024-04-01 19:32:00,49.605,39.76759,9.83741,11.41365236388719,0.9282941310801552,0.0
2024-04-01 19:33:00,49.54,40.747253,8.7927475,10.540017408444324,0.9152774606074446,0.0
2024-04-01 19:34:00,49.510002,41.704063,7.8059387,9.628657845863925,0.8986069878967801,0.0
2024-04-01 19:35:00,49.489998,42.61546,6.8745384,8.710618037786237,0.8814797899063713,0.0
2024-04-01 19:36:00,35.091576,43.48986,8.398285,8.60650699589395,0.8807947019867549,0.0
2024-04-01 19:37:00,35.091576,44.30041,9.208836,8.807283197864848,0.8839917789449646,0.0
2024-04-01 19:38:00,49.37,45.029118,4.3408813,7.31848258112865,0.8513359214432519,0.0
2024-04-01 19:39:00,49.34,45.662178,3.677822,6.104929091764803,0.8131993605846084,0.0
2024-04-01 19:40:00,49.329998,46.205044,3.1249542,5.111604135720807,0.7814569536423841,0.0
2024-04-01 19:41:00,35.091576,46.654068,11.562492,7.261900214015695,0.8492806576844029,0.0
2024-04-01 19:42:00,49.29,46.723717,2.5662842,5.69669486923963,0.7997259648321534,0.0
2024-04-01 19:43:00,49.27,45.501686,3.7683144,5.053901366683842,0.7784882393240465,0.0
2024-04-01 19:44:00,49.254997,44.866936,4.3880615,4.831954752268395,0.7707239095683946,0.0
2024-04-01 19:45:00,49.16,44.754673,4.405327,4.689745449266169,0.7638730303722311,0.0
2024-04-01 19:46:00,49.15,44.974422,4.175579,4.518356656525754,0.7563370632564512,0.0
2024-04-01 19:47:00,35.091576,44.83308,9.741505,6.25940599408032,0.8189084265814113,0.0
2024-04-01 19:48:00,35.091576,44.71944,9.627865,7.382225608602376,0.8517926467229961,0.0
2024-04-01 19:49:00,35.091576,44.91569,9.824116,8.196188990126194,0.8716601963918703,0.0
2024-04-01 19:50:00,49.019997,45.262997,3.757,6.71645931657827,0.8310116464946334,0.0
2024-04-01 19:51:00,49.019997,45.68373,3.3362656,5.589728065707128,0.7958437999543275,0.0
2024-04-01 19:52:00,35.091576,46.114223,11.022648,7.400701329693424,0.8522493720027403,0.0
2024-04-01 19:53:00,35.091576,46.117077,11.025501,8.608967970202517,0.8807947019867549,0.0
2024-04-01 19:54:00,35.091576,44.99343,9.901855,9.039930469718346,0.8903859328613839,0.0
2024-04-01 19:55:00,35.091576,43.339222,8.247646,8.775835757074601,0.8826216031057319,0.0
2024-04-01 19:56:00,35.091576,42.62145,7.529873,8.360514802812105,0.8755423612696963,0.0
2024-04-01 19:57:00,35.091576,42.75564,7.6640625,8.12836403520807,0.8696049326330212,0.0
2024-04-01 19:58:00,35.091576,42.666046,7.5744705,7.943732863478558,0.8670929435944279,0.0
2024-04-01 19:59:00,35.091576,41.72854,6.636963,7.5081428725273724,0.8556748116008221,0.0
2024-04-01 20:00:00,35.091576,40.409878,5.318302,6.7781959665319205,0.8337519981730989,0.0
2024-04-01 20:01:00,35.091576,39.029984,3.938408,5.83159994367102,0.8052066681890843,0.0
2024-04-01 20:02:00,35.091576,37.783897,2.6923218,4.785173888228598,0.7688970084494177,0.0
2024-04-01 20:03:00,35.091576,36.751278,1.6597023,3.743350025827529,0.7223110299155058,0.0
2024-04-01 20:04:00,35.091576,35.938942,0.84736633,2.778022128220957,0.6656770952272208,0.0
2024-04-01 20:05:00,35.091576,35.320393,0.22881699,1.9282870808419663,0.6195478419730532,0.0
2024-04-01 20:06:00,35.091576,34.86035,0.23122406,1.362599407247509,0.5941995889472482,0.0
2024-04-01 20:07:00,35.091576,34.525047,0.5665283,1.0972423782691727,0.5843799954327472,0.0
2024-04-01 20:08:00,35.091576,34.278416,0.81315994,1.0025482330550997,0.5823247316738982,0.0
2024-04-01 20:09:00,35.091576,34.117645,0.97393036,0.9930089416656394,0.5818680063941539,0.0
2024-04-01 20:10:00,35.091576,34.026245,1.0653305,1.0171161295674576,0.5823247316738982,0.0
2024-04-01 20:11:00,35.091576,33.985016,1.1065598,1.0469306708509614,0.5832381822333866,0.0
2024-04-01 20:12:00,35.091576,33.97859,1.1129875,1.0689496200041566,0.5836949075131308,0.0
2024-04-01 20:13:00,35.091576,33.999172,1.0924034,1.076767550624516,0.5836949075131308,0.0
2024-04-01 20:14:00,35.091576,34.037556,1.0540199,1.069185009742516,0.5836949075131308,0.0
2024-04-01 20:15:00,35.091576,34.085697,1.0058784,1.0480828226571202,0.5832381822333866,0.0
2024-04-01 20:16:00,35.091576,34.137127,0.9544487,1.0168714484218042,0.5823247316738982,0.0
2024-04-01 20:17:00,35.091576,34.187267,0.9043083,0.9793504053118018,0.5814112811144097,0.0
2024-04-01 20:18:00,35.091576,34.233006,0.8585701,0.9390903031668524,0.5807261931947933,0.0
2024-04-01 20:19:00,35.091576,34.272446,0.81912994,0.8991035167271204,0.5802694679150491,0.0
2024-04-01 20:20:00,35.091576,34.304405,0.7871704,0.861792481203497,0.5795843799954328,0.0
2024-04-01 20:21:00,35.091576,34.32781,0.76376724,0.8291174016128783,0.5773007535967116,0.0
2024-04-01 20:22:00,35.091576,34.345314,0.7462616,0.8014987999684815,0.5741036766385019,0.0
2024-04-01 20:23:00,35.091576,34.35745,0.73412704,0.7790415482048992,0.5702215117606759,0.0
2024-04-01 20:24:00,35.091576,34.363358,0.7282181,0.76210039167436,0.5633706325645125,0.0
2024-04-01 20:25:00,35.091576,34.36446,0.72711563,0.750438804817412,0.5537794016898835,0.0
2024-04-01 20:26:00,35.091576,34.361435,0.7301407,0.7436727652233268,0.49029458780543506,0.0
2024-04-01 20:27:00,35.091576,34.35991,0.73166656,0.7396706984626866,0.4640328842201416,0.0
2024-04-01 20:28:00,35.091576,34.35398,0.7375946,0.7389786671391869,0.46243434574103676,0.0
2024-04-01 20:29:00,35.091576,34.34804,0.7435341,0.7404971408043799,0.46471797213975796,0.0
2024-04-01 20:30:00,35.091576,34.342735,0.74884033,0.7432782045466699,0.48390043388901577,0.0
2024-04-01 20:31:00,35.091576,34.337845,0.7537308,0.746762394339707,0.5407627312171729,0.0
2024-04-01 20:32:00,35.091576,34.33216,0.7594147,0.7509798205103255,0.5540077643297556,0.0
2024-04-01 20:33:00,35.091576,34.329933,0.76164246,0.7545340323584462,0.5592601050468143,0.0
2024-04-01 20:34:00,35.091576,34.328815,0.76276016,0.7572760756901361,0.5608586435259192,0.0
2024-04-01 20:35:00,35.091576,34.32852,0.7630539,0.7592020151410803,0.5617720940854076,0.0
2024-04-01 20:36:00,35.091576,34.31548,0.77609634,0.7648334580921006,0.5647408084037452,0.0
2024-04-01 20:37:00,35.091576,34.207005,0.8845711,0.8047459972078849,0.5745604019182462,0.0
2024-04-01 20:38:00,35.091576,34.207005,0.8845711,0.8313543566184077,0.5773007535967116,0.0
2024-04-01 20:39:00,35.091576,34.207005,0.8845711,0.8490932628920896,0.5791276547156885,0.0
2024-04-01 20:40:00,35.091576,34.207005,0.8845711,0.8609192004078775,0.5795843799954328,0.0
2024-04-01 20:41:00,35.091576,34.207005,0.8845711,0.8688031587517361,0.5795843799954328,0.0
2024-04-01 20:42:00,35.091576,34.207005,0.8845711,0.8740591309809752,0.5795843799954328,0.0
2024-04-01 20:43:00,35.091576,34.207005,0.8845711,0.8775631124671346,0.5795843799954328,0.0
2024-04-01 20:44:00,35.091576,34.207005,0.8845711,0.8798991001245742,0.5795843799954328,0.0
2024-04-01 20:45:00,35.091576,34.207005,0.8845711,0.8814564252295339,0.5795843799954328,0.0
2024-04-01 20:46:00,35.091576,34.207005,0.8845711,0.8824946419661738,0.5798127426353049,0.0
2024-04-01 20:47:00,35.091576,34.207005,0.8845711,0.883186786457267,0.5798127426353049,0.0
2024-04-01 20:48:00,35.091576,34.207005,0.8845711,0.8836482161179958,0.5800411052751769,0.0
2024-04-01 20:49:00,35.091576,34.207005,0.8845711,0.883955835891815,0.5800411052751769,0.0
2024-04-01 20:50:00,35.091576,34.207005,0.8845711,0.8841609157410278,0.5800411052751769,0.0
2024-04-01 20:51:00,35.091576,34.207005,0.8845711,0.884297635640503,0.5800411052751769,0.0
2024-04-01 20:52:00,35.091576,34.207005,0.8845711,0.8843887822401532,0.5800411052751769,0.0
2024-04-01 20:53:00,35.091576,34.207005,0.8845711,0.8844495466399199,0.5800411052751769,0.0
2024-04-01 20:54:00,35.091576,34.207005,0.8845711,0.8844900562397644,0.5800411052751769,0.0
2024-04-01 20:55:00,35.091576,34.207005,0.8845711,0.8845170626396607,0.5800411052751769,0.0
2024-04-01 20:56:00,35.091576,34.207005,0.8845711,0.8845350669062583,0.5800411052751769,0.0
2024-04-01 20:57:00,35.091576,34.207005,0.8845711,0.8845470697506567,0.5800411052751769,0.0
2024-04-01 20:58:00,35.091576,34.207005,0.8845711,0.8845550716469223,0.5800411052751769,0.0
2024-04-01 20:59:00,35.091576,34.207005,0.8845711,0.8845604062444327,0.5800411052751769,0.0
2024-04-01 21:00:00,35.091576,34.207005,0.8845711,0.8845639626427729,0.5800411052751769,0.0
2024-04-01 21:01:00,35.091576,34.207005,0.8845711,0.8845663335749997,0.5800411052751769,0.0
2024-04-01 21:02:00,35.091576,34.207005,0.8845711,0.8845679141964843,0.5800411052751769,0.0
2024-04-01 21:03:00,35.091576,34.207005,0.8845711,0.8845689679441406,0.5800411052751769,0.0
2024-04-01 21:04:00,35.091576,34.207005,0.8845711,0.8845696704425782,0.5800411052751769,0.0
2024-04-01 21:05:00,35.091576,34.207005,0.8845711,0.8845701387748699,0.5800411052751769,0.0
2024-04-01 21:06:00,35.091576,34.207005,0.8845711,0.8845704509963978,0.5800411052751769,0.0
2024-04-01 21:07:00,35.091576,34.207005,0.8845711,0.884570659144083,0.5800411052751769,0.0
2024-04-01 21:08:00,35.091576,34.207005,0.8845711,0.8845707979092065,0.5800411052751769,0.0
2024-04-01 21:09:00,35.091576,34.207005,0.8845711,0.8845708904192887,0.5800411052751769,0.0
2024-04-01 21:10:00,35.091576,34.207005,0.8845711,0.8845709520926769,0.5800411052751769,0.0
2024-04-01 21:11:00,35.091576,34.207005,0.8845711,0.884570993208269,0.5800411052751769,0.0
2024-04-01 21:12:00,35.091576,34.207005,0.8845711,0.8845710206186638,0.5800411052751769,0.0
2024-04-01 21:13:00,35.091576,34.207005,0.8845711,0.8845710388922603,0.5800411052751769,0.0
2024-04-01 21:14:00,35.091576,34.207005,0.8845711,0.8845710510746579,0.5800411052751769,0.0
2024-04-01 21:15:00,35.091576,34.207005,0.8845711,0.8845710591962564,0.5800411052751769,0.0
2024-04-01 21:16:00,35.091576,34.207005,0.8845711,0.8845710646106554,0.5800411052751769,0.0
2024-04-01 21:17:00,35.091576,34.207005,0.8845711,0.8845710682202547,0.5800411052751769,0.0
2024-04-01 21:18:00,35.091576,34.207005,0.8845711,0.8845710706266542,0.5800411052751769,0.0
2024-04-01 21:19:00,35.091576,34.207005,0.8845711,0.8845710722309206,0.5800411052751769,0.0
2024-04-01 21:20:00,35.091576,34.207005,0.8845711,0.8845710733004315,0.5800411052751769,0.0
2024-04-01 21:21:00,35.091576,34.207005,0.8845711,0.8845710740134388,0.5800411052751769,0.0
2024-04-01 21:22:00,35.091576,34.207005,0.8845711,0.884571074488777,0.5800411052751769,0.0
2024-04-01 21:23:00,35.091576,34.207005,0.8845711,0.8845710748056691,0.5800411052751769,0.0
2024-04-01 21:24:00,35.091576,34.207005,0.8845711,0.8845710750169306,0.5800411052751769,0.0
2024-04-01 21:25:00,35.091576,34.207005,0.8845711,0.8845710751577714,0.5800411052751769,0.0
2024-04-01 21:26:00,35.091576,34.207005,0.8845711,0.8845710752516655,0.5800411052751769,0.0
2024-04-01 21:27:00,35.091576,34.207005,0.8845711,0.8845710753142614,0.5800411052751769,0.0
2024-04-01 21:28:00,35.091576,34.207005,0.8845711,0.884571075355992,0.5800411052751769,0.0
2024-04-01 21:29:00,35.091576,34.207005,0.8845711,0.8845710753838124,0.5800411052751769,0.0
2024-04-01 21:30:00,35.091576,34.207005,0.8845711,0.8845710754023594,0.5800411052751769,0.0
2024-04-01 21:31:00,35.091576,34.207005,0.8845711,0.884571075414724,0.5800411052751769,0.0
2024-04-01 21:32:00,35.091576,34.207005,0.8845711,0.8845710754229671,0.5800411052751769,0.0
2024-04-01 21:33:00,35.091576,34.207005,0.8845711,0.8845710754284625,0.5800411052751769,0.0
2024-04-01 21:34:00,35.091576,34.207005,0.8845711,0.8845710754321261,0.5800411052751769,0.0
2024-04-01 21:35:00,35.091576,34.207005,0.8845711,0.8845710754345685,0.5800411052751769,0.0
2024-04-01 21:36:00,35.091576,34.207005,0.8845711,0.8845710754361967,0.5800411052751769,0.0
2024-04-01 21:37:00,35.091576,34.207005,0.8845711,0.8845710754372823,0.5800411052751769,0.0
2024-04-01 21:38:00,35.091576,34.207005,0.8845711,0.884571075438006,0.5800411052751769,0.0
2024-04-01 21:39:00,35.091576,34.207005,0.8845711,0.8845710754384885,0.5800411052751769,0.0
2024-04-01 21:40:00,35.091576,34.207005,0.8845711,0.8845710754388101,0.5800411052751769,0.0
2024-04-01 21:41:00,35.091576,34.207005,0.8845711,0.8845710754390245,0.5800411052751769,0.0
2024-04-01 21:42:00,35.091576,34.207005,0.8845711,0.8845710754391675,0.5800411052751769,0.0
2024-04-01 21:43:00,35.091576,34.207005,0.8845711,0.8845710754392627,0.5800411052751769,0.0
2024-04-01 21:44:00,35.091576,34.207005,0.8845711,0.8845710754393262,0.5800411052751769,0.0
2024-04-01 21:45:00,35.091576,34.207005,0.8845711,0.8845710754393686,0.5800411052751769,0.0
2024-04-01 21:46:00,35.091576,34.207005,0.8845711,0.8845710754393968,0.5800411052751769,0.0
2024-04-01 21:47:00,35.091576,34.207005,0.8845711,0.8845710754394157,0.5800411052751769,0.0
2024-04-01 21:48:00,35.091576,34.207005,0.8845711,0.8845710754394283,0.5800411052751769,0.0
2024-04-01 21:49:00,35.091576,34.207005,0.8845711,0.8845710754394366,0.5800411052751769,0.0
2024-04-01 21:50:00,35.091576,34.207005,0.8845711,0.8845710754394421,0.5800411052751769,0.0
2024-04-01 21:51:00,35.091576,34.207005,0.8845711,0.8845710754394459,0.5800411052751769,0.0
2024-04-01 21:52:00,35.091576,34.207005,0.8845711,0.8845710754394484,0.5800411052751769,0.0
2024-04-01 21:53:00,35.091576,34.207005,0.8845711,0.88457107543945,0.5800411052751769,0.0
2024-04-01 21:54:00,35.091576,34.207005,0.8845711,0.8845710754394511,0.5800411052751769,0.0
2024-04-01 21:55:00,35.091576,34.207005,0.8845711,0.8845710754394519,0.5800411052751769,0.0
2024-04-01 21:56:00,35.091576,34.207005,0.8845711,0.8845710754394523,0.5800411052751769,0.0
2024-04-01 21:57:00,35.091576,34.207005,0.8845711,0.8845710754394527,0.5800411052751769,0.0
2024-04-01 21:58:00,35.091576,34.207005,0.8845711,0.8845710754394529,0.5800411052751769,0.0
2024-04-01 21:59:00,35.091576,34.207005,0.8845711,0.884571075439453,0.5800411052751769,0.0
2024-04-01 22:00:00,35.091576,34.207005,0.8845711,0.8845710754394531,0.5800411052751769,0.0
2024-04-01 22:01:00,35.091576,34.207005,0.8845711,0.8845710754394531,0.5800411052751769,0.0
2024-04-01 22:02:00,35.091576,34.207005,0.8845711,0.8845710754394531,0.5800411052751769,0.0
2024-04-01 22:03:00,35.091576,34.207005,0.8845711,0.8845710754394531,0.5800411052751769,0.0
2024-04-01 22:04:00,35.091576,34.207005,0.8845711,0.8845710754394531,0.5800411052751769,0.0
2024-04-01 22:05:00,35.091576,34.207005,0.8845711,0.8845710754394531,0.5800411052751769,0.0
2024-04-01 22:06:00,35.091576,34.207005,0.8845711,0.8845710754394531,0.5800411052751769,0.0
2024-04-01 22:07:00,35.091576,34.207005,0.8845711,0.8845710754394531,0.5800411052751769,0.0
2024-04-01 22:08:00,35.091576,34.207005,0.8845711,0.8845710754394531,0.5800411052751769,0.0
2024-04-01 22:09:00,35.091576,34.207005,0.8845711,0.8845710754394531,0.5800411052751769,0.0
2024-04-01 22:10:00,35.091576,34.207005,0.8845711,0.8845710754394531,0.5800411052751769,0.0
2024-04-01 22:11:00,35.091576,34.207005,0.8845711,0.8845710754394531,0.5800411052751769,0.0
2024-04-01 22:12:00,35.091576,34.207005,0.8845711,0.8845710754394531,0.5800411052751769,0.0
2024-04-01 22:13:00,35.091576,34.207005,0.8845711,0.8845710754394531,0.5800411052751769,0.0
2024-04-01 22:14:00,35.091576,34.207005,0.8845711,0.8845710754394531,0.5800411052751769,0.0
2024-04-01 22:15:00,35.091576,34.207005,0.8845711,0.8845710754394531,0.5800411052751769,0.0
2024-04-01 22:16:00,35.091576,34.207005,0.8845711,0.8845710754394531,0.5800411052751769,0.0
2024-04-01 22:17:00,35.091576,34.207005,0.8845711,0.8845710754394531,0.5800411052751769,0.0
2024-04-01 22:18:00,35.091576,34.207005,0.8845711,0.8845710754394531,0.5800411052751769,0.0
2024-04-01 22:19:00,35.091576,34.207005,0.8845711,0.8845710754394531,0.5800411052751769,0.0
2024-04-01 22:20:00,35.091576,34.207005,0.8845711,0.8845710754394531,0.5800411052751769,0.0
2024-04-01 22:21:00,35.091576,34.207005,0.8845711,0.8845710754394531,0.5800411052751769,0.0
2024-04-01 22:22:00,35.091576,34.207005,0.8845711,0.8845710754394531,0.5800411052751769,0.0
2024-04-01 22:23:00,35.091576,34.207005,0.8845711,0.8845710754394531,0.5800411052751769,0.0
2024-04-01 22:24:00,35.091576,34.207005,0.8845711,0.8845710754394531,0.5800411052751769,0.0
2024-04-01 22:25:00,35.091576,34.207005,0.8845711,0.8845710754394531,0.5800411052751769,0.0
2024-04-01 22:26:00,35.091576,34.207005,0.8845711,0.8845710754394531,0.5800411052751769,0.0
2024-04-01 22:27:00,35.091576,34.207005,0.8845711,0.8845710754394531,0.5800411052751769,0.0
2024-04-01 22:28:00,35.091576,34.207005,0.8845711,0.8845710754394531,0.5800411052751769,0.0
2024-04-01 22:29:00,35.091576,34.207005,0.8845711,0.8845710754394531,0.5800411052751769,0.0
2024-04-01 22:30:00,35.091576,34.207005,0.8845711,0.8845710754394531,0.5800411052751769,0.0
2024-04-01 22:31:00,35.091576,34.207005,0.8845711,0.8845710754394531,0.5800411052751769,0.0
2024-04-01 22:32:00,35.091576,34.207005,0.8845711,0.8845710754394531,0.5800411052751769,0.0
2024-04-01 22:33:00,35.091576,34.207005,0.8845711,0.8845710754394531,0.5800411052751769,0.0
2024-04-01 22:34:00,35.091576,34.207005,0.8845711,0.8845710754394531,0.5800411052751769,0.0
2024-04-01 22:35:00,35.091576,34.207005,0.8845711,0.8845710754394531,0.5800411052751769,0.0
2024-04-01 22:36:00,35.091576,34.207005,0.8845711,0.8845710754394531,0.5800411052751769,0.0
2024-04-01 22:37:00,35.091576,34.207005,0.8845711,0.8845710754394531,0.5800411052751769,0.0
2024-04-01 22:38:00,35.091576,34.207005,0.8845711,0.8845710754394531,0.5800411052751769,0.0
2024-04-01 22:39:00,35.091576,34.207005,0.8845711,0.8845710754394531,0.5800411052751769,0.0
2024-04-01 22:40:00,35.091576,34.207005,0.8845711,0.8845710754394531,0.5800411052751769,0.0
2024-04-01 22:41:00,46.07,34.207005,11.862995,4.544045766194661,0.7572505138159397,0.0
2024-04-01 22:42:00,46.079998,34.207005,11.872993,6.987028333875868,0.8408312400091345,0.0
2024-04-01 22:43:00,46.03,34.207005,11.822994,8.599016966643157,0.8803379767070107,0.0
2024-04-01 22:44:00,46.03,34.207005,11.822994,9.673676055154683,0.8992920758163965,0.0
2024-04-01 22:45:00,46.0,34.207005,11.792995,10.380115854396742,0.9113952957296186,0.0
2024-04-01 22:46:00,45.995,34.207005,11.787994,10.849408697853036,0.9207581639643754,0.0
2024-04-01 22:47:00,46.0,34.72949,11.270512,10.98977634096778,0.9223567024434802,0.0
2024-04-01 22:48:00,45.92,35.661625,10.258373,10.745975314144536,0.9189312628453985,0.0
2024-04-01 22:49:00,35.091576,36.93785,1.8462753,7.779408652626306,0.8638958666362183,0.0
2024-04-01 22:50:00,35.091576,38.17142,3.0798454,6.2128875779064705,0.8175382507421786,0.0
2024-04-01 22:51:00,35.091576,39.430885,4.3393097,5.588361616065251,0.7956154373144554,0.0
2024-04-01 22:52:00,35.091576,39.948032,4.8564568,5.3443933295741,0.7887645581182918,0.0
2024-04-01 22:53:00,35.091576,40.403008,5.311432,5.333406181304609,0.7887645581182918,0.0
2024-04-01 22:54:00,35.091576,40.587044,5.495468,5.387426834085885,0.7903630965973967,0.0
2024-04-01 22:55:00,35.091576,40.679817,5.5882416,5.454365081773403,0.7935601735556063,0.0
2024-04-01 22:56:00,35.091576,39.878273,4.7866974,5.231809183747373,0.7853391185202101,0.0
2024-04-01 22:57:00,35.091576,38.683323,3.5917473,4.685121883810098,0.763644667732359,0.0
2024-04-01 22:58:00,35.091576,37.4579,2.3663254,3.912189715346055,0.7312171728705184,0.0
2024-04-01 22:59:00,35.091576,36.401505,1.3099289,3.04476944157836,0.6793788536195479,0.0
2024-04-01 23:00:00,35.091576,35.577408,0.4858322,2.1917903658373965,0.6309659739666591,0.0
2024-04-01 23:01:00,35.091576,34.972,0.1195755,1.5010520773876916,0.5999086549440511,0.0
2024-04-01 23:02:00,35.091576,34.542057,0.5495186,1.183874246660154,0.5875770723909568,0.0
2024-04-01 23:03:00,35.091576,34.24283,0.84874725,1.0721652489127589,0.5836949075131308,0.0
2024-04-01 23:04:00,35.091576,34.038933,1.0526428,1.0656577733637143,0.5836949075131308,0.0
2024-04-01 23:05:00,35.091576,33.90547,1.1861038,1.1058064558427367,0.5843799954327472,0.0
2024-04-01 23:06:00,35.091576,33.825546,1.2660294,1.15921408986521,0.5862068965517241,0.0
2024-04-01 23:07:00,35.091576,33.78727,1.304306,1.207578070001286,0.5880337976707011,0.0
2024-04-01 23:08:00,35.091576,33.78155,1.3100243,1.2417268004923938,0.5884905229504453,0.0
2024-04-01 23:09:00,35.091576,33.800747,1.2908287,1.2580941019395908,0.5896323361498059,0.0
2024-04-01 23:10:00,35.091576,33.83806,1.2535172,1.2565684515860294,0.5896323361498059,0.0
2024-04-01 23:11:00,35.091576,33.887356,1.2042198,1.2391189070957644,0.5882621603105732,0.0
2024-04-01 23:12:00,35.091576,33.94324,1.1483345,1.2088574391217857,0.5880337976707011,0.0
2024-04-01 23:13:00,35.091576,34.001186,1.0903893,1.1693680433175186,0.5866636218314684,0.0
2024-04-01 23:14:00,35.091576,34.057617,1.0339584,1.1242315072312103,0.5850650833523635,0.0
2024-04-01 23:15:00,35.091576,34.109962,0.98161316,1.0766920578807029,0.5836949075131308,0.0
2024-04-01 23:16:00,35.091576,34.156597,0.9349785,1.0294542002896092,0.5825530943137702,0.0
2024-04-01 23:17:00,35.091576,34.19674,0.8948364,0.9845816087868229,0.5818680063941539,0.0
2024-04-01 23:18:00,35.091576,34.23028,0.8612938,0.9434856700994184,0.5807261931947933,0.0
2024-04-01 23:19:00,35.091576,34.257584,0.833992,0.9069877815311227,0.5804978305549212,0.0
2024-04-01 23:20:00,35.091576,34.279305,0.8122711,0.8754155604087694,0.5795843799954328,0.0
2024-04-01 23:21:00,35.091576,34.29618,0.7953949,0.8487420060928255,0.5791276547156885,0.0
2024-04-01 23:22:00,35.091576,34.308907,0.78266907,0.8267176931894878,0.5770723909568395,0.0
2024-04-01 23:23:00,35.091576,34.31809,0.7734871,0.8089741591478097,0.5750171271979904,0.0
2024-04-01 23:24:00,35.091576,34.324276,0.76729965,0.7950826567984096,0.5731902260790135,0.0
2024-04-01 23:25:00,35.091576,34.327976,0.7635994,0.7845882364495909,0.5709065996802923,0.0
2024-04-01 23:26:00,35.091576,34.329338,0.76223755,0.7771380072424356,0.5695364238410596,0.0
2024-04-01 23:27:00,35.091576,34.324017,0.76755905,0.7739450219995145,0.5681662480018269,0.0
2024-04-01 23:28:00,35.091576,34.318897,0.7726784,0.77352280641439,0.5677095227220826,0.0
2024-04-01 23:29:00,35.091576,34.315323,0.77625275,0.7744327864702705,0.5681662480018269,0.0
2024-04-01 23:30:00,35.091576,34.31506,0.77651596,0.7751271778779668,0.568394610641699,0.0
2024-04-01 23:31:00,35.091576,34.31717,0.77440643,0.7748869296204675,0.568394610641699,0.0
2024-04-01 23:32:00,35.091576,34.313877,0.7776985,0.7758241253622127,0.568394610641699,0.0
2024-04-01 23:33:00,35.091576,34.312283,0.77929306,0.7769804370090533,0.5695364238410596,0.0
2024-04-01 23:34:00,35.091576,34.207005,0.8845711,0.8128439831525199,0.5761589403973509,0.0
2024-04-01 23:35:00,35.091576,34.207005,0.8845711,0.836753013914831,0.5777574788764558,0.0
2024-04-01 23:36:00,35.091576,34.207005,0.8845711,0.8526923677563718,0.5793560173555606,0.0
2024-04-01 23:37:00,35.091576,34.207005,0.8845711,0.8633186036507323,0.5795843799954328,0.0
2024-04-01 23:38:00,35.091576,34.207005,0.8845711,0.8704027609136393,0.5795843799954328,0.0
2024-04-01 23:39:00,35.091576,34.207005,0.8845711,0.875125532422244,0.5795843799954328,0.0
2024-04-01 23:40:00,35.091576,34.207005,0.8845711,0.8782740467613138,0.5795843799954328,0.0
2024-04-01 23:41:00,44.535,34.207005,10.327995,4.028181131271865,0.7348709751084722,0.0
2024-04-01 23:42:00,44.51,34.207005,10.302994,6.119785345652598,0.8136560858643526,0.0
2024-04-01 23:43:00,44.53,34.207005,10.322994,7.520854974494311,0.8559031742406942,0.0
2024-04-01 23:44:00,44.48,34.207005,10.272995,8.438234981368604,0.876912537108929,0.0
2024-04-01 23:45:00,35.091576,34.207005,0.8845711,5.920347012725554,0.8072619319479333,0.0
2024-04-01 23:46:00,35.091576,34.207005,0.8845711,4.241755033630188,0.7446905686229733,0.0
2024-04-01 23:47:00,44.339996,34.75488,9.585117,6.022875802449422,0.8109157341858871,0.0
2024-04-01 23:48:00,44.26,35.561367,8.698631,6.914794297173313,0.8383192509705413,0.0
2024-04-01 23:49:00,44.225,36.62449,7.6005096,7.1433660793004385,0.845626855446449,0.0
2024-04-01 23:50:00,44.17,37.663033,6.5069656,6.931232598602636,0.8387759762502854,0.0
2024-04-01 23:51:00,44.07,38.21288,5.8571205,6.57319523704043,0.8275862068965517,0.0
2024-04-01 23:52:00,43.949997,37.88735,6.062649,6.40301308242474,0.8211920529801324,0.0
2024-04-01 23:53:00,43.91,37.942223,5.9677773,6.257934472348916,0.8189084265814113,0.0
2024-04-01 23:54:00,43.809998,38.327076,5.4829216,5.999596848346544,0.8095455583466545,0.0
2024-04-01 23:55:00,43.73,38.884808,4.845192,5.6147952174198315,0.7965288878739438,0.0
2024-04-01 23:56:00,43.55,39.49701,4.05299,5.094193464852154,0.7798584151632793,0.0
2024-04-01 23:57:00,43.55,40.125553,3.424446,4.537611011887114,0.7570221511760676,0.0
2024-04-01 23:58:00,43.43,40.7561,2.6739006,3.9163742093407583,0.7312171728705184,0.0
2024-04-01 23:59:00,43.37,41.3817,1.9883003,3.2736829140559482,0.6919387988125143,0.0
2024-04-02 00:00:00,43.29,41.988346,1.3016548,2.616340214595242,0.6565425896323361,0.0
2024-04-02 00:01:00,43.14,42.55593,0.5840683,1.9389162425101096,0.6200045672527974,0.0
2024-04-02 00:02:00,43.105,43.07081,0.03419113,1.3040078722040056,0.5919159625485271,0.0
2024-04-02 00:03:00,42.945,43.531685,0.5866852,1.064900308357358,0.5836949075131308,0.0
2024-04-02 00:04:00,42.94,43.935696,0.995697,1.0418325460663638,0.5832381822333866,0.0
2024-04-02 00:05:00,42.75,44.2805,1.5304985,1.2047211989237998,0.5880337976707011,0.0
2024-04-02 00:06:00,42.719997,44.570072,1.8500748,1.4198390553046687,0.5967115779858415,0.0
2024-04-02 00:07:00,42.55,44.811817,2.261818,1.700498680912748,0.609271523178808,0.0
2024-04-02 00:08:00,42.54,45.011658,2.4716568,1.957551387047301,0.620918017812286,0.0
2024-04-02 00:09:00,42.41,45.17414,2.764141,2.226414618952758,0.6321077871660197,0.0
2024-04-02 00:10:00,42.379997,45.30427,2.9242744,2.4590345608285316,0.6469513587577073,0.0
2024-04-02 00:11:00,35.091576,45.408787,10.317211,5.07842675759337,0.7794016898835351,0.0
2024-04-02 00:12:00,35.091576,45.491467,10.399891,6.852248138281648,0.8374058004110527,0.0
2024-04-02 00:13:00,41.989998,45.551136,3.5611382,5.7552114765464895,0.802694679150491,0.0
2024-04-02 00:14:00,42.019997,45.599037,3.5790405,5.029821160145577,0.7778031514044302,0.0
2024-04-02 00:15:00,41.905,45.635567,3.730568,4.596736750806687,0.7590774149349166,0.0
2024-04-02 00:16:00,41.835,45.66408,3.8290825,4.340851996875682,0.7488010961406714,0.0
2024-04-02 00:17:00,41.76,45.42073,3.6607323,4.114145421012825,0.7387531399862982,0.0
2024-04-02 00:18:00,41.614998,44.278526,2.6635284,3.6306064281361543,0.7156885133592145,0.0
2024-04-02 00:19:00,35.091576,43.539482,8.4479065,5.236373116804311,0.7853391185202101,0.0
2024-04-02 00:20:00,41.53,43.19042,1.6604195,4.04438856590665,0.7355560630280886,0.0
2024-04-02 00:21:00,41.434998,43.169323,1.7343254,3.2743675135829493,0.6919387988125143,0.0
2024-04-02 00:22:00,41.379997,43.353092,1.9730949,2.840609989117149,0.667960721625942,0.0
2024-04-02 00:23:00,35.091576,43.627934,8.536358,4.739192619290989,0.7663850194108244,0.0
2024-04-02 00:24:00,41.21,43.922783,2.7127838,4.063723017352848,0.7364695135875771,0.0
2024-04-02 00:25:00,41.089996,43.889492,2.7994957,3.6423139105757265,0.7163736012788308,0.0
2024-04-02 00:26:00,41.089996,43.73154,2.6415443,3.30872405439749,0.6946791504909797,0.0
2024-04-02 00:27:00,40.969997,43.624123,2.6541252,3.0905244408060093,0.6814341173783969,0.0
2024-04-02 00:28:00,40.94,43.639786,2.6997871,2.960278673834866,0.6745832381822334,0.0
2024-04-02 00:29:00,40.84,43.409576,2.5695763,2.8300445370324887,0.6677323589860699,0.0
2024-04-02 00:30:00,40.8,43.144283,2.344284,2.6681243772273886,0.6599680292304179,0.0
2024-04-02 00:31:00,40.71,43.10212,2.3921204,2.576123038594301,0.654258963233615,0.0
2024-04-02 00:32:00,40.645,43.193928,2.5489273,2.567057794772503,0.6533455126741265,0.0
2024-04-02 00:33:00,40.6,43.33366,2.7336617,2.6225924137187784,0.6569993149120804,0.0
2024-04-02 00:34:00,40.449997,43.512733,3.0627365,2.769307112889342,0.6654487325873487,0.0
2024-04-02 00:35:00,40.465,43.70051,3.235508,2.924707396955525,0.6729846997031286,0.0
2024-04-02 00:36:00,40.385,43.876595,3.4915962,3.1136703386116262,0.6821192052980133,0.0
2024-04-02 00:37:00,40.309998,44.033676,3.7236786,3.317006422030147,0.6949075131308518,0.0
2024-04-02 00:38:00,40.28,44.1687,3.8887024,3.50757174554614,0.7076958209636903,0.0
2024-04-02 00:39:00,40.21,44.28153,4.0715294,3.6955576265066714,0.7204841287965289,0.0
2024-04-02 00:40:00,35.091576,44.37119,9.2796135,5.556909582628797,0.7953870746745832,0.0
2024-04-02 00:41:00,40.14,44.396603,4.2566032,5.123474135408131,0.7819136789221284,0.0
2024-04-02 00:42:00,40.074997,44.362534,4.2875366,4.844828297303337,0.7707239095683946,0.0
2024-04-02 00:43:00,40.074997,44.3287,4.253704,4.647786888550533,0.7620461292532542,0.0
2024-04-02 00:44:00,40.125,44.310055,4.185055,4.493542852051267,0.7549668874172185,0.0
2024-04-02 00:45:00,40.16,44.301517,4.1415176,4.376201114420897,0.7501712719799041,0.0
2024-04-02 00:46:00,40.199997,44.237087,4.0370903,4.263164176785155,0.7451472939027175,0.0
2024-04-02 00:47:00,40.309998,43.949505,3.6395073,4.055278549090494,0.7362411509477049,0.0
2024-04-02 00:48:00,40.309998,43.711845,3.4018478,3.837468312512153,0.7282484585521809,0.0
2024-04-02 00:49:00,35.091576,43.733555,8.641979,5.438971947517867,0.7919616350765015,0.0
2024-04-02 00:50:00,35.091576,43.6756,8.5840225,6.4873221390027975,0.82416076729847,0.0
2024-04-02 00:51:00,35.091576,43.64907,8.557495,7.177379798397698,0.8469970312856817,0.0
2024-04-02 00:52:00,35.091576,43.546776,8.4552,7.603319930702632,0.8588718885590317,0.0
2024-04-02 00:53:00,35.091576,43.598007,8.506432,7.90435714699837,0.8668645809545559,0.0
2024-04-02 00:54:00,35.091576,43.721336,8.629761,8.146158345394747,0.8702900205526376,0.0
2024-04-02 00:55:00,35.091576,43.7694,8.677826,8.323380872841291,0.8746289107102078,0.0
2024-04-02 00:56:00,35.091576,42.950623,7.859047,8.168602893905913,0.871203471112126,0.0
2024-04-02 00:57:00,35.091576,41.71781,6.626236,7.654480583241963,0.861383877597625,0.0
2024-04-02 00:58:00,35.091576,40.340054,5.248478,6.852479700758314,0.8374058004110527,0.0
2024-04-02 00:59:00,35.091576,38.951767,3.8601913,5.855050248910491,0.8056633934688285,0.0
2024-04-02 01:00:00,35.091576,37.70422,2.6126442,4.774248231125874,0.7688970084494177,0.0
2024-04-02 01:01:00,35.091576,36.647854,1.5562782,3.7015915636705046,0.7204841287965289,0.0
2024-04-02 01:02:00,35.091576,35.80036,0.708786,2.703989712694399,0.6617949303493948,0.0
2024-04-02 01:03:00,35.091576,35.14215,0.050575256,1.8195182272454848,0.6142955012559945,0.0
2024-04-02 01:04:00,35.091576,34.642323,0.44925308,1.3627631789221202,0.5941995889472482,0.0
2024-04-02 01:05:00,35.091576,34.31613,0.77544403,1.1669901295353198,0.5866636218314684,0.0
2024-04-02 01:06:00,35.091576,34.052776,1.0387993,1.1242598483197705,0.5850650833523635,0.0
2024-04-02 01:07:00,35.091576,33.87673,1.2148438,1.1544544822131804,0.5859785339118521,0.0
2024-04-02 01:08:00,35.091576,33.771946,1.3196297,1.209512877871938,0.5880337976707011,0.0
2024-04-02 01:09:00,35.091576,33.737854,1.3537216,1.2575824581320734,0.5896323361498059,0.0
2024-04-02 01:10:00,35.091576,33.737648,1.3539276,1.2896975095229448,0.5912308746289107,0.0
2024-04-02 01:11:00,35.091576,33.77089,1.3206863,1.3000271197926403,0.5914592372687828,0.0
2024-04-02 01:12:00,35.091576,33.826134,1.2654419,1.2884987113721769,0.5910025119890386,0.0
2024-04-02 01:13:00,35.091576,33.893692,1.1978836,1.258293676233795,0.5896323361498059,0.0
2024-04-02 01:14:00,35.091576,33.965748,1.1258278,1.2141383805914103,0.5880337976707011,0.0
2024-04-02 01:15:00,35.091576,34.036316,1.0552597,1.1611788219242216,0.5862068965517241,0.0
2024-04-02 01:16:00,35.091576,34.101185,0.9903908,1.1042494738121114,0.5843799954327472,0.0
2024-04-02 01:17:00,35.091576,34.157692,0.93388367,1.0474608715388034,0.5832381822333866,0.0
2024-04-02 01:18:00,35.091576,34.20449,0.88708496,0.9940022346717023,0.5818680063941539,0.0
2024-04-02 01:19:00,35.091576,34.241325,0.85025024,0.9460849044946766,0.5807261931947933,0.0
2024-04-02 01:20:00,35.091576,34.268856,0.8227196,0.9049631276546544,0.5804978305549212,0.0
2024-04-02 01:21:00,35.091576,34.288265,0.8033104,0.8710788831988061,0.5795843799954328,0.0
2024-04-02 01:22:00,35.091576,34.30078,0.7907944,0.8443173796520687,0.5786709294359442,0.0
2024-04-02 01:23:00,35.091576,34.307617,0.78395844,0.8241977314542437,0.5770723909568395,0.0
2024-04-02 01:24:00,35.091576,34.309776,0.7817993,0.8100649264382458,0.5757022151176068,0.0
2024-04-02 01:25:00,35.091576,34.30785,0.78372574,0.8012851971339608,0.5741036766385019,0.0
2024-04-02 01:26:00,35.091576,34.310898,0.7806778,0.794416063226026,0.5731902260790135,0.0
2024-04-02 01:27:00,35.091576,34.308807,0.78276825,0.7905334586545902,0.572276775519525,0.0
2024-04-02 01:28:00,35.091576,34.308052,0.78352356,0.7881968256264977,0.5718200502397808,0.0
2024-04-02 01:29:00,35.091576,34.309708,0.781868,0.7860872107366756,0.5715916875999086,0.0
2024-04-02 01:30:00,35.091576,34.311604,0.7799721,0.7840488326297891,0.5709065996802923,0.0
2024-04-02 01:31:00,35.091576,34.31642,0.7751541,0.7810839263430366,0.5704498744005481,0.0
2024-04-02 01:32:00,35.091576,34.31738,0.7741966,0.7787881591473109,0.5702215117606759,0.0
2024-04-02 01:33:00,35.091576,34.30721,0.7843666,0.7806476419868792,0.5704498744005481,0.0
2024-04-02 01:34:00,35.091576,34.207005,0.8845711,0.8152887864710706,0.5766156656770952,0.0
2024-04-02 01:35:00,35.091576,34.207005,0.8845711,0.8383828827938649,0.5777574788764558,0.0
2024-04-02 01:36:00,35.091576,34.207005,0.8845711,0.853778947009061,0.5793560173555606,0.0
2024-04-02 01:37:00,35.091576,34.207005,0.8845711,0.8640429898191918,0.5795843799954328,0.0
2024-04-02 01:38:00,35.091576,34.207005,0.8845711,0.8708856850259457,0.5795843799954328,0.0
2024-04-02 01:39:00,35.091576,34.207005,0.8845711,0.8754474818304482,0.5795843799954328,0.0
2024-04-02 01:40:00,35.091576,34.207005,0.8845711,0.8784886797001166,0.5795843799954328,0.0
2024-04-02 01:41:00,35.091576,34.207005,0.8845711,0.8805161449465622,0.5795843799954328,0.0
2024-04-02 01:42:00,35.091576,34.207005,0.8845711,0.8818677884441926,0.5798127426353049,0.0
2024-04-02 01:43:00,35.091576,34.207005,0.8845711,0.8827688841092795,0.5798127426353049,0.0
2024-04-02 01:44:00,35.091576,34.207005,0.8845711,0.8833696145526707,0.5800411052751769,0.0
2024-04-02 01:45:00,35.091576,34.207005,0.8845711,0.8837701015149316,0.5800411052751769,0.0
2024-04-02 01:46:00,35.091576,34.207005,0.8845711,0.8840370928231055,0.5800411052751769,0.0
2024-04-02 01:47:00,35.091576,34.207005,0.8845711,0.8842150870285548,0.5800411052751769,0.0
2024-04-02 01:48:00,35.091576,34.207005,0.8845711,0.8843337498321876,0.5800411052751769,0.0
2024-04-02 01:49:00,35.091576,34.207005,0.8845711,0.8844128583679428,0.5800411052751769,0.0
2024-04-02 01:50:00,35.091576,34.207005,0.8845711,0.8844655973917797,0.5800411052751769,0.0
2024-04-02 01:51:00,35.091576,34.207005,0.8845711,0.8845007567410043,0.5800411052751769,0.0
2024-04-02 01:52:00,35.091576,34.207005,0.8845711,0.884524196307154,0.5800411052751769,0.0
2024-04-02 01:53:00,35.091576,34.207005,0.8845711,0.8845398226845871,0.5800411052751769,0.0
2024-04-02 01:54:00,35.091576,34.207005,0.8845711,0.8845502402695425,0.5800411052751769,0.0
2024-04-02 01:55:00,35.091576,34.207005,0.8845711,0.8845571853261794,0.5800411052751769,0.0
2024-04-02 01:56:00,35.091576,34.207005,0.8845711,0.8845618153639374,0.5800411052751769,0.0
2024-04-02 01:57:00,35.091576,34.207005,0.8845711,0.8845649020557761,0.5800411052751769,0.0
2024-04-02 01:58:00,35.091576,34.207005,0.8845711,0.8845669598503352,0.5800411052751769,0.0
2024-04-02 01:59:00,35.091576,34.207005,0.8845711,0.8845683317133746,0.5800411052751769,0.0
2024-04-02 02:00:00,35.091576,34.207005,0.8845711,0.8845692462887341,0.5800411052751769,0.0
2024-04-02 02:01:00,35.091576,34.207005,0.8845711,0.8845698560056405,0.5800411052751769,0.0
2024-04-02 02:02:00,35.091576,34.207005,0.8845711,0.8845702624835782,0.5800411052751769,0.0
2024-04-02 02:03:00,35.091576,34.207005,0.8845711,0.8845705334688699,0.5800411052751769,0.0
2024-04-02 02:04:00,35.091576,34.207005,0.8845711,0.8845707141257311,0.5800411052751769,0.0
2024-04-02 02:05:00,35.091576,34.207005,0.8845711,0.8845708345636385,0.5800411052751769,0.0
2024-04-02 02:06:00,35.091576,34.207005,0.8845711,0.8845709148555768,0.5800411052751769,0.0
2024-04-02 02:07:00,35.091576,34.207005,0.8845711,0.8845709683835357,0.5800411052751769,0.0
2024-04-02 02:08:00,35.091576,34.207005,0.8845711,0.8845710040688416,0.5800411052751769,0.0
2024-04-02 02:09:00,35.091576,34.207005,0.8845711,0.8845710278590455,0.5800411052751769,0.0
2024-04-02 02:10:00,35.091576,34.207005,0.8845711,0.8845710437191815,0.5800411052751769,0.0
2024-04-02 02:11:00,35.091576,34.207005,0.8845711,0.8845710542926054,0.5800411052751769,0.0
2024-04-02 02:12:00,35.091576,34.207005,0.8845711,0.8845710613415547,0.5800411052751769,0.0
2024-04-02 02:13:00,35.091576,34.207005,0.8845711,0.8845710660408542,0.5800411052751769,0.0
2024-04-02 02:14:00,35.091576,34.207005,0.8845711,0.8845710691737206,0.5800411052751769,0.0
2024-04-02 02:15:00,35.091576,34.207005,0.8845711,0.8845710712622982,0.5800411052751769,0.0
2024-04-02 02:16:00,35.091576,34.207005,0.8845711,0.8845710726546833,0.5800411052751769,0.0
2024-04-02 02:17:00,35.091576,34.207005,0.8845711,0.88457107358294,0.5800411052751769,0.0
2024-04-02 02:18:00,35.091576,34.207005,0.8845711,0.8845710742017777,0.5800411052751769,0.0
2024-04-02 02:19:00,35.091576,34.207005,0.8845711,0.8845710746143363,0.5800411052751769,0.0
2024-04-02 02:20:00,35.091576,34.207005,0.8845711,0.8845710748893753,0.5800411052751769,0.0
2024-04-02 02:21:00,35.091576,34.207005,0.8845711,0.8845710750727346,0.5800411052751769,0.0
2024-04-02 02:22:00,35.091576,34.207005,0.8845711,0.8845710751949741,0.5800411052751769,0.0
2024-04-02 02:23:00,35.091576,34.207005,0.8845711,0.8845710752764672,0.5800411052751769,0.0
2024-04-02 02:24:00,35.091576,34.207005,0.8845711,0.8845710753307959,0.5800411052751769,0.0
2024-04-02 02:25:00,35.091576,34.207005,0.8845711,0.8845710753670151,0.5800411052751769,0.0
2024-04-02 02:26:00,35.091576,34.207005,0.8845711,0.8845710753911612,0.5800411052751769,0.0
2024-04-02 02:27:00,35.091576,34.207005,0.8845711,0.8845710754072585,0.5800411052751769,0.0
2024-04-02 02:28:00,35.091576,34.207005,0.8845711,0.8845710754179902,0.5800411052751769,0.0
2024-04-02 02:29:00,35.091576,34.207005,0.8845711,0.8845710754251446,0.5800411052751769,0.0
2024-04-02 02:30:00,35.091576,34.207005,0.8845711,0.8845710754299142,0.5800411052751769,0.0
2024-04-02 02:31:00,35.091576,34.207005,0.8845711,0.8845710754330939,0.5800411052751769,0.0
2024-04-02 02:32:00,35.091576,34.207005,0.8845711,0.8845710754352137,0.5800411052751769,0.0
2024-04-02 02:33:00,35.091576,34.207005,0.8845711,0.8845710754366269,0.5800411052751769,0.0
2024-04-02 02:34:00,35.091576,34.207005,0.8845711,0.8845710754375691,0.5800411052751769,0.0
2024-04-02 02:35:00,35.091576,34.207005,0.8845711,0.8845710754381971,0.5800411052751769,0.0
2024-04-02 02:36:00,35.091576,34.207005,0.8845711,0.8845710754386159,0.5800411052751769,0.0
2024-04-02 02:37:00,35.091576,34.207005,0.8845711,0.884571075438895,0.5800411052751769,0.0
2024-04-02 02:38:00,35.091576,34.207005,0.8845711,0.8845710754390811,0.5800411052751769,0.0
2024-04-02 02:39:00,35.091576,34.207005,0.8845711,0.8845710754392052,0.5800411052751769,0.0
2024-04-02 02:40:00,35.091576,34.207005,0.8845711,0.8845710754392879,0.5800411052751769,0.0
2024-04-02 02:41:00,35.091576,34.207005,0.8845711,0.8845710754393431,0.5800411052751769,0.0
2024-04-02 02:42:00,35.091576,34.207005,0.8845711,0.8845710754393799,0.5800411052751769,0.0
2024-04-02 02:43:00,35.091576,34.207005,0.8845711,0.8845710754394044,0.5800411052751769,0.0
2024-04-02 02:44:00,35.091576,34.207005,0.8845711,0.8845710754394207,0.5800411052751769,0.0
2024-04-02 02:45:00,35.091576,34.207005,0.8845711,0.8845710754394316,0.5800411052751769,0.0
2024-04-02 02:46:00,35.091576,34.207005,0.8845711,0.8845710754394388,0.5800411052751769,0.0
2024-04-02 02:47:00,35.091576,34.207005,0.8845711,0.8845710754394437,0.5800411052751769,0.0
2024-04-02 02:48:00,35.091576,34.207005,0.8845711,0.8845710754394469,0.5800411052751769,0.0
2024-04-02 02:49:00,35.091576,34.207005,0.8845711,0.884571075439449,0.5800411052751769,0.0
2024-04-02 02:50:00,35.091576,34.207005,0.8845711,0.8845710754394505,0.5800411052751769,0.0
2024-04-02 02:51:00,35.091576,34.207005,0.8845711,0.8845710754394515,0.5800411052751769,0.0
2024-04-02 02:52:00,35.091576,34.207005,0.8845711,0.8845710754394521,0.5800411052751769,0.0
2024-04-02 02:53:00,35.091576,34.207005,0.8845711,0.8845710754394526,0.5800411052751769,0.0
2024-04-02 02:54:00,35.091576,34.207005,0.8845711,0.8845710754394528,0.5800411052751769,0.0
2024-04-02 02:55:00,35.091576,34.207005,0.8845711,0.884571075439453,0.5800411052751769,0.0
2024-04-02 02:56:00,35.091576,34.207005,0.8845711,0.8845710754394531,0.5800411052751769,0.0
2024-04-02 02:57:00,35.091576,34.207005,0.8845711,0.8845710754394531,0.5800411052751769,0.0
2024-04-02 02:58:00,35.091576,34.207005,0.8845711,0.8845710754394531,0.5800411052751769,0.0
2024-04-02 02:59:00,35.091576,34.207005,0.8845711,0.8845710754394531,0.5800411052751769,0.0
2024-04-02 03:00:00,35.091576,34.207005,0.8845711,0.8845710754394531,0.5800411052751769,0.0
2024-04-02 03:01:00,35.091576,34.207005,0.8845711,0.8845710754394531,0.5800411052751769,0.0
2024-04-02 03:02:00,35.091576,34.207005,0.8845711,0.8845710754394531,0.5800411052751769,0.0
2024-04-02 03:03:00,35.091576,34.207005,0.8845711,0.8845710754394531,0.5800411052751769,0.0
2024-04-02 03:04:00,35.091576,34.207005,0.8845711,0.8845710754394531,0.5800411052751769,0.0
2024-04-02 03:05:00,35.091576,34.207005,0.8845711,0.8845710754394531,0.5800411052751769,0.0
2024-04-02 03:06:00,35.091576,34.207005,0.8845711,0.8845710754394531,0.5800411052751769,0.0
2024-04-02 03:07:00,35.091576,34.207005,0.8845711,0.8845710754394531,0.5800411052751769,0.0
2024-04-02 03:08:00,35.091576,34.207005,0.8845711,0.8845710754394531,0.5800411052751769,0.0
2024-04-02 03:09:00,35.091576,34.207005,0.8845711,0.8845710754394531,0.5800411052751769,0.0
2024-04-02 03:10:00,35.091576,34.207005,0.8845711,0.8845710754394531,0.5800411052751769,0.0
2024-04-02 03:11:00,35.091576,34.207005,0.8845711,0.8845710754394531,0.5800411052751769,0.0
2024-04-02 03:12:00,35.091576,34.207005,0.8845711,0.8845710754394531,0.5800411052751769,0.0
2024-04-02 03:13:00,35.091576,34.207005,0.8845711,0.8845710754394531,0.5800411052751769,0.0
2024-04-02 03:14:00,35.091576,34.207005,0.8845711,0.8845710754394531,0.5800411052751769,0.0
2024-04-02 03:15:00,35.091576,34.207005,0.8845711,0.8845710754394531,0.5800411052751769,0.0
2024-04-02 03:16:00,35.091576,34.207005,0.8845711,0.8845710754394531,0.5800411052751769,0.0
2024-04-02 03:17:00,35.091576,34.207005,0.8845711,0.8845710754394531,0.5800411052751769,0.0
2024-04-02 03:18:00,35.091576,34.207005,0.8845711,0.8845710754394531,0.5800411052751769,0.0
2024-04-02 03:19:00,35.091576,34.207005,0.8845711,0.8845710754394531,0.5800411052751769,0.0
2024-04-02 03:20:00,35.091576,34.207005,0.8845711,0.8845710754394531,0.5800411052751769,0.0
2024-04-02 03:21:00,35.091576,34.207005,0.8845711,0.8845710754394531,0.5800411052751769,0.0
2024-04-02 03:22:00,35.091576,34.207005,0.8845711,0.8845710754394531,0.5800411052751769,0.0
2024-04-02 03:23:00,35.091576,34.207005,0.8845711,0.8845710754394531,0.5800411052751769,0.0
2024-04-02 03:24:00,35.091576,34.207005,0.8845711,0.8845710754394531,0.5800411052751769,0.0
2024-04-02 03:25:00,35.091576,34.207005,0.8845711,0.8845710754394531,0.5800411052751769,0.0
2024-04-02 03:26:00,35.091576,34.207005,0.8845711,0.8845710754394531,0.5800411052751769,0.0
2024-04-02 03:27:00,35.091576,34.207005,0.8845711,0.8845710754394531,0.5800411052751769,0.0
2024-04-02 03:28:00,35.091576,34.207005,0.8845711,0.8845710754394531,0.5800411052751769,0.0
2024-04-02 03:29:00,35.091576,34.207005,0.8845711,0.8845710754394531,0.5800411052751769,0.0
2024-04-02 03:30:00,35.091576,34.207005,0.8845711,0.8845710754394531,0.5800411052751769,0.0
2024-04-02 03:31:00,35.091576,34.207005,0.8845711,0.8845710754394531,0.5800411052751769,0.0
2024-04-02 03:32:00,35.091576,34.207005,0.8845711,0.8845710754394531,0.5800411052751769,0.0
2024-04-02 03:33:00,35.091576,34.207005,0.8845711,0.8845710754394531,0.5800411052751769,0.0
2024-04-02 03:34:00,35.091576,34.207005,0.8845711,0.8845710754394531,0.5800411052751769,0.0
2024-04-02 03:35:00,35.091576,34.207005,0.8845711,0.8845710754394531,0.5800411052751769,0.0
2024-04-02 03:36:00,35.091576,34.207005,0.8845711,0.8845710754394531,0.5800411052751769,0.0
2024-04-02 03:37:00,35.091576,34.207005,0.8845711,0.8845710754394531,0.5800411052751769,0.0
2024-04-02 03:38:00,35.091576,34.207005,0.8845711,0.8845710754394531,0.5800411052751769,0.0
2024-04-02 03:39:00,35.091576,34.207005,0.8845711,0.8845710754394531,0.5800411052751769,0.0
2024-04-02 03:40:00,35.091576,34.207005,0.8845711,0.8845710754394531,0.5800411052751769,0.0
2024-04-02 03:41:00,35.091576,34.207005,0.8845711,0.8845710754394531,0.5800411052751769,0.0
2024-04-02 03:42:00,35.091576,34.207005,0.8845711,0.8845710754394531,0.5800411052751769,0.0
2024-04-02 03:43:00,35.091576,34.207005,0.8845711,0.8845710754394531,0.5800411052751769,0.0
2024-04-02 03:44:00,35.091576,34.207005,0.8845711,0.8845710754394531,0.5800411052751769,0.0
2024-04-02 03:45:00,35.091576,34.207005,0.8845711,0.8845710754394531,0.5800411052751769,0.0
2024-04-02 03:46:00,35.091576,34.207005,0.8845711,0.8845710754394531,0.5800411052751769,0.0
2024-04-02 03:47:00,35.091576,34.207005,0.8845711,0.8845710754394531,0.5800411052751769,0.0
2024-04-02 03:48:00,35.091576,34.207005,0.8845711,0.8845710754394531,0.5800411052751769,0.0
2024-04-02 03:49:00,35.091576,34.207005,0.8845711,0.8845710754394531,0.5800411052751769,0.0
2024-04-02 03:50:00,35.091576,34.207005,0.8845711,0.8845710754394531,0.5800411052751769,0.0
2024-04-02 03:51:00,35.091576,34.207005,0.8845711,0.8845710754394531,0.5800411052751769,0.0
2024-04-02 03:52:00,35.091576,34.207005,0.8845711,0.8845710754394531,0.5800411052751769,0.0
2024-04-02 03:53:00,35.091576,34.207005,0.8845711,0.8845710754394531,0.5800411052751769,0.0
2024-04-02 03:54:00,35.091576,34.207005,0.8845711,0.8845710754394531,0.5800411052751769,0.0
2024-04-02 03:55:00,35.091576,34.207005,0.8845711,0.8845710754394531,0.5800411052751769,0.0
2024-04-02 03:56:00,35.091576,34.207005,0.8845711,0.8845710754394531,0.5800411052751769,0.0
2024-04-02 03:57:00,35.091576,34.207005,0.8845711,0.8845710754394531,0.5800411052751769,0.0
2024-04-02 03:58:00,35.091576,34.207005,0.8845711,0.8845710754394531,0.5800411052751769,0.0
2024-04-02 03:59:00,35.091576,34.207005,0.8845711,0.8845710754394531,0.5800411052751769,0.0
2024-04-02 04:00:00,35.091576,34.207005,0.8845711,0.8845710754394531,0.5800411052751769,0.0
2024-04-02 04:01:00,35.091576,34.207005,0.8845711,0.8845710754394531,0.5800411052751769,0.0
2024-04-02 04:02:00,35.091576,34.207005,0.8845711,0.8845710754394531,0.5800411052751769,0.0
2024-04-02 04:03:00,35.091576,34.207005,0.8845711,0.8845710754394531,0.5800411052751769,0.0
2024-04-02 04:04:00,35.091576,34.207005,0.8845711,0.8845710754394531,0.5800411052751769,0.0
2024-04-02 04:05:00,35.091576,34.207005,0.8845711,0.8845710754394531,0.5800411052751769,0.0
2024-04-02 04:06:00,35.091576,34.207005,0.8845711,0.8845710754394531,0.5800411052751769,0.0
2024-04-02 04:07:00,35.091576,34.207005,0.8845711,0.8845710754394531,0.5800411052751769,0.0
2024-04-02 04:08:00,35.091576,34.207005,0.8845711,0.8845710754394531,0.5800411052751769,0.0
2024-04-02 04:09:00,35.091576,34.207005,0.8845711,0.8845710754394531,0.5800411052751769,0.0
2024-04-02 04:10:00,35.091576,34.207005,0.8845711,0.8845710754394531,0.5800411052751769,0.0
2024-04-02 04:11:00,35.091576,34.207005,0.8845711,0.8845710754394531,0.5800411052751769,0.0
2024-04-02 04:12:00,35.091576,34.207005,0.8845711,0.8845710754394531,0.5800411052751769,0.0
2024-04-02 04:13:00,35.091576,34.207005,0.8845711,0.8845710754394531,0.5800411052751769,0.0
2024-04-02 04:14:00,35.091576,34.207005,0.8845711,0.8845710754394531,0.5800411052751769,0.0
2024-04-02 04:15:00,35.091576,34.207005,0.8845711,0.8845710754394531,0.5800411052751769,0.0
2024-04-02 04:16:00,35.091576,34.207005,0.8845711,0.8845710754394531,0.5800411052751769,0.0
2024-04-02 04:17:00,35.091576,34.207005,0.8845711,0.8845710754394531,0.5800411052751769,0.0
2024-04-02 04:18:00,35.091576,34.207005,0.8845711,0.8845710754394531,0.5800411052751769,0.0
2024-04-02 04:19:00,35.091576,34.207005,0.8845711,0.8845710754394531,0.5800411052751769,0.0
2024-04-02 04:20:00,35.091576,34.207005,0.8845711,0.8845710754394531,0.5800411052751769,0.0
2024-04-02 04:21:00,35.091576,34.207005,0.8845711,0.8845710754394531,0.5800411052751769,0.0
2024-04-02 04:22:00,35.091576,34.207005,0.8845711,0.8845710754394531,0.5800411052751769,0.0
2024-04-02 04:23:00,35.091576,34.207005,0.8845711,0.8845710754394531,0.5800411052751769,0.0
2024-04-02 04:24:00,35.091576,34.207005,0.8845711,0.8845710754394531,0.5800411052751769,0.0
2024-04-02 04:25:00,35.091576,34.207005,0.8845711,0.8845710754394531,0.5800411052751769,0.0
2024-04-02 04:26:00,35.091576,34.207005,0.8845711,0.8845710754394531,0.5800411052751769,0.0
2024-04-02 04:27:00,35.091576,34.207005,0.8845711,0.8845710754394531,0.5800411052751769,0.0
2024-04-02 04:28:00,35.091576,34.207005,0.8845711,0.8845710754394531,0.5800411052751769,0.0
2024-04-02 04:29:00,35.091576,34.207005,0.8845711,0.8845710754394531,0.5800411052751769,0.0
2024-04-02 04:30:00,35.091576,34.207005,0.8845711,0.8845710754394531,0.5800411052751769,0.0
2024-04-02 04:31:00,35.091576,34.207005,0.8845711,0.8845710754394531,0.5800411052751769,0.0
2024-04-02 04:32:00,35.091576,34.207005,0.8845711,0.8845710754394531,0.5800411052751769,0.0
2024-04-02 04:33:00,35.091576,34.207005,0.8845711,0.8845710754394531,0.5800411052751769,0.0
2024-04-02 04:34:00,35.091576,34.207005,0.8845711,0.8845710754394531,0.5800411052751769,0.0
2024-04-02 04:35:00,35.091576,34.207005,0.8845711,0.8845710754394531,0.5800411052751769,0.0
2024-04-02 04:36:00,35.091576,34.207005,0.8845711,0.8845710754394531,0.5800411052751769,0.0
2024-04-02 04:37:00,35.091576,34.207005,0.8845711,0.8845710754394531,0.5800411052751769,0.0
2024-04-02 04:38:00,35.091576,34.207005,0.8845711,0.8845710754394531,0.5800411052751769,0.0
2024-04-02 04:39:00,35.091576,34.207005,0.8845711,0.8845710754394531,0.5800411052751769,0.0
2024-04-02 04:40:00,35.091576,34.207005,0.8845711,0.8845710754394531,0.5800411052751769,0.0
2024-04-02 04:41:00,35.091576,34.207005,0.8845711,0.8845710754394531,0.5800411052751769,0.0
2024-04-02 04:42:00,35.091576,34.207005,0.8845711,0.8845710754394531,0.5800411052751769,0.0
2024-04-02 04:43:00,35.091576,34.207005,0.8845711,0.8845710754394531,0.5800411052751769,0.0
2024-04-02 04:44:00,35.091576,34.207005,0.8845711,0.8845710754394531,0.5800411052751769,0.0
2024-04-02 04:45:00,35.091576,34.207005,0.8845711,0.8845710754394531,0.5800411052751769,0.0
2024-04-02 04:46:00,35.091576,34.207005,0.8845711,0.8845710754394531,0.5800411052751769,0.0
2024-04-02 04:47:00,35.091576,34.207005,0.8845711,0.8845710754394531,0.5800411052751769,0.0
2024-04-02 04:48:00,35.091576,34.207005,0.8845711,0.8845710754394531,0.5800411052751769,0.0
2024-04-02 04:49:00,35.091576,34.207005,0.8845711,0.8845710754394531,0.5800411052751769,0.0
2024-04-02 04:50:00,35.091576,34.207005,0.8845711,0.8845710754394531,0.5800411052751769,0.0
2024-04-02 04:51:00,35.091576,34.207005,0.8845711,0.8845710754394531,0.5800411052751769,0.0
2024-04-02 04:52:00,35.091576,34.207005,0.8845711,0.8845710754394531,0.5800411052751769,0.0
2024-04-02 04:53:00,35.091576,34.207005,0.8845711,0.8845710754394531,0.5800411052751769,0.0
2024-04-02 04:54:00,35.091576,34.207005,0.8845711,0.8845710754394531,0.5800411052751769,0.0
2024-04-02 04:55:00,35.091576,34.207005,0.8845711,0.8845710754394531,0.5800411052751769,0.0
2024-04-02 04:56:00,35.091576,34.207005,0.8845711,0.8845710754394531,0.5800411052751769,0.0
2024-04-02 04:57:00,35.091576,34.207005,0.8845711,0.8845710754394531,0.5800411052751769,0.0
2024-04-02 04:58:00,35.091576,34.207005,0.8845711,0.8845710754394531,0.5800411052751769,0.0
2024-04-02 04:59:00,35.091576,34.207005,0.8845711,0.8845710754394531,0.5800411052751769,0.0
2024-04-02 05:00:00,35.091576,34.207005,0.8845711,0.8845710754394531,0.5800411052751769,0.0
2024-04-02 05:01:00,35.091576,34.207005,0.8845711,0.8845710754394531,0.5800411052751769,0.0
2024-04-02 05:02:00,35.091576,34.207005,0.8845711,0.8845710754394531,0.5800411052751769,0.0
2024-04-02 05:03:00,35.091576,34.207005,0.8845711,0.8845710754394531,0.5800411052751769,0.0
2024-04-02 05:04:00,35.091576,34.207005,0.8845711,0.8845710754394531,0.5800411052751769,0.0
2024-04-02 05:05:00,35.091576,34.207005,0.8845711,0.8845710754394531,0.5800411052751769,0.0
2024-04-02 05:06:00,35.091576,34.207005,0.8845711,0.8845710754394531,0.5800411052751769,0.0
2024-04-02 05:07:00,35.091576,34.207005,0.8845711,0.8845710754394531,0.5800411052751769,0.0
2024-04-02 05:08:00,35.091576,34.207005,0.8845711,0.8845710754394531,0.5800411052751769,0.0
2024-04-02 05:09:00,35.091576,34.207005,0.8845711,0.8845710754394531,0.5800411052751769,0.0
2024-04-02 05:10:00,35.091576,34.207005,0.8845711,0.8845710754394531,0.5800411052751769,0.0
2024-04-02 05:11:00,35.091576,34.207005,0.8845711,0.8845710754394531,0.5800411052751769,0.0
2024-04-02 05:12:00,35.091576,34.207005,0.8845711,0.8845710754394531,0.5800411052751769,0.0
2024-04-02 05:13:00,35.091576,34.207005,0.8845711,0.8845710754394531,0.5800411052751769,0.0
2024-04-02 05:14:00,36.059998,34.207005,1.852993,1.2073783874511719,0.5880337976707011,0.0
2024-04-02 05:15:00,36.11,34.207005,1.9029961,1.4392509460449219,0.5973966659054578,0.0
2024-04-02 05:16:00,36.059998,34.207005,1.852993,1.5771649678548179,0.6024206439826444,0.0
2024-04-02 05:17:00,36.059998,34.207005,1.852993,1.6691076490614152,0.6083580726193195,0.0
2024-04-02 05:18:00,36.079998,34.207005,1.8729935,1.7370695891203707,0.611326786937657,0.0
2024-04-02 05:19:00,36.05,34.207005,1.8429947,1.772377956060716,0.6126969627768897,0.0
2024-04-02 05:20:00,35.985,33.948177,2.0368233,1.8605263949421702,0.6163507650148435,0.0
2024-04-02 05:21:00,35.96,33.70687,2.253128,1.9913936138807178,0.6222881936515187,0.0
2024-04-02 05:22:00,35.925,33.652267,2.2727318,2.085173002922432,0.6266270838090888,0.0
2024-04-02 05:23:00,35.94,33.59728,2.34272,2.171022012527715,0.6302808860470427,0.0
2024-04-02 05:24:00,35.82,33.429993,2.390007,2.2440170146994665,0.6334779630052524,0.0
2024-04-02 05:25:00,35.789997,33.093468,2.6965294,2.3948544726088894,0.6423841059602649,0.0
2024-04-02 05:26:00,35.719997,32.738056,2.9819412,2.59055005612077,0.6549440511532313,0.0
2024-04-02 05:27:00,35.715,32.486958,3.2280426,2.8030475715935346,0.6670472710664536,0.0
2024-04-02 05:28:00,35.805,32.395588,3.4094124,3.005169175740091,0.677780315140443,0.0
2024-04-02 05:29:00,35.805,32.397343,3.4076576,3.1393319915903994,0.6846311943366066,0.0
2024-04-02 05:30:00,35.739998,32.44176,3.2982368,3.192300276701543,0.6869148207353277,0.0
2024-04-02 05:31:00,35.739998,32.519085,3.220913,3.201837828917565,0.6871431833751999,0.0
2024-04-02 05:32:00,35.739998,32.474754,3.2652435,3.222973062702856,0.6882849965745604,0.0
2024-04-02 05:33:00,35.719997,32.377308,3.3426895,3.2628785465219563,0.6912537108928979,0.0
2024-04-02 05:34:00,35.091576,32.332596,2.7589798,3.0949122968023985,0.681662480018269,0.0
2024-04-02 05:35:00,35.091576,32.257168,2.8344078,3.0080774666670944,0.6780086777803151,0.0
2024-04-02 05:36:00,35.62,32.312576,3.3074226,3.1078591904245476,0.6821192052980133,0.0
2024-04-02 05:37:00,35.6,32.478382,3.1216164,3.1124449147914954,0.6821192052980133,0.0
2024-04-02 05:38:00,35.585,32.70468,2.8803177,3.0350691725237575,0.6789221283398036,0.0
2024-04-02 05:39:00,35.77,32.95166,2.8183403,2.962826215520396,0.6750399634619776,0.0
2024-04-02 05:40:00,36.57,33.401302,3.1686974,3.0314499294061754,0.6784654030600594,0.0
2024-04-02 05:41:00,36.719997,33.358257,3.36174,3.1415466570390134,0.6848595569764786,0.0
2024-04-02 05:42:00,36.915,33.298088,3.6169128,3.300002051958301,0.6942224252112354,0.0
2024-04-02 05:43:00,37.079998,33.06624,4.0137596,3.5379212389845707,0.7088376341630509,0.0
2024-04-02 05:44:00,35.091576,32.537094,2.5544815,3.210107994772266,0.6878282712948162,0.0
2024-04-02 05:45:00,35.091576,32.40131,2.6902657,3.0368272150207036,0.6789221283398036,0.0
2024-04-02 05:46:00,35.091576,32.330296,2.76128,2.9449781632852874,0.673898150262617,0.0
2024-04-02 05:47:00,35.091576,31.767834,3.323742,3.0712327464707907,0.6809773920986527,0.0
2024-04-02 05:48:00,35.091576,30.93407,4.157505,3.433323509447324,0.7029002055263759,0.0
2024-04-02 05:49:00,35.091576,30.04679,5.0447865,3.9704778240472396,0.7332724366293675,0.0
2024-04-02 05:50:00,35.091576,29.692055,5.399521,4.4468255073726395,0.7526832610184974,0.0
2024-04-02 05:51:00,35.091576,29.571365,5.5202103,4.804620426952853,0.7691253710892898,0.0
2024-04-02 05:52:00,36.649998,29.708006,6.941992,5.517077553311994,0.794930349394839,0.0
2024-04-02 05:53:00,36.719997,30.160648,6.559349,5.864501388894194,0.8061201187485727,0.0
2024-04-02 05:54:00,36.67,30.824287,5.8457108,5.858237844060973,0.8058917561087006,0.0
2024-04-02 05:55:00,36.68,31.542864,5.1371365,5.617870715824178,0.7965288878739438,0.0
2024-04-02 05:56:00,36.719997,32.1953,4.5246964,5.253479260582004,0.7857958437999544,0.0
2024-04-02 05:57:00,37.129997,32.712997,4.417,4.974652779352847,0.775291162365837,0.0
2024-04-02 05:58:00,37.11,33.10362,4.006382,4.651895849077029,0.7625028545329984,0.0
2024-04-02 05:59:00,37.024998,33.315273,3.7097244,4.337838708141197,0.7488010961406714,0.0
2024-04-02 06:00:00,37.079998,33.56654,3.5134583,4.063045222745173,0.7364695135875771,0.0
2024-04-02 06:01:00,37.55,33.73668,3.8133202,3.979803535134152,0.7335007992692395,0.0
2024-04-02 06:02:00,37.87,33.81537,4.0546303,4.004745783269774,0.7337291619091116,0.0
2024-04-02 06:03:00,37.84,33.780388,4.0596123,4.023034613569823,0.7339575245489838,0.0
2024-04-02 06:04:00,35.091576,33.50035,1.5912247,3.212431299183268,0.6878282712948162,0.0
2024-04-02 06:05:00,37.5,33.296513,4.2034874,3.54278333153559,0.709065996802923,0.0
2024-04-02 06:06:00,37.449997,33.47743,3.9725685,3.686045058344691,0.7200274035167846,0.0
2024-04-02 06:07:00,37.43,33.803425,3.6265755,3.6662218622200284,0.7184288650376799,0.0
2024-04-02 06:08:00,37.43,34.117558,3.3124428,3.5482955013270243,0.7095227220826673,0.0
2024-04-02 06:09:00,35.091576,34.31212,0.7794571,2.6253493649797353,0.6569993149120804,0.0
2024-04-02 06:10:00,37.12,34.5955,2.524498,2.5917322385997714,0.6549440511532313,0.0
2024-04-02 06:11:00,37.12,34.716667,2.4033318,2.5289320779304467,0.6512902489152774,0.0
2024-04-02 06:12:00,37.135,34.775127,2.359871,2.4725783555018084,0.6480931719570678,0.0
2024-04-02 06:13:00,37.059998,34.774624,2.2853737,2.410176799582586,0.6442110070792418,0.0
2024-04-02 06:14:00,37.059998,34.95266,2.107338,2.309230516941776,0.638501941082439,0.0
2024-04-02 06:15:00,37.04,35.418842,1.6211586,2.0798732112456895,0.6266270838090888,0.0
2024-04-02 06:16:00,37.024998,35.628204,1.3967934,1.8521799293232983,0.615208951815483,0.0
2024-04-02 06:17:00,37.04,35.718853,1.3211479,1.6751692591159228,0.6088147978990637,0.0
2024-04-02 06:18:00,36.87,36.00085,0.86914825,1.406495590875459,0.5953414021466088,0.0
2024-04-02 06:19:00,36.805,36.43965,0.36534882,1.059446665889629,0.5834665448732588,0.0
2024-04-02 06:20:00,36.79,37.019886,0.2298851,0.7829261443658726,0.5706782370404202,0.0
2024-04-02 06:21:00,36.69,37.620758,0.93075943,0.8322039062211287,0.5775291162365837,0.0
2024-04-02 06:22:00,36.61,38.224213,1.614212,1.0928732828583567,0.5841516327928751,0.0
2024-04-02 06:23:00,36.6,38.814407,2.2144089,1.4667184800761441,0.5980817538250742,0.0
2024-04-02 06:24:00,36.52,39.35708,2.837078,1.92350501821157,0.6186343914135647,0.0
2024-04-02 06:25:00,35.091576,39.953487,4.861912,2.902973936701594,0.6725279744233843,0.0
2024-04-02 06:26:00,35.091576,40.41027,5.318695,3.7082143139208545,0.720712491436401,0.0
2024-04-02 06:27:00,36.329998,40.720306,4.3903084,3.935579002656221,0.7323589860698789,0.0
2024-04-02 06:28:00,36.399998,40.7315,4.331501,4.067553004130841,0.7364695135875771,0.0
2024-04-02 06:29:00,36.3,40.06313,3.7631302,3.9660787320833215,0.7330440739894953,0.0
2024-04-02 06:30:00,35.091576,40.431076,5.3395004,4.423885963804246,0.7517698104590089,0.0
2024-04-02 06:31:00,35.091576,40.724945,5.6333694,4.8270471244697575,0.7707239095683946,0.0
2024-04-02 06:32:00,36.18,40.308636,4.1286354,4.594243218477885,0.7590774149349166,0.0
2024-04-02 06:33:00,36.11,40.033447,3.9234467,4.370644364076403,0.7497145467001598,0.0
2024-04-02 06:34:00,36.059998,39.867935,3.8079376,4.183075450074373,0.74217857958438,0.0
2024-04-02 06:35:00,35.091576,39.88565,4.794075,4.386741970785259,0.7506279972596483,0.0
2024-04-02 06:36:00,35.091576,39.928715,4.837139,4.53687435706973,0.7570221511760676,0.0
2024-04-02 06:37:00,36.25,39.424633,3.174633,4.082793913420836,0.7369262388673213,0.0
2024-04-02 06:38:00,35.091576,38.949547,3.8579712,4.007853006082641,0.7337291619091116,0.0
2024-04-02 06:39:00,37.57,38.69384,1.1238403,3.046515448065511,0.67960721625942,0.0
2024-04-02 06:40:00,38.0,38.577343,0.577343,2.2234579610638563,0.6318794245261475,0.0
2024-04-02 06:41:00,38.61,38.494793,0.11520767,1.5207078647489511,0.6005937428636675,0.0
2024-04-02 06:42:00,40.8,37.91095,2.8890495,1.9768217531757333,0.6213747430920301,0.0
2024-04-02 06:43:00,42.41,37.506516,4.9034843,2.952375950277963,0.6743548755423613,0.0
2024-04-02 06:44:00,43.85,36.889107,6.9608917,4.28854787472958,0.7460607444622059,0.0
2024-04-02 06:45:00,43.215,36.402668,6.812332,5.129809300926491,0.7821420415620005,0.0
2024-04-02 06:46:00,42.579998,35.58395,6.996048,5.751888858495265,0.8024663165106188,0.0
2024-04-02 06:47:00,42.11,34.511677,7.598324,6.367367179670672,0.8207353277003883,0.0
2024-04-02 06:48:00,41.43,34.53198,6.8980217,6.544252019113131,0.8269011189769354,0.0
2024-04-02 06:49:00,41.225,35.251488,5.9735107,6.3540049268045875,0.820278602420644,0.0
2024-04-02 06:50:00,40.98,36.161064,4.8189354,5.842315082632095,0.8052066681890843,0.0
2024-04-02 06:51:00,40.66,36.49814,4.1618614,5.282163861647309,0.786937656999315,0.0
2024-04-02 06:52:00,40.405,36.74343,3.6615677,4.7419651370943,0.7668417446905686,0.0
2024-04-02 06:53:00,35.091576,37.000237,1.9086609,3.7975303876201583,0.7255081068737155,0.0
2024-04-02 06:54:00,40.329998,37.25669,3.073307,3.5561226041979443,0.7102078100022836,0.0
2024-04-02 06:55:00,40.84,37.954327,2.8856735,3.332639577115036,0.6960493263302123,0.0
2024-04-02 06:56:00,35.091576,38.401897,3.3103218,3.3252003206971334,0.695364238410596,0.0
2024-04-02 06:57:00,35.091576,38.84786,3.7562828,3.4688944825969172,0.705183831925097,0.0
2024-04-02 06:58:00,43.8,39.30411,4.4958878,3.811225573847164,0.7268782827129482,0.0
2024-04-02 06:59:00,44.265,39.491894,4.7731056,4.131852256344073,0.7398949531856588,0.0
2024-04-02 07:00:00,45.29,39.511402,5.778599,4.680767766029513,0.7631879424526148,0.0
2024-04-02 07:01:00,45.9,39.00288,6.8971214,5.419552320500795,0.791048184517013,0.0
2024-04-02 07:02:00,46.309998,38.147747,8.1622505,6.333785053266807,0.8198218771408997,0.0
2024-04-02 07:03:00,46.53,36.963593,9.566406,7.411325452177872,0.8524777346426125,0.0
2024-04-02 07:04:00,35.091576,36.850628,1.7590523,5.527234393655691,0.794930349394839,0.0
2024-04-02 07:05:00,47.0,37.11537,9.884628,6.979699027736607,0.8408312400091345,0.0
2024-04-02 07:06:00,46.36,37.687706,8.672295,7.543897557390812,0.8570449874400549,0.0
2024-04-02 07:07:00,45.98,38.294937,7.6850624,7.590952507742964,0.8586435259191596,0.0
2024-04-02 07:08:00,45.425,38.446686,6.9783134,7.38673948717695,0.8520210093628683,0.0
2024-04-02 07:09:00,45.17,38.28508,6.884918,7.2194657290815085,0.8474537565654259,0.0
2024-04-02 07:10:00,44.46,37.76712,6.6928787,7.043936727102517,0.8424297784882393,0.0
2024-04-02 07:11:00,44.225,37.775833,6.4491653,6.845679599481105,0.8371774377711806,0.0
2024-04-02 07:12:00,43.92,38.197052,5.722946,6.4714351219848005,0.8232473167389815,0.0
2024-04-02 07:13:00,43.51,38.765118,4.7448807,5.895916973413045,0.8068052066681891,0.0
2024-04-02 07:14:00,43.329998,39.519665,3.8103333,5.200722399593072,0.7844256679607217,0.0
2024-04-02 07:15:00,43.07,40.302906,2.7670937,4.389512819211137,0.7506279972596483,0.0
2024-04-02 07:16:00,42.699997,41.336845,1.3631516,3.380725729571748,0.6994747659282942,0.0
2024-04-02 07:17:00,42.54,42.261295,0.2787056,2.3467190186891083,0.640557204841288,0.0
2024-04-02 07:18:00,42.26,42.817123,0.5571251,1.7501877096436504,0.6117835122174012,0.0
2024-04-02 07:19:00,41.97,43.200092,1.2300911,1.576822171419335,0.6024206439826444,0.0
2024-04-02 07:20:00,41.8,43.435265,1.6352654,1.5963032310601557,0.6040191824617492,0.0
2024-04-02 07:21:00,41.48,43.925873,2.4458733,1.8794932408727862,0.61703585293446,0.0
2024-04-02 07:22:00,41.32,44.29788,2.9778786,2.2456216841007377,0.6334779630052524,0.0
2024-04-02 07:23:00,41.125,44.529167,3.4041672,2.6318035144981478,0.6574560401918246,0.0
2024-04-02 07:24:00,40.93,44.766586,3.836586,3.0333976758438173,0.6789221283398036,0.0
2024-04-02 07:25:00,40.8,45.022278,4.2222786,3.4296913155527795,0.7029002055263759,0.0
2024-04-02 07:26:00,35.091576,45.190575,10.098999,5.652793884847687,0.7981274263530487,0.0
2024-04-02 07:27:00,35.091576,45.27478,10.183205,7.1629308068580935,0.8460835807261932,0.0
2024-04-02 07:28:00,35.091576,45.25977,10.168194,8.164685143618286,0.8709751084722539,0.0
2024-04-02 07:29:00,39.93,45.21623,5.286228,7.205199489056071,0.8474537565654259,0.0
2024-04-02 07:30:00,39.78,45.15451,5.3745117,6.594970232287381,0.8287280200959123,0.0
2024-04-02 07:31:00,39.6,45.096764,5.496765,6.2289018670978376,0.8179949760219228,0.0
2024-04-02 07:32:00,39.379997,44.7844,5.4044037,5.954069140239705,0.8081753825074218,0.0
2024-04-02 07:33:00,39.195,43.610798,4.415798,5.441312155911756,0.7919616350765015,0.0
2024-04-02 07:34:00,39.09,42.030865,2.9408646,4.607829624937265,0.7593057775747888,0.0
2024-04-02 07:35:00,35.091576,41.11188,6.0203056,5.078654961139817,0.7794016898835351,0.0
2024-04-02 07:36:00,38.699997,40.772392,2.0723953,4.076568415662222,0.7366978762274492,0.0
2024-04-02 07:37:00,38.585,40.785416,2.2004166,3.4511844654219503,0.7047271066453529,0.0
2024-04-02 07:38:00,38.405,40.94976,2.5447617,3.1490435295195818,0.6848595569764786,0.0
2024-04-02 07:39:00,38.18,41.22103,3.041031,3.113039314276076,0.6821192052980133,0.0
2024-04-02 07:40:00,38.21,41.48473,3.2747307,3.1669364369750665,0.685544644896095,0.0
2024-04-02 07:41:00,37.989998,41.422676,3.4326782,3.255517032202128,0.6910253482530258,0.0
2024-04-02 07:42:00,37.84,41.325962,3.485962,3.3323319928222523,0.6960493263302123,0.0
2024-04-02 07:43:00,37.739998,41.243965,3.5039673,3.389543756933585,0.6999314912080383,0.0
2024-04-02 07:44:00,37.545,41.273743,3.7287445,3.5026106735677027,0.7072390956839462,0.0
2024-04-02 07:45:00,37.43,41.282703,3.852703,3.6193081472059427,0.7152317880794702,0.0
2024-04-02 07:46:00,37.375,41.376774,4.001774,3.7467967095468007,0.7223110299155058,0.0
2024-04-02 07:47:00,37.23,41.575756,4.3457565,3.946449983285107,0.7325873487097511,0.0
2024-04-02 07:48:00,37.079998,41.755768,4.67577,4.18955659082614,0.7424069422242521,0.0
2024-04-02 07:49:00,36.975,41.898895,4.923897,4.434336657067687,0.7519981730988811,0.0
2024-04-02 07:50:00,36.91,42.070744,5.1607437,4.676472342504761,0.7631879424526148,0.0
2024-04-02 07:51:00,36.67,42.133095,5.4630966,4.938680434553955,0.7739209865266042,0.0
2024-04-02 07:52:00,36.69,42.184372,5.4943733,5.123911396880372,0.7819136789221284,0.0
2024-04-02 07:53:00,36.57,42.219864,5.649864,5.299228996846029,0.7876227449189313,0.0
2024-04-02 07:54:00,36.524998,42.238228,5.71323,5.4372293755829,0.7917332724366294,0.0
2024-04-02 07:55:00,36.415,42.24302,5.828018,5.567492313214121,0.7953870746745832,0.0
2024-04-02 07:56:00,36.315,42.24041,5.925411,5.686798616931159,0.7990408769125371,0.0
2024-04-02 07:57:00,36.239998,42.221333,5.9813347,5.784977306713872,0.8036081297099794,0.0
2024-04-02 07:58:00,36.18,42.199455,6.019455,5.863136523160811,0.8061201187485727,0.0
2024-04-02 07:59:00,36.094997,42.177246,6.0822487,5.9361739113552545,0.8079470198675497,0.0
2024-04-02 08:00:00,36.01,42.15,6.140003,6.004117009018738,0.8097739209865266,0.0
2024-04-02 08:01:00,35.91,42.11663,6.2066307,6.071621574941529,0.8118291847453757,0.0
2024-04-02 08:02:00,35.85,42.078373,6.2283745,6.123872543694745,0.8138844485042247,0.0
2024-04-02 08:03:00,35.82,42.046543,6.2265434,6.158096171301054,0.8150262617035853,0.0
2024-04-02 08:04:00,35.091576,42.01759,6.926014,6.414068763045104,0.8214204156200046,0.0
2024-04-02 08:05:00,35.62,41.98312,6.363121,6.397086186268351,0.8211920529801324,0.0
2024-04-02 08:06:00,35.64,41.949165,6.309166,6.367779442375515,0.8207353277003883,0.0
2024-04-02 08:07:00,35.52,41.922997,6.402996,6.379518315994485,0.8209636903402603,0.0
2024-04-02 08:08:00,35.52,41.887573,6.367573,6.3755364721375996,0.8209636903402603,0.0
2024-04-02 08:09:00,35.485,41.846043,6.361042,6.370704988993426,0.8207353277003883,0.0
2024-04-02 08:10:00,35.41,41.726532,6.316532,6.352647370998873,0.8200502397807719,0.0
2024-04-02 08:11:00,35.379997,41.363388,5.983391,6.229561850034406,0.8179949760219228,0.0
2024-04-02 08:12:00,35.28,41.12176,5.8417625,6.100295414264474,0.8129709979447363,0.0
2024-04-02 08:13:00,35.25,40.958126,5.708126,5.9695722988813955,0.8081753825074218,0.0
2024-04-02 08:14:00,35.219997,40.90463,5.6846313,5.874591981806347,0.8063484813884448,0.0
2024-04-02 08:15:00,35.21,40.862564,5.652565,5.800582988684701,0.8042932176295958,0.0
2024-04-02 08:16:00,35.144997,40.874634,5.729637,5.776934374455165,0.8033797670701073,0.0
2024-04-02 08:17:00,35.129997,40.90157,5.771572,5.77514695398248,0.8033797670701073,0.0
2024-04-02 08:18:00,35.079998,40.921646,5.841648,5.797314003257201,0.8040648549897237,0.0
2024-04-02 08:19:00,35.11,40.9134,5.803398,5.79934204627954,0.8040648549897237,0.0
2024-04-02 08:20:00,34.96,40.8554,5.895401,5.831361697845215,0.8052066681890843,0.0
2024-04-02 08:21:00,34.989998,40.982693,5.992695,5.8851394168089195,0.806576844028317,0.0
2024-04-02 08:22:00,35.059998,40.966644,5.9066467,5.892308520711155,0.8068052066681891,0.0
2024-04-02 08:23:00,35.091576,40.9398,5.8482246,5.877613893771629,0.8063484813884448,0.0
2024-04-02 08:24:00,36.66,40.897324,4.2373238,5.330850516176529,0.7887645581182918,0.0
2024-04-02 08:25:00,37.355,40.84859,3.4935913,4.718430780315603,0.7654715688513359,0.0
2024-04-02 08:26:00,37.96,40.573196,2.6131973,4.016686295763788,0.7337291619091116,0.0
2024-04-02 08:27:00,35.091576,39.854378,4.762802,4.265391571850338,0.7451472939027175,0.0
2024-04-02 08:28:00,43.75,39.09771,4.6522903,4.394357829312986,0.7508563598995205,0.0
2024-04-02 08:29:00,35.091576,38.651253,3.5596771,4.116130927549803,0.7389815026261704,0.0
2024-04-02 08:30:00,49.735,38.236664,11.498337,6.576866215697265,0.8278145695364238,0.0
2024-04-02 08:31:00,52.44,37.390457,15.049541,9.401091301594402,0.8949531856588262,0.0
2024-04-02 08:32:00,57.02,36.568474,20.451527,13.084569748344837,0.9486184060287737,0.0
2024-04-02 08:33:00,58.329998,35.88539,22.444607,16.20458209256518,0.9757935601735556,0.0
2024-04-02 08:34:00,59.059998,35.920563,23.139435,18.51619966652783,0.9849280657684403,0.0
2024-04-02 08:35:00,60.695,35.63869,25.056309,20.69623602646452,0.9917789449646038,0.0
2024-04-02 08:36:00,35.091576,36.733192,1.6416168,14.344696291406034,0.9602649006622517,0.0
2024-04-02 08:37:00,35.091576,37.036636,1.9450607,10.211484437597514,0.9084265814112811,0.0
2024-04-02 08:38:00,64.78999,37.373825,27.416168,15.946379029361884,0.974651746974195,0.0
2024-04-02 08:39:00,35.091576,37.846577,2.755001,11.549253042279668,0.9303493948390044,0.0
2024-04-02 08:40:00,35.091576,38.030468,2.9388924,8.679132816353764,0.881023064626627,0.0
2024-04-02 08:41:00,63.5,37.97252,25.527481,14.295248903936363,0.9600365380223795,0.0
2024-04-02 08:42:00,64.585,37.727535,26.857464,18.482653881514217,0.9849280657684403,0.0
2024-04-02 08:43:00,35.091576,36.5573,1.465725,12.810344236032266,0.9456496917104362,0.0
2024-04-02 08:44:00,71.97,37.48983,34.48017,20.033619891892606,0.990180406485499,0.0
2024-04-02 08:45:00,35.091576,37.73449,2.6429138,14.23671786738153,0.9598081753825074,0.0
2024-04-02 08:46:00,35.091576,37.12767,2.0360947,10.169843466763469,0.9077414934916648,0.0
2024-04-02 08:47:00,75.509995,38.759315,36.75068,19.030121983213405,0.9878967800867778,0.0
2024-04-02 08:48:00,77.03,40.486797,36.5432,24.867815137653338,0.9968029230417904,0.0
2024-04-02 08:49:00,77.93,40.614365,37.315636,29.01708865215301,0.9977163736012788,0.0
2024-04-02 08:50:00,78.93,41.485794,37.444206,31.82612784736633,0.998173098881023,0.0
2024-04-02 08:51:00,79.44501,41.018047,38.42696,34.026405228729246,0.998173098881023,0.0
2024-04-02 08:52:00,80.149994,39.55736,40.592632,36.21514758371989,0.998173098881023,0.0
2024-04-02 08:53:00,80.97,41.16384,39.80616,37.412151713528104,0.998173098881023,0.0
2024-04-02 08:54:00,81.35,42.87322,38.47678,37.76702778826679,0.998173098881023,0.0
2024-04-02 08:55:00,81.81,44.27724,37.532757,37.68893746065117,0.998173098881023,0.0
2024-04-02 08:56:00,83.595,45.187035,38.407967,37.92861384502396,0.998173098881023,0.0
2024-04-02 08:57:00,84.020004,45.852142,38.167862,38.00836320950816,0.998173098881023,0.0
2024-04-02 08:58:00,83.09,46.406944,36.683052,37.56659282733487,0.998173098881023,0.0
2024-04-02 08:59:00,82.229996,47.429333,34.800663,36.64461621635151,0.998173098881023,0.0
2024-04-02 09:00:00,80.979996,48.089687,32.89031,35.393180270943326,0.998173098881023,0.0
2024-04-02 09:01:00,80.740005,49.294365,31.44564,34.0773337019505,0.998173098881023,0.0
2024-04-02 09:02:00,35.091576,50.565903,15.474327,27.876331497101116,0.9977163736012788,0.0
2024-04-02 09:03:00,79.59,51.373848,28.216148,27.98960379022236,0.9977163736012788,0.0
2024-04-02 09:04:00,79.225006,51.959194,27.265812,27.748339833536914,0.9977163736012788,0.0
2024-04-02 09:05:00,78.634995,52.51786,26.117134,27.20460458710404,0.9977163736012788,0.0
2024-04-02 09:06:00,78.175,52.915215,25.259789,26.556332562463894,0.9974880109614067,0.0
2024-04-02 09:07:00,35.091576,53.231026,18.13945,23.75070506605666,0.9965745604019183,0.0
2024-04-02 09:08:00,80.2,52.97907,27.220928,24.907446108084,0.9970312856816624,0.0
2024-04-02 09:09:00,83.875,53.23503,30.639969,26.818287029412772,0.9977163736012788,0.0
2024-04-02 09:10:00,35.091576,53.488323,18.396748,24.01110721597896,0.9965745604019183,0.0
2024-04-02 09:11:00,88.82,53.80328,35.01672,27.679644750024387,0.9977163736012788,0.0
2024-04-02 09:12:00,89.33,54.135902,35.1941,30.184462975439438,0.998173098881023,0.0
2024-04-02 09:13:00,89.805,53.6877,36.117302,32.16207596393228,0.998173098881023,0.0
2024-04-02 09:14:00,90.21,53.910744,36.299255,33.54113576631944,0.998173098881023,0.0
2024-04-02 09:15:00,35.091576,53.398617,18.307041,28.46310423361726,0.9977163736012788,0.0
2024-04-02 09:16:00,35.091576,52.289505,17.19793,24.708045949852913,0.9968029230417904,0.0
2024-04-02 09:17:00,35.091576,52.721195,17.62962,22.348570499364833,0.9947476592829413,0.0
2024-04-02 09:18:00,88.67,53.723705,34.946293,26.547811291975645,0.9974880109614067,0.0
2024-04-02 09:19:00,91.240005,54.689735,36.55027,29.8819642215059,0.998173098881023,0.0
2024-04-02 09:20:00,91.8,55.369102,36.4309,32.06494300558076,0.998173098881023,0.0
2024-04-02 09:21:00,90.7,54.947296,35.7527,33.29419560560853,0.998173098881023,0.0
2024-04-02 09:22:00,90.225006,52.748898,37.47611,34.68816658741415,0.998173098881023,0.0
2024-04-02 09:23:00,88.71,49.699387,39.010612,36.12898188754043,0.998173098881023,0.0
2024-04-02 09:24:00,35.091576,50.68109,15.589516,29.28249315370534,0.997944736241151,0.0
2024-04-02 09:25:00,86.51,52.010956,34.499046,31.021344211031426,0.998173098881023,0.0
2024-04-02 09:26:00,35.091576,52.966957,17.875381,26.639356630596474,0.9974880109614067,0.0
2024-04-02 09:27:00,83.63,54.296066,29.333931,27.537548076810413,0.9977163736012788,0.0
2024-04-02 09:28:00,83.11,55.31208,27.79792,27.624338793557204,0.9977163736012788,0.0
2024-04-02 09:29:00,82.57,56.14447,26.42553,27.22473568903163,0.9977163736012788,0.0
2024-04-02 09:30:00,82.29,55.73355,26.55645,27.00197375606666,0.9977163736012788,0.0
2024-04-02 09:31:00,81.945,55.43297,26.512032,26.83865968910304,0.9977163736012788,0.0
2024-04-02 09:32:00,82.1,54.34716,27.752838,27.143385837657238,0.9977163736012788,0.0
2024-04-02 09:33:00,88.48,54.83576,33.644245,29.31033894100652,0.997944736241151,0.0
2024-04-02 09:34:00,89.295,55.497887,33.79711,30.805929797747837,0.998173098881023,0.0
2024-04-02 09:35:00,91.020004,56.056683,34.96332,32.19172709376223,0.998173098881023,0.0
2024-04-02 09:36:00,91.21,56.5895,34.6205,33.00131761491701,0.998173098881023,0.0
2024-04-02 09:37:00,35.091576,57.30134,22.209763,29.40413260102541,0.998173098881023,0.0
2024-04-02 09:38:00,35.091576,57.516083,22.424507,27.077590781054703,0.9977163736012788,0.0
2024-04-02 09:39:00,92.36,57.813248,34.546753,29.567311497265635,0.998173098881023,0.0
2024-04-02 09:40:00,91.884995,57.794388,34.090607,31.07507656132813,0.998173098881023,0.0
2024-04-02 09:41:00,91.725006,58.229828,33.49518,31.88177711510417,0.998173098881023,0.0
2024-04-02 09:42:00,92.9,58.69143,34.208572,32.65737553930122,0.998173098881023,0.0
2024-04-02 09:43:00,98.049995,57.94846,40.101536,35.1387622919072,0.998173098881023,0.0
2024-04-02 09:44:00,99.965,55.70092,44.264076,38.18053360557485,0.998173098881023,0.0
2024-04-02 09:45:00,101.295,56.158234,45.136765,40.49927724583897,0.9984014615208952,0.0
2024-04-02 09:46:00,101.255,56.9028,44.352196,41.78358341047468,0.9984014615208952,0.0
2024-04-02 09:47:00,100.345,57.386173,42.958828,42.17533159778716,0.9984014615208952,0.0
2024-04-02 09:48:00,100.950005,57.325306,43.6247,42.658453944830114,0.9984014615208952,0.0
2024-04-02 09:49:00,101.255,56.913673,44.341324,43.2194105807331,0.9984014615208952,0.0
2024-04-02 09:50:00,101.45,57.17327,44.276726,43.57184897683639,0.9984014615208952,0.0
2024-04-02 09:51:00,35.091576,57.379974,22.288399,36.477365565449524,0.998173098881023,0.0
2024-04-02 09:52:00,102.745,58.08291,44.662094,39.20560841570333,0.998173098881023,0.0
2024-04-02 09:53:00,101.87,58.549713,43.32029,40.57716881440769,0.9984014615208952,0.0
2024-04-02 09:54:00,100.93,58.961914,41.968086,41.04080795716372,0.9984014615208952,0.0
2024-04-02 09:55:00,35.091576,59.402275,24.3107,35.46410512573936,0.998173098881023,0.0
2024-04-02 09:56:00,97.619995,60.358833,37.26116,36.063124018559314,0.998173098881023,0.0
2024-04-02 09:57:00,97.795,59.97129,37.823708,36.649985205895014,0.998173098881023,0.0
2024-04-02 09:58:00,98.56,60.184734,38.375263,37.22507787530046,0.998173098881023,0.0
2024-04-02 09:59:00,102.565,60.647903,41.9171,38.789084916541455,0.998173098881023,0.0
2024-04-02 10:00:00,35.091576,60.88449,25.792915,34.4570283924404,0.998173098881023,0.0
2024-04-02 10:01:00,35.091576,60.012238,24.920662,31.278239570383448,0.998173098881023,0.0
2024-04-02 10:02:00,105.76,60.928955,44.831047,35.79584206629079,0.998173098881023,0.0
2024-04-02 10:03:00,106.935005,61.90644,45.028564,38.87341619523553,0.998173098881023,0.0
2024-04-02 10:04:00,108.62,62.3172,46.302803,41.34987847667395,0.9984014615208952,0.0
2024-04-02 10:05:00,35.091576,62.197063,27.105488,36.601748258944745,0.998173098881023,0.0
2024-04-02 10:06:00,35.091576,61.359547,26.267971,33.15715585223595,0.998173098881023,0.0
2024-04-02 10:07:00,107.935,58.87852,49.056477,38.456929432496494,0.998173098881023,0.0
2024-04-02 10:08:00,107.255,59.39342,47.861576,41.59181164843842,0.9984014615208952,0.0
2024-04-02 10:09:00,108.12,59.539837,48.580166,43.921263053304656,0.9984014615208952,0.0
2024-04-02 10:10:00,107.46999,60.231693,47.2383,45.02694214336522,0.9984014615208952,0.0
2024-04-02 10:11:00,109.89,59.315193,50.574806,46.87623016670312,0.9984014615208952,0.0
2024-04-02 10:12:00,110.4,56.883194,53.516808,49.08975596318619,0.9986298241607673,0.7
2024-04-02 10:13:00,110.99,57.97153,53.018467,50.3993262919451,0.9986298241607673,0.9
2024-04-02 10:14:00,111.105,59.70159,51.40341,50.73402148304153,0.9986298241607673,0.9
2024-04-02 10:15:00,111.265,61.236214,50.028786,50.49894289054983,0.9986298241607673,0.7
2024-04-02 10:16:00,111.12,62.40022,48.719784,49.905889854686215,0.9986298241607673,0.7
2024-04-02 10:17:00,111.94,63.735485,48.204517,49.338765691291464,0.9986298241607673,0.9
2024-04-02 10:18:00,113.94,64.78439,49.15561,49.27771350448077,0.9986298241607673,0.9
2024-04-02 10:19:00,115.26,65.64464,49.615364,49.3902636945562,0.9986298241607673,0.9
2024-04-02 10:20:00,115.43,66.48538,48.94462,49.241715204736686,0.9986298241607673,0.7
2024-04-02 10:21:00,35.091576,67.16567,32.074097,43.51917569638697,0.9984014615208952,0.5
2024-04-02 10:22:00,114.43,67.49605,46.933952,44.6574345747723,0.9984014615208952,0.9
2024-04-02 10:23:00,35.091576,67.5421,32.450523,40.58846417533648,0.9984014615208952,0.5
2024-04-02 10:24:00,118.36,67.91361,50.44639,43.87443886510063,0.9984014615208952,0.9
2024-04-02 10:25:00,119.015,68.34798,50.667023,46.13863347842646,0.9984014615208952,0.9
2024-04-02 10:26:00,35.091576,68.691376,33.5998,41.959022355572074,0.9984014615208952,0.5
2024-04-02 10:27:00,119.985,67.49634,52.488663,45.468902476956906,0.9984014615208952,0.9
2024-04-02 10:28:00,35.091576,67.97179,32.88021,41.27267194345956,0.9984014615208952,0.5
2024-04-02 10:29:00,35.091576,66.5382,31.446625,37.99732288092616,0.998173098881023,0.5
2024-04-02 10:30:00,116.295,67.190414,49.104584,41.699743167362236,0.9984014615208952,0.9
2024-04-02 10:31:00,114.6,67.69165,46.908348,43.43594480607352,0.9984014615208952,0.9
2024-04-02 10:32:00,35.091576,66.533676,31.4421,39.4379967123498,0.9984014615208952,0.5
2024-04-02 10:33:00,111.795,66.92218,44.872818,41.24960380595456,0.9984014615208952,0.7
2024-04-02 10:34:00,109.950005,65.35684,44.593163,42.3641233828434,0.9984014615208952,0.7
2024-04-02 10:35:00,107.375,62.843082,44.531918,43.08672144590277,0.9984014615208952,0.7
2024-04-02 10:36:00,105.85,62.50865,43.341347,43.17159654417607,0.9984014615208952,0.7
2024-04-02 10:37:00,35.091576,64.281105,29.18953,38.51090750243249,0.998173098881023,0.5
2024-04-02 10:38:00,102.085,63.153618,38.93138,38.65106541015031,0.998173098881023,0.7
2024-04-02 10:39:00,35.091576,62.82898,27.737404,35.01317822997651,0.998173098881023,0.5
2024-04-02 10:40:00,35.091576,63.182068,28.090492,32.705616236162726,0.998173098881023,0.5
2024-04-02 10:41:00,35.091576,63.553463,28.461887,31.29103994398153,0.998173098881023,0.5
2024-04-02 10:42:00,95.65,63.987175,31.662827,31.414968808683003,0.998173098881023,0.7
2024-04-02 10:43:00,94.175,63.210644,30.96436,31.264765633604426,0.998173098881023,0.7
2024-04-02 10:44:00,92.71,63.64731,29.06269,30.530740667357378,0.998173098881023,0.7
2024-04-02 10:45:00,91.33,62.528526,28.801476,29.9543189532057,0.998173098881023,0.7
2024-04-02 10:46:00,89.955,60.00571,29.949291,29.95264304521982,0.998173098881023,0.7
2024-04-02 10:47:00,35.091576,57.146675,22.0551,27.32012852591478,0.9977163736012788,0.5
2024-04-02 10:48:00,87.305,58.437515,28.867485,27.83591403273876,0.9977163736012788,0.7
2024-04-02 10:49:00,86.025,59.998173,26.026829,27.23288561044889,0.9977163736012788,0.7
2024-04-02 10:50:00,84.729996,60.510807,24.219189,26.22831997036111,0.9972596483215346,0.7
2024-04-02 10:51:00,83.47,61.63734,21.83266,24.763100205257018,0.9968029230417904,0.7
2024-04-02 10:52:00,82.35,62.51516,19.834839,23.120346425900514,0.996117835122174,0.7
2024-04-02 10:53:00,82.21,62.38388,19.826118,22.02227044034644,0.9942909340031971,0.7
2024-04-02 10:54:00,83.08,62.90264,20.17736,21.40730047178695,0.9931491208038364,0.7
2024-04-02 10:55:00,35.091576,63.665977,28.574402,23.79633426634755,0.9965745604019183,0.5
2024-04-02 10:56:00,35.091576,64.31167,29.220093,25.60425376871087,0.9972596483215346,0.5
2024-04-02 10:57:00,89.01,65.21105,23.79895,25.002485910911414,0.9972596483215346,0.7
2024-04-02 10:58:00,89.21001,67.26611,21.943893,23.98295508481334,0.9965745604019183,0.7
2024-04-02 10:59:00,35.091576,68.59207,33.500496,27.15546869342374,0.9977163736012788,0.5
2024-04-02 11:00:00,35.091576,68.863785,33.77221,29.361048851442654,0.997944736241151,0.5
2024-04-02 11:01:00,97.655,67.27906,30.375938,29.69934537280422,0.998173098881023,0.9
2024-04-02 11:02:00,97.9,64.721085,33.178917,30.859202558920263,0.998173098881023,0.7
2024-04-02 11:03:00,97.83,67.30612,30.52388,30.747428374241114,0.998173098881023,0.9
2024-04-02 11:04:00,97.815,67.83746,29.97754,30.490798603660743,0.998173098881023,0.9
2024-04-02 11:05:00,35.091576,66.10361,31.012032,30.664542920832424,0.998173098881023,0.5
2024-04-02 11:06:00,98.645,62.588516,36.05648,32.4618554164599,0.998173098881023,0.9
2024-04-02 11:07:00,100.659996,63.426018,37.23398,34.052563034801395,0.998173098881023,0.9
2024-04-02 11:08:00,101.26,64.72644,36.53356,34.879562592048586,0.998173098881023,0.9
2024-04-02 11:09:00,101.77,66.09923,35.67077,35.143297973963385,0.998173098881023,0.9
2024-04-02 11:10:00,102.93,67.60341,35.32659,35.20439581320866,0.998173098881023,0.7
2024-04-02 11:11:00,35.091576,66.33539,31.243813,33.8842013958175,0.998173098881023,0.5
2024-04-02 11:12:00,105.35,67.29568,38.05432,35.2742413602325,0.998173098881023,0.9
2024-04-02 11:13:00,105.1,68.20307,36.896927,35.81513653344928,0.998173098881023,0.9
2024-04-02 11:14:00,35.091576,69.161964,34.07039,35.233553953614624,0.998173098881023,0.5
2024-04-02 11:15:00,35.091576,69.994995,34.90342,35.12350913395272,0.998173098881023,0.5
2024-04-02 11:16:00,99.325,70.57353,28.751465,32.999494370551815,0.998173098881023,0.9
2024-04-02 11:17:00,98.450005,68.99686,29.453148,31.817378876429075,0.998173098881023,0.9
2024-04-02 11:18:00,99.875,68.80597,31.06903,31.567929504858967,0.998173098881023,0.9
2024-04-02 11:19:00,103.8,68.5294,35.2706,32.80215279165077,0.998173098881023,0.9
2024-04-02 11:20:00,106.935005,66.557816,40.37719,35.32716507317734,0.998173098881023,0.7
2024-04-02 11:21:00,108.4,63.62539,44.774612,38.4763141910375,0.998173098881023,0.9
2024-04-02 11:22:00,108.53001,63.76803,44.76198,40.57153551049636,0.9984014615208952,0.9
2024-04-02 11:23:00,107.08,67.115875,39.964127,40.36906586930226,0.9984014615208952,0.9
2024-04-02 11:24:00,107.15,68.152306,38.997696,39.9119425538187,0.9984014615208952,0.9
2024-04-02 11:25:00,109.635,68.91677,40.71823,40.18070543626976,0.9984014615208952,0.9
2024-04-02 11:26:00,35.091576,69.711685,34.62011,38.32717347688167,0.998173098881023,0.5
2024-04-02 11:27:00,113.355,70.103004,43.252,39.96878195171018,0.9984014615208952,0.9
2024-04-02 11:28:00,115.39,68.784454,46.605545,42.18103631578856,0.9984014615208952,0.9
2024-04-02 11:29:00,116.090004,66.84659,49.243416,44.53516282136555,0.9984014615208952,0.7
2024-04-02 11:30:00,115.065,66.09187,48.97313,46.01448497173068,0.9984014615208952,0.7
2024-04-02 11:31:00,112.700005,66.20214,46.497864,46.17561123766421,0.9984014615208952,0.9
2024-04-02 11:32:00,35.091576,65.133804,30.042229,40.79781705801963,0.9984014615208952,0.5
2024-04-02 11:33:00,106.67,65.27841,41.391586,40.995740139916734,0.9984014615208952,0.9
2024-04-02 11:34:00,105.83,65.66891,40.161095,40.71752498178694,0.9984014615208952,0.9
2024-04-02 11:35:00,108.25,65.868256,42.381744,41.272264782779835,0.9984014615208952,0.9
2024-04-02 11:36:00,110.655,65.69755,44.95745,42.5006601440863,0.9984014615208952,0.9
2024-04-02 11:37:00,113.99,65.562225,48.427773,44.47636427004842,0.9984014615208952,0.9
2024-04-02 11:38:00,116.625,64.36876,52.25624,47.069656461607806,0.9984014615208952,0.9
2024-04-02 11:39:00,117.895004,64.98677,52.908234,49.01584885526458,0.9986298241607673,0.9
2024-04-02 11:40:00,118.590004,66.1205,52.469505,50.16706767352926,0.9986298241607673,0.9
2024-04-02 11:41:00,118.2,66.666565,51.533432,50.62252245129816,0.9986298241607673,0.7
2024-04-02 11:42:00,117.04,66.84868,50.191322,50.47878907641883,0.9986298241607673,0.9
2024-04-02 11:43:00,115.700005,66.88776,48.81225,49.92327546093938,0.9986298241607673,0.9
2024-04-02 11:44:00,113.575005,67.40817,46.166832,48.67112763069787,0.9986298241607673,0.7
2024-04-02 11:45:00,111.215004,68.017105,43.1979,46.84671804204728,0.9984014615208952,0.7
2024-04-02 11:46:00,109.035,68.45487,40.58013,44.75785587161876,0.9984014615208952,0.7
2024-04-02 11:47:00,35.091576,68.88009,33.788513,41.10140830894376,0.9984014615208952,0.5
2024-04-02 11:48:00,35.091576,68.87309,33.781517,38.66144454889871,0.998173098881023,0.5
2024-04-02 11:49:00,103.445,68.665855,34.779144,37.3673444616356,0.998173098881023,0.7
2024-04-02 11:50:00,101.1,68.59532,32.504677,35.74645524737295,0.998173098881023,0.7
2024-04-02 11:51:00,100.185,68.42897,31.756027,34.41631257214186,0.998173098881023,0.7
2024-04-02 11:52:00,99.43,68.62305,30.806953,33.21319285815317,0.998173098881023,0.7
2024-04-02 11:53:00,35.091576,68.19893,33.107353,33.17791297558519,0.998173098881023,0.5
2024-04-02 11:54:00,35.091576,67.62977,32.538193,32.964672900064606,0.998173098881023,0.5
2024-04-02 11:55:00,99.79,68.42081,31.369194,32.43284661029698,0.998173098881023,0.7
2024-04-02 11:56:00,102.93,68.660446,34.269554,33.045082452925854,0.998173098881023,0.7
2024-04-02 11:57:00,103.63,70.39183,33.238167,33.109443904977915,0.998173098881023,0.7
2024-04-02 11:58:00,105.91,70.30843,35.60157,33.94015264645012,0.998173098881023,0.7
2024-04-02 11:59:00,108.494995,68.02042,40.47458,36.118294716774045,0.998173098881023,0.7
2024-04-02 12:00:00,111.18,65.52617,45.65383,39.29680697182723,0.998173098881023,0.7
2024-04-02 12:01:00,112.43001,68.55878,43.87123,40.82161500758534,0.9984014615208952,0.9
2024-04-02 12:02:00,112.635,69.70801,42.926994,41.523408112967054,0.9984014615208952,0.7
2024-04-02 12:03:00,113.11,71.42641,41.683594,41.576803325311374,0.9984014615208952,0.7
2024-04-02 12:04:00,113.93,72.31528,41.614723,41.589443285396385,0.9984014615208952,0.9
2024-04-02 12:05:00,111.525,72.76234,38.762665,40.64718378857155,0.9984014615208952,0.9
2024-04-02 12:06:00,112.045006,73.20082,38.844185,40.04618415087713,0.9984014615208952,0.9
2024-04-02 12:07:00,113.815,73.4126,40.402405,40.16492436230351,0.9984014615208952,0.9
2024-04-02 12:08:00,116.28,73.85386,42.42614,40.91866285205,0.9984014615208952,0.7
2024-04-02 12:09:00,117.240005,74.201385,43.03862,41.6253152330724,0.9984014615208952,0.7
2024-04-02 12:10:00,35.091576,74.35687,39.265297,40.83864246739332,0.9984014615208952,0.5
2024-04-02 12:11:00,119.29,74.59809,44.69191,42.12306490827524,0.9984014615208952,0.9
2024-04-02 12:12:00,119.63,74.73397,44.896027,43.04738547595954,0.9984014615208952,0.9
2024-04-02 12:13:00,35.091576,74.7416,39.650024,41.914931788660525,0.9984014615208952,0.5
2024-04-02 12:14:00,119.950005,74.661575,45.28843,43.03943094585832,0.9984014615208952,0.9
2024-04-02 12:15:00,120.5,74.51192,45.988083,44.022314925819614,0.9984014615208952,0.9
2024-04-02 12:16:00,120.655,73.0121,47.6429,45.22917613706985,0.9984014615208952,0.9
2024-04-02 12:17:00,121.095,73.049545,48.045456,46.16793606891896,0.9984014615208952,0.9
2024-04-02 12:18:00,123.51,73.48694,50.023064,47.45297859916863,0.9984014615208952,0.9
2024-04-02 12:19:00,122.67,72.0004,50.6696,48.52518621292232,0.9986298241607673,0.9
2024-04-02 12:20:00,35.091576,72.70763,37.61605,44.88880771535317,0.9984014615208952,0.5
2024-04-02 12:21:00,35.091576,73.18921,38.097633,42.62508293084092,0.9984014615208952,0.5
2024-04-02 12:22:00,123.630005,73.60832,50.021683,45.09061620031322,0.9984014615208952,0.9
2024-04-02 12:23:00,125.07,73.88002,51.18998,47.123737317949704,0.9984014615208952,0.9
2024-04-02 12:24:00,35.091576,74.126755,39.03518,44.42755125802767,0.9984014615208952,0.5
2024-04-02 12:25:00,124.88,74.5425,50.337494,46.39753213751324,0.9984014615208952,0.7
2024-04-02 12:26:00,124.8,72.90083,51.89917,48.23141139896716,0.9984014615208952,0.9
2024-04-02 12:27:00,124.94,70.0087,54.931305,50.46470924319165,0.9986298241607673,0.9
2024-04-02 12:28:00,125.22,71.896484,53.323517,51.41764511069548,0.9986298241607673,0.7
2024-04-02 12:29:00,125.66,72.726616,52.933388,51.92289265924621,0.9986298241607673,0.9
2024-04-02 12:30:00,35.091576,70.72858,35.637,46.494262118696696,0.9984014615208952,0.5
2024-04-02 12:31:00,129.2,72.16266,57.03734,50.00862083140978,0.9986298241607673,0.9
2024-04-02 12:32:00,130.61499,69.736725,60.878265,53.63183568122631,0.9986298241607673,0.9
2024-04-02 12:33:00,131.74,70.655655,61.08435,56.116007316130045,0.9988581868006394,0.9
2024-04-02 12:34:00,35.091576,71.32686,36.235283,49.489099176736445,0.9986298241607673,0.5
2024-04-02 12:35:00,35.091576,71.36955,36.277977,45.085391781073,0.9984014615208952,0.5
2024-04-02 12:36:00,130.03,69.99268,60.037315,50.06936631026612,0.9986298241607673,0.7
2024-04-02 12:37:00,129.88,71.14818,58.731827,52.95685313425294,0.9986298241607673,0.9
2024-04-02 12:38:00,129.79001,71.8123,57.977707,54.630471059228526,0.9988581868006394,0.9
2024-04-02 12:39:00,127.83,72.40062,55.429382,54.89677481422527,0.9988581868006394,0.7
2024-04-02 12:40:00,127.635,71.297,56.338005,55.37718489812284,0.9988581868006394,0.9
2024-04-02 12:41:00,127.490005,68.72848,58.761528,56.5052992704608,0.9988581868006394,0.9
2024-04-02 12:42:00,35.091576,70.2204,35.128822,49.37980695586059,0.9986298241607673,0.5
2024-04-02 12:43:00,129.47,72.3006,57.169403,51.976338995964355,0.9986298241607673,0.9
2024-04-02 12:44:00,129.53,73.38319,56.146812,53.36649681029786,0.9986298241607673,0.9
2024-04-02 12:45:00,130.98,74.1009,56.879097,54.537363535153006,0.9988581868006394,0.7
2024-04-02 12:46:00,131.445,75.06236,56.382645,55.15245724120878,0.9988581868006394,0.9
2024-04-02 12:47:00,131.1,76.015,55.085007,55.129973732094925,0.9988581868006394,0.9
2024-04-02 12:48:00,35.091576,74.410065,39.31849,49.85947884629896,0.9986298241607673,0.5
2024-04-02 12:49:00,130.03,75.910675,54.119324,51.279427141022225,0.9986298241607673,0.7
2024-04-02 12:50:00,130.125,76.89052,53.23448,51.9311120311893,0.9986298241607673,0.7
2024-04-02 12:51:00,129.525,77.32136,52.203636,52.02195341060407,0.9986298241607673,0.7
2024-04-02 12:52:00,128.005,77.474365,50.53064,51.524848823215216,0.9986298241607673,0.7
2024-04-02 12:53:00,125.535,77.63991,47.895096,50.31493115720859,0.9986298241607673,0.7
2024-04-02 12:54:00,123.32001,75.7131,47.60691,49.41225767332787,0.9986298241607673,0.7
2024-04-02 12:55:00,35.091576,76.54523,41.45365,46.75938892495947,0.9984014615208952,0.5
2024-04-02 12:56:00,35.091576,76.51448,41.422905,44.980560939393555,0.9984014615208952,0.5
2024-04-02 12:57:00,35.091576,75.86698,40.775406,43.57884258752539,0.9984014615208952,0.5
2024-04-02 12:58:00,114.14,75.311844,38.828156,41.995280230876304,0.9984014615208952,0.7
2024-04-02 12:59:00,113.96,74.95628,39.003716,40.998091992296445,0.9984014615208952,0.7
2024-04-02 13:00:00,118.509995,74.71909,43.7909,41.92902838955831,0.9984014615208952,0.7
2024-04-02 13:01:00,120.655,72.83354,47.821457,43.893171229432106,0.9984014615208952,0.7
2024-04-02 13:02:00,123.14001,70.439354,52.700653,46.8289985116787,0.9984014615208952,0.7
2024-04-02 13:03:00,122.01,67.88545,54.12455,49.26084896302669,0.9986298241607673,0.7
2024-04-02 13:04:00,122.53,71.25061,51.27939,49.933695451262594,0.9986298241607673,0.7
2024-04-02 13:05:00,123.775,73.7144,50.0606,49.97599706109564,0.9986298241607673,0.7
2024-04-02 13:06:00,124.12,74.96816,49.15184,49.70127811071741,0.9986298241607673,0.7
2024-04-02 13:07:00,124.51,75.672104,48.8379,49.413484825276456,0.9986298241607673,0.7
2024-04-02 13:08:00,35.091576,75.909744,40.81817,46.54837943022988,0.9984014615208952,0.5
2024-04-02 13:09:00,35.091576,76.20072,41.109146,44.73530165954128,0.9984014615208952,0.5
2024-04-02 13:10:00,123.75,76.53742,47.212578,45.56106037963559,0.9984014615208952,0.7
2024-04-02 13:11:00,35.091576,76.75847,41.666893,44.263004588214095,0.9984014615208952,0.5
2024-04-02 13:12:00,124.71001,76.95063,47.759377,45.42846190076904,0.9984014615208952,0.7
2024-04-02 13:13:00,35.091576,76.94826,41.85668,44.237868541756185,0.9984014615208952,0.5
2024-04-02 13:14:00,35.091576,75.11821,40.026634,42.83412376660699,0.9984014615208952,0.5
2024-04-02 13:15:00,124.439995,72.25206,52.187935,45.95206080290076,0.9984014615208952,0.9
2024-04-02 13:16:00,124.045,74.20871,49.83629,47.24680335264999,0.9984014615208952,0.9
2024-04-02 13:17:00,125.22,72.11656,53.10344,49.199015345451556,0.9986298241607673,0.9
2024-04-02 13:18:00,127.635,73.343,54.292,50.89667683593255,0.9986298241607673,0.9
2024-04-02 13:19:00,129.945,71.18854,58.75647,53.51660779947587,0.9986298241607673,0.9
2024-04-02 13:20:00,130.69,67.599625,63.090378,56.707864468856314,0.9988581868006394,0.9
2024-04-02 13:21:00,130.35,69.721886,60.62812,58.01461645335864,0.9988581868006394,0.9
2024-04-02 13:22:00,130.27,71.498474,58.77153,58.26692101936149,0.9988581868006394,0.9
2024-04-02 13:23:00,127.73501,72.78461,54.9504,57.16141444829178,0.9988581868006394,0.7
2024-04-02 13:24:00,128.21,73.74241,54.467598,56.26347561933645,0.9988581868006394,0.7
2024-04-02 13:25:00,128.17499,74.57995,53.59504,55.373996868782896,0.9988581868006394,0.9
2024-04-02 13:26:00,128.81,75.23643,53.57357,54.77385466301022,0.9988581868006394,0.7
2024-04-02 13:27:00,128.675,75.759384,52.91562,54.15444274083494,0.9988581868006394,0.9
2024-04-02 13:28:00,128.1,76.01974,52.08027,53.46305144717772,0.9986298241607673,0.7
2024-04-02 13:29:00,128.78,76.093155,52.686844,53.20431558880858,0.9986298241607673,0.7
2024-04-02 13:30:00,128.57501,76.18863,52.386383,52.931671411419266,0.9986298241607673,0.9
2024-04-02 13:31:00,128.295,76.67705,51.61795,52.493764420763895,0.9986298241607673,0.9
2024-04-02 13:32:00,127.83,76.99267,50.837334,51.941620840242344,0.9986298241607673,0.9
2024-04-02 13:33:00,127.125,77.078766,50.046234,51.30982527044802,0.9986298241607673,0.7
2024-04-02 13:34:00,126.95,77.52298,49.427017,50.682222584270036,0.9986298241607673,0.7
2024-04-02 13:35:00,126.659996,77.80652,48.853477,50.07264088218914,0.9986298241607673,0.7
2024-04-02 13:36:00,125.020004,77.92381,47.09619,49.0804910568761,0.9986298241607673,0.7
2024-04-02 13:37:00,123.450005,77.78505,45.664955,47.94197908430412,0.9984014615208952,0.7
2024-04-02 13:38:00,122.18,77.58482,44.595177,46.82637828846187,0.9984014615208952,0.7
2024-04-02 13:39:00,121.12,77.43399,43.686012,45.779589614996716,0.9984014615208952,0.7
2024-04-02 13:40:00,119.21,76.377304,42.832695,44.79729141243922,0.9984014615208952,0.7
2024-04-02 13:41:00,118.37,75.61656,42.75344,44.11600789393735,0.9984014615208952,0.7
2024-04-02 13:42:00,116.65,75.938995,40.711006,42.98100731747516,0.9984014615208952,0.7
2024-04-02 13:43:00,115.54,75.63347,39.906532,41.956182307515995,0.9984014615208952,0.7
2024-04-02 13:44:00,114.465,76.45641,38.008583,40.64031589462655,0.9984014615208952,0.7
2024-04-02 13:45:00,112.845,76.788246,36.056755,39.11246228505703,0.998173098881023,0.7
2024-04-02 13:46:00,111.21,76.736145,34.473854,37.56625954501849,0.998173098881023,0.7
2024-04-02 13:47:00,35.091576,76.08204,40.990463,38.70766078229097,0.998173098881023,0.5
2024-04-02 13:48:00,35.091576,76.41548,41.323906,39.57974250313539,0.9984014615208952,0.5
2024-04-02 13:49:00,35.091576,75.71521,40.623634,39.92770644821657,0.9984014615208952,0.5
2024-04-02 13:50:00,103.91,75.1823,28.727707,36.19437326853761,0.998173098881023,0.7
2024-04-02 13:51:00,103.03,74.915985,28.114014,33.50092006965008,0.998173098881023,0.7
2024-04-02 13:52:00,101.68,74.712875,26.967125,31.322988359421668,0.998173098881023,0.7
2024-04-02 13:53:00,99.58,72.930145,26.649857,29.765277762075385,0.998173098881023,0.7
2024-04-02 13:54:00,98.83,70.6989,28.131104,29.22055301325859,0.9977163736012788,0.7
2024-04-02 13:55:00,35.091576,68.25693,33.16535,30.535485964730988,0.998173098881023,0.5
2024-04-02 13:56:00,35.091576,68.682724,33.59115,31.55404010197561,0.998173098881023,0.5
2024-04-02 13:57:00,94.725,69.10497,25.620026,29.576035279572285,0.998173098881023,0.7
2024-04-02 13:58:00,93.395,69.554565,23.840431,27.664167257507827,0.9977163736012788,0.7
2024-04-02 13:59:00,35.091576,69.811615,34.72004,30.016124627563812,0.998173098881023,0.5
2024-04-02 14:00:00,91.065,70.09224,20.972763,27.00167077221702,0.9977163736012788,0.7
2024-04-02 14:01:00,35.091576,68.49585,33.404274,29.135871843750152,0.9977163736012788,0.5
2024-04-02 14:02:00,88.695,66.10169,22.593307,26.9550170608725,0.9977163736012788,0.7
2024-04-02 14:03:00,87.585,66.28885,21.29615,25.068728109754847,0.9972596483215346,0.7
2024-04-02 14:04:00,86.53999,66.73167,19.808327,23.315260980233703,0.996117835122174,0.7
2024-04-02 14:05:00,85.45,65.08992,20.360077,22.330199621588093,0.9947476592829413,0.7
2024-04-02 14:06:00,35.091576,65.10183,30.010254,24.890217716475398,0.9970312856816624,0.5
2024-04-02 14:07:00,84.225,63.44163,20.783367,23.52126752997774,0.996117835122174,0.7
2024-04-02 14:08:00,84.240005,63.53292,20.707085,22.583206571905734,0.9947476592829413,0.7
2024-04-02 14:09:00,84.08501,64.132385,19.952621,21.706344867924138,0.9936058460835807,0.7
2024-04-02 14:10:00,84.035,64.75705,19.277954,20.896881279136927,0.992235670244348,0.7
2024-04-02 14:11:00,86.94,65.36029,21.579712,21.124491490778787,0.9926923955240923,0.7
2024-04-02 14:12:00,35.091576,64.152626,29.06105,23.77001113219888,0.9965745604019183,0.5
2024-04-02 14:13:00,35.091576,65.16499,30.073418,25.87114664265733,0.9972596483215346,0.5
2024-04-02 14:14:00,35.091576,66.73379,31.642212,27.794835066459058,0.9977163736012788,0.5
2024-04-02 14:15:00,35.091576,67.83349,32.741913,29.443860991571665,0.998173098881023,0.5
2024-04-02 14:16:00,98.66,69.742386,28.917618,29.268446593664965,0.997944736241151,0.7
2024-04-02 14:17:00,98.255,70.70953,27.545464,28.694118916447216,0.9977163736012788,0.9
2024-04-02 14:18:00,35.091576,69.71459,34.623016,30.67041806343877,0.998173098881023,0.5
2024-04-02 14:19:00,99.425,66.56209,32.862915,31.40125038864668,0.998173098881023,0.9
2024-04-02 14:20:00,102.37,62.479362,39.89064,34.231047012027474,0.998173098881023,0.9
2024-04-02 14:21:00,35.091576,58.21334,23.121765,30.527953053591233,0.998173098881023,0.5
2024-04-02 14:22:00,108.68,59.1024,49.5776,36.8778348929866,0.998173098881023,0.9
2024-04-02 14:23:00,35.091576,61.932396,26.84082,33.53216336615773,0.998173098881023,0.5
2024-04-02 14:24:00,110.94,60.59009,50.34991,39.13807915613315,0.998173098881023,0.9
2024-04-02 14:25:00,112.07,62.79622,49.27378,42.51664637834007,0.9984014615208952,0.9
2024-04-02 14:26:00,35.091576,63.892475,28.8009,37.94473075409846,0.998173098881023,0.5
2024-04-02 14:27:00,110.13,62.417328,47.71267,41.200710293585175,0.9984014615208952,0.7
2024-04-02 14:28:00,110.670006,63.349472,47.320534,43.24065144653726,0.9984014615208952,0.7
2024-04-02 14:29:00,35.091576,61.380886,26.28931,37.590204449465595,0.998173098881023,0.5
2024-04-02 14:30:00,114.48,62.44816,52.031845,42.40408466390154,0.9984014615208952,0.7
2024-04-02 14:31:00,115.2,63.2697,51.930298,45.57948905978853,0.9984014615208952,0.9
2024-04-02 14:32:00,35.091576,61.535427,26.443851,39.20094319684144,0.998173098881023,0.5
2024-04-02 14:33:00,116.125,62.79733,53.32767,43.90985248156943,0.9984014615208952,0.7
2024-04-02 14:34:00,117.16,64.524216,52.635788,46.81849764233535,0.9984014615208952,0.9
2024-04-02 14:35:00,117.44501,63.326046,54.11896,49.251985539633075,0.9986298241607673,0.9
2024-04-02 14:36:00,35.091576,65.26576,30.174187,42.89271926193638,0.9984014615208952,0.5
2024-04-02 14:37:00,118.3,67.528076,50.771927,45.519121801251856,0.9984014615208952,0.9
2024-04-02 14:38:00,118.729996,66.383575,52.34642,47.79488796352989,0.9984014615208952,0.7
2024-04-02 14:39:00,35.091576,67.6131,32.521523,42.70376614967748,0.9984014615208952,0.5
2024-04-02 14:40:00,121.055,67.44725,53.60775,46.33842741277327,0.9984014615208952,0.9
2024-04-02 14:41:00,122.01,68.45079,53.55921,48.74535551883453,0.9986298241607673,0.7
2024-04-02 14:42:00,123.27,67.38822,55.881775,51.124161980004274,0.9986298241607673,0.9
2024-04-02 14:43:00,124.07,67.14154,56.92846,53.05892770916301,0.9986298241607673,0.9
2024-04-02 14:44:00,124.54,67.100876,57.439125,54.51899349312039,0.9988581868006394,0.7
2024-04-02 14:45:00,35.091576,66.072495,30.980919,46.672968623506044,0.9984014615208952,0.5
2024-04-02 14:46:00,128.58499,66.46457,62.120422,51.82211987009778,0.9986298241607673,0.9
2024-04-02 14:47:00,35.091576,67.098076,32.0065,45.216913328112064,0.9984014615208952,0.5
2024-04-02 14:48:00,127.885,67.91179,59.973213,50.13567995067497,0.9986298241607673,0.9
2024-04-02 14:49:00,35.091576,68.91813,33.826553,44.69930441535884,0.9984014615208952,0.5
2024-04-02 14:50:00,131.93,69.58683,62.343163,50.58059045577959,0.9986298241607673,0.9
2024-04-02 14:51:00,35.091576,68.81767,33.726097,44.962426006164264,0.9984014615208952,0.5
2024-04-02 14:52:00,35.091576,69.422485,34.33091,41.418587247110814,0.9984014615208952,0.5
2024-04-02 14:53:00,132.63,68.03688,64.593124,49.143432961290024,0.9986298241607673,0.9
2024-04-02 14:54:00,132.42499,69.13899,63.285995,53.8576204686595,0.9988581868006394,0.7
2024-04-02 14:55:00,35.091576,67.64239,32.55081,46.75535090163238,0.9984014615208952,0.5
2024-04-02 14:56:00,135.33,68.61388,66.716125,53.40894243051534,0.9986298241607673,0.9
2024-04-02 14:57:00,35.091576,67.019135,31.927559,46.24848125331882,0.9984014615208952,0.5
2024-04-02 14:58:00,35.091576,64.19194,29.100365,40.53244239723208,0.9984014615208952,0.5
2024-04-02 14:59:00,35.091576,66.90546,31.81388,37.62625523829144,0.998173098881023,0.5
2024-04-02 15:00:00,137.295,69.380844,67.914154,47.722221509772424,0.9984014615208952,0.7
2024-04-02 15:01:00,35.091576,68.10687,33.015297,42.81991331852667,0.9984014615208952,0.5
2024-04-02 15:02:00,137.375,70.08084,67.29416,50.97799519086674,0.9986298241607673,0.7
2024-04-02 15:03:00,35.091576,68.655716,33.56414,45.173376900519244,0.9984014615208952,0.5
2024-04-02 15:04:00,35.091576,65.19554,30.103966,40.15023985343861,0.9984014615208952,0.5
2024-04-02 15:05:00,35.091576,61.629974,26.538399,35.61295948318434,0.998173098881023,0.5
2024-04-02 15:06:00,35.091576,64.957085,29.865509,33.69714266652394,0.998173098881023,0.5
2024-04-02 15:07:00,138.135,63.000984,75.13401,47.509431882663094,0.9984014615208952,0.7
2024-04-02 15:08:00,140.8,66.059494,74.74051,56.58645759950977,0.9988581868006394,0.9
2024-04-02 15:09:00,142.005,64.39623,77.60877,63.593895825617196,0.9990865494405116,0.9
2024-04-02 15:10:00,143.42001,61.45993,81.96008,69.7159582196823,0.9993149120803837,0.7
2024-04-02 15:11:00,143.24,58.023468,85.21654,74.88281797165018,0.9997716373601279,0.9
2024-04-02 15:12:00,142.67499,54.872124,87.802864,79.18950000600248,1.0,0.7
2024-04-02 15:13:00,35.091576,60.232796,25.14122,61.173406701592796,0.9990865494405116,0.5
2024-04-02 15:14:00,145.42001,63.84458,81.57543,67.97408174230536,0.9990865494405116,0.7
2024-04-02 15:15:00,145.41,66.83436,78.575645,71.5079363104627,0.9995432747202557,0.9
2024-04-02 15:16:00,144.005,68.85774,75.14726,72.72104506472253,0.9995432747202557,0.7
2024-04-02 15:17:00,143.04001,70.82521,72.2148,72.5522960343593,0.9995432747202557,0.9
2024-04-02 15:18:00,35.091576,73.43508,38.343506,61.149365976031206,0.9990865494405116,0.5
2024-04-02 15:19:00,35.091576,72.69621,37.604637,53.30112303268618,0.9986298241607673,0.5
2024-04-02 15:20:00,138.64,74.1566,64.4834,57.02854816762412,0.9988581868006394,0.7
2024-04-02 15:21:00,35.091576,75.42232,40.33074,51.462612739190824,0.9986298241607673,0.5
2024-04-02 15:22:00,35.091576,76.38515,41.29357,48.07293231684987,0.9984014615208952,0.5
2024-04-02 15:23:00,35.091576,77.04642,41.95484,46.03356874915643,0.9984014615208952,0.5
2024-04-02 15:24:00,141.86,75.29651,66.56349,52.87687643986731,0.9986298241607673,0.7
2024-04-02 15:25:00,35.091576,72.54774,37.45616,47.736638126252686,0.9984014615208952,0.5
2024-04-02 15:26:00,139.82,75.423004,64.397,53.29009314211117,0.9986298241607673,0.7
2024-04-02 15:27:00,139.55,73.44293,66.10707,57.562419069024635,0.9988581868006394,0.7
2024-04-02 15:28:00,138.70001,70.05956,68.64045,61.25509588732502,0.9990865494405116,0.7
2024-04-02 15:29:00,139.98999,66.48042,73.50957,65.33991967846407,0.9990865494405116,0.7
2024-04-02 15:30:00,141.26001,69.88519,71.37482,67.3515520838198,0.9990865494405116,0.7
2024-04-02 15:31:00,141.87,67.746735,74.12326,69.6087882218955,0.9993149120803837,0.7
2024-04-02 15:32:00,35.091576,70.106964,35.01539,58.07765497752018,0.9988581868006394,0.5
2024-04-02 15:33:00,35.091576,72.079865,36.98829,51.04786627814497,0.9986298241607673,0.5
2024-04-02 15:34:00,138.70001,74.32851,64.371506,55.48907943119821,0.9988581868006394,0.7
2024-04-02 15:35:00,137.84,75.95358,61.886414,57.6215241455384,0.9988581868006394,0.7
2024-04-02 15:36:00,135.55,76.52667,59.02333,58.088792993184455,0.9988581868006394,0.7
2024-04-02 15:37:00,133.91,77.427536,56.482468,57.553351212578704,0.9988581868006394,0.7
2024-04-02 15:38:00,132.435,75.76004,56.674957,57.26055323351602,0.9988581868006394,0.7
2024-04-02 15:39:00,131.18,72.7892,58.390793,57.63729977123725,0.9988581868006394,0.7
2024-04-02 15:40:00,35.091576,74.58981,39.498238,51.59094571744593,0.9986298241607673,0.5
2024-04-02 15:41:00,127.990005,75.79461,52.195396,51.79242928607724,0.9986298241607673,0.7
2024-04-02 15:42:00,126.0,76.681694,49.318306,50.967721513797585,0.9986298241607673,0.7
2024-04-02 15:43:00,123.865005,77.40207,46.462936,49.466126476320795,0.9986298241607673,0.7
2024-04-02 15:44:00,35.091576,77.89688,42.805305,47.24585281119954,0.9984014615208952,0.5
2024-04-02 15:45:00,119.755,78.17914,41.57586,45.35585489740777,0.9984014615208952,0.7
2024-04-02 15:46:00,117.86,75.66443,42.19557,44.302427231409865,0.9984014615208952,0.7
2024-04-02 15:47:00,116.065,75.214355,40.850647,43.15183381182533,0.9984014615208952,0.7
2024-04-02 15:48:00,114.33,75.10196,39.228043,41.84390340872991,0.9984014615208952,0.7
2024-04-02 15:49:00,112.56,74.977165,37.582832,40.42354638462854,0.9984014615208952,0.7
2024-04-02 15:50:00,111.47,72.98215,38.487854,39.778315591054444,0.9984014615208952,0.7
2024-04-02 15:51:00,109.240005,72.94528,36.294724,38.61711823095036,0.998173098881023,0.7
2024-04-02 15:52:00,107.579994,73.13,34.449997,37.22807780338097,0.998173098881023,0.7
2024-04-02 15:53:00,106.62,73.174835,33.445168,35.96710771608862,0.998173098881023,0.7
2024-04-02 15:54:00,104.689995,73.170555,31.51944,34.48455170981429,0.998173098881023,0.7
2024-04-02 15:55:00,103.03,73.14564,29.884361,32.95115489557281,0.998173098881023,0.7
2024-04-02 15:56:00,101.590004,73.11832,28.471687,31.457999036013387,0.998173098881023,0.7
2024-04-02 15:57:00,35.091576,73.069305,37.97773,33.63124262313002,0.998173098881023,0.5
2024-04-02 15:58:00,98.865,72.988396,25.876602,31.046362473037203,0.998173098881023,0.7
2024-04-02 15:59:00,35.091576,72.96991,37.878334,33.32368633049485,0.998173098881023,0.5
2024-04-02 16:00:00,96.155,72.893394,23.261604,29.969658990023913,0.998173098881023,0.7
2024-04-02 16:01:00,94.9,72.798134,22.101868,27.34706188527636,0.9977163736012788,0.7
2024-04-02 16:02:00,93.65,72.70461,20.945389,25.21317085483268,0.9972596483215346,0.7
2024-04-02 16:03:00,35.091576,71.004486,35.91291,28.77975072369705,0.9977163736012788,0.5
2024-04-02 16:04:00,91.285,70.84898,20.43602,25.99850711495168,0.9972596483215346,0.7
2024-04-02 16:05:00,35.091576,69.073105,33.98153,28.659514488581067,0.9977163736012788,0.5
2024-04-02 16:06:00,89.0,68.91077,20.089233,25.80275412519988,0.9972596483215346,0.7
2024-04-02 16:07:00,87.915,69.08835,18.826653,23.477386925751745,0.996117835122174,0.7
2024-04-02 16:08:00,86.825,69.23802,17.586975,21.51391631638658,0.9936058460835807,0.7
2024-04-02 16:09:00,35.091576,67.65117,32.559593,25.195808611152252,0.9972596483215346,0.5
2024-04-02 16:10:00,84.89,67.506355,17.383644,22.59175377543614,0.9947476592829413,0.7
2024-04-02 16:11:00,35.091576,65.78529,30.693718,25.29240850247175,0.9972596483215346,0.5
2024-04-02 16:12:00,35.091576,65.609314,30.517738,27.034185115742886,0.9977163736012788,0.5
2024-04-02 16:13:00,35.091576,65.90592,30.814346,28.29423884832078,0.9977163736012788,0.5
2024-04-02 16:14:00,84.2,66.23828,17.961716,24.85006446496125,0.9968029230417904,0.7
2024-04-02 16:15:00,84.01,64.83697,19.173035,22.957721199297083,0.9956611098424297,0.7
2024-04-02 16:16:00,84.255005,64.76398,19.491028,21.802156743541808,0.9938342087234528,0.7
2024-04-02 16:17:00,85.57,63.168716,22.401283,22.001865583747925,0.9942909340031971,0.7
2024-04-02 16:18:00,87.380005,60.643776,26.736229,23.57998670345565,0.996117835122174,0.7
2024-04-02 16:19:00,89.67,57.985817,31.684181,26.28138487343007,0.9972596483215346,0.7
2024-04-02 16:20:00,90.735,60.51281,30.22219,27.594986867931247,0.9977163736012788,0.7
2024-04-02 16:21:00,92.04,62.64331,29.39669,28.19555470150495,0.9977163736012788,0.9
2024-04-02 16:22:00,93.75,64.48267,29.267326,28.552811919330125,0.9977163736012788,0.9
2024-04-02 16:23:00,96.509995,66.31199,30.198006,29.10120983830993,0.9977163736012788,0.9
2024-04-02 16:24:00,100.51,67.906296,32.603706,30.268708678827714,0.998173098881023,0.7
2024-04-02 16:25:00,100.44,68.390305,32.049698,30.862371744544,0.998173098881023,0.9
2024-04-02 16:26:00,101.29,68.867455,32.422546,31.382429958602252,0.998173098881023,0.7
2024-04-02 16:27:00,101.88,70.56578,31.314217,31.35969217699135,0.998173098881023,0.7
2024-04-02 16:28:00,101.88,71.32985,30.550148,31.089844121412206,0.998173098881023,0.7
2024-04-02 16:29:00,101.965004,71.49002,30.474983,30.88489048605215,0.998173098881023,0.9
2024-04-02 16:30:00,102.365,72.00615,30.358849,30.70954318129388,0.998173098881023,0.9
2024-04-02 16:31:00,102.86,72.07241,30.78759,30.73555879648108,0.998173098881023,0.9
2024-04-02 16:32:00,101.32,71.9017,29.418297,30.29647146897567,0.998173098881023,0.9
2024-04-02 16:33:00,100.735,71.53175,29.203247,29.93206333608795,0.998173098881023,0.9
2024-04-02 16:34:00,35.091576,70.72479,35.633217,31.832447843362022,0.998173098881023,0.5
2024-04-02 16:35:00,100.095,70.173676,29.921326,31.195407123439267,0.998173098881023,0.9
2024-04-02 16:36:00,99.415,70.115135,29.299866,30.56355998984493,0.998173098881023,0.9
2024-04-02 16:37:00,98.020004,70.32625,27.693756,29.60695869440183,0.998173098881023,0.9
2024-04-02 16:38:00,97.97,70.10181,27.868195,29.02737065629393,0.9977163736012788,0.9
2024-04-02 16:39:00,35.091576,69.821686,34.73011,30.928283827014965,0.998173098881023,0.5
2024-04-02 16:40:00,103.185005,68.02096,35.164047,32.34020496508029,0.998173098881023,0.9
2024-04-02 16:41:00,104.79,67.27634,37.513664,34.06469139192202,0.998173098881023,0.9
2024-04-02 16:42:00,35.091576,66.65342,31.561844,33.23040888530478,0.998173098881023,0.5
2024-04-02 16:43:00,35.091576,67.15142,32.059845,32.8402209137709,0.998173098881023,0.5
2024-04-02 16:44:00,108.11001,67.2005,40.909508,35.52998319300222,0.998173098881023,0.9
2024-04-02 16:45:00,35.091576,66.05879,30.967216,34.00906095923455,0.998173098881023,0.5
2024-04-02 16:46:00,109.38,65.73357,43.64643,37.2215176292358,0.998173098881023,0.9
2024-04-02 16:47:00,35.091576,65.877365,30.78579,35.07627491607256,0.998173098881023,0.5
2024-04-02 16:48:00,108.96,64.21769,44.74231,38.29828646748588,0.998173098881023,0.9
2024-04-02 16:49:00,35.091576,61.449936,26.35836,34.31831107516637,0.998173098881023,0.5
2024-04-02 16:50:00,108.76,61.882294,46.87771,38.50477686179711,0.998173098881023,0.9
2024-04-02 16:51:00,108.58,60.290565,48.289436,41.766330021308754,0.9984014615208952,0.9
2024-04-02 16:52:00,108.51,60.89347,47.61653,43.716397138229276,0.9984014615208952,0.9
2024-04-02 16:53:00,108.875,59.310555,49.564445,45.66574659068801,0.9984014615208952,0.9
2024-04-02 16:54:00,109.009995,60.31242,48.697575,46.67635593228485,0.9984014615208952,0.7
2024-04-02 16:55:00,107.740005,59.03088,48.709126,47.35394579445618,0.9984014615208952,0.9
2024-04-02 16:56:00,108.62,60.239388,48.380615,47.69616894109579,0.9984014615208952,0.9
2024-04-02 16:57:00,35.091576,62.071384,26.979809,40.790715563188215,0.9984014615208952,0.5
2024-04-02 16:58:00,108.91,63.89003,45.019974,42.20046829375308,0.9984014615208952,0.7
2024-04-02 16:59:00,110.23,65.62621,44.60379,43.001575623569764,0.9984014615208952,0.9
2024-04-02 17:00:00,35.091576,67.239716,32.14814,39.383763733584274,0.9984014615208952,0.5
2024-04-02 17:01:00,111.770004,68.3948,43.375206,40.7142444869403,0.9984014615208952,0.9
2024-04-02 17:02:00,35.091576,69.53012,34.438545,38.6223447336438,0.998173098881023,0.5
2024-04-02 17:03:00,35.091576,68.83521,33.743637,36.996108850749515,0.998173098881023,0.5
2024-04-02 17:04:00,114.840004,69.41823,45.421776,39.80466450645671,0.9984014615208952,0.7
2024-04-02 17:05:00,35.091576,70.02359,34.932014,38.18044782608182,0.998173098881023,0.5
2024-04-02 17:06:00,115.44,68.82054,46.61946,40.993452237244654,0.9984014615208952,0.9
2024-04-02 17:07:00,114.840004,69.41926,45.420746,42.46921677469956,0.9984014615208952,0.9
2024-04-02 17:08:00,113.06,67.87126,45.188736,43.37572317043773,0.9984014615208952,0.9
2024-04-02 17:09:00,35.091576,64.925354,29.833778,38.86174157407437,0.998173098881023,0.5
2024-04-02 17:10:00,113.595,66.131744,47.463257,41.72891332802875,0.9984014615208952,0.9
2024-04-02 17:11:00,113.195,64.61966,48.57534,44.0110556423512,0.9984014615208952,0.9
2024-04-02 17:12:00,35.091576,65.33284,30.241264,39.421125209321374,0.9984014615208952,0.5
2024-04-02 17:13:00,35.091576,66.334076,31.2425,36.694916907939515,0.998173098881023,0.5
2024-04-02 17:14:00,111.94,69.11631,42.823692,38.73784204588546,0.998173098881023,0.9
2024-04-02 17:15:00,110.19,68.94899,41.241013,39.57223222167104,0.9984014615208952,0.7
2024-04-02 17:16:00,110.01,69.022675,40.987328,40.04393067300856,0.9984014615208952,0.7
2024-04-02 17:17:00,112.009995,69.32712,42.682877,40.92357931097706,0.9984014615208952,0.7
2024-04-02 17:18:00,114.87,67.44057,47.429436,43.09219811731153,0.9984014615208952,0.7
2024-04-02 17:19:00,117.33,64.16376,53.166245,46.450213580486334,0.9984014615208952,0.9
2024-04-02 17:20:00,120.36,64.631546,55.728455,49.54296058360548,0.9986298241607673,0.7
2024-04-02 17:21:00,35.091576,67.77753,32.68595,43.923957466707044,0.9984014615208952,0.5
2024-04-02 17:22:00,35.091576,70.271515,35.17994,41.00928473447787,0.9984014615208952,0.5
2024-04-02 17:23:00,122.51,72.1322,50.3778,44.13212315224958,0.9984014615208952,0.9
2024-04-02 17:24:00,121.57,73.28862,48.28138,45.51520866806873,0.9984014615208952,0.7
2024-04-02 17:25:00,120.9,73.82802,47.071983,46.0341335578466,0.9984014615208952,0.9
2024-04-02 17:26:00,35.091576,74.35447,39.262894,43.77705359748367,0.9984014615208952,0.5
2024-04-02 17:27:00,119.19,73.124695,46.065308,44.53980493738495,0.9984014615208952,0.7
2024-04-02 17:28:00,118.09,69.910355,48.17964,45.75308386613424,0.9984014615208952,0.7
2024-04-02 17:29:00,35.091576,71.014786,35.92321,42.47645929210382,0.9984014615208952,0.5
2024-04-02 17:30:00,118.3,72.149734,46.15027,43.701062379631715,0.9984014615208952,0.9
2024-04-02 17:31:00,120.57,72.91548,47.65452,45.018880962234945,0.9984014615208952,0.9
2024-04-02 17:32:00,123.08501,70.96899,52.11602,47.384594042368875,0.9984014615208952,0.9
2024-04-02 17:33:00,124.475006,71.00186,53.473145,49.414110871995916,0.9986298241607673,0.9
2024-04-02 17:34:00,35.091576,71.41234,36.320763,45.04966145942306,0.9984014615208952,0.5
2024-04-02 17:35:00,126.93001,69.52362,57.406387,49.16857008264923,0.9986298241607673,0.9
2024-04-02 17:36:00,35.091576,72.19594,37.104362,45.14716755103048,0.9984014615208952,0.5
2024-04-02 17:37:00,129.93001,73.50621,56.423798,48.90604423649428,0.9986298241607673,0.7
2024-04-02 17:38:00,129.91,74.25447,55.655533,51.15587376996754,0.9986298241607673,0.9
2024-04-02 17:39:00,130.10501,74.831955,55.273056,52.52826785673618,0.9986298241607673,0.9
2024-04-02 17:40:00,129.81,73.260635,56.549362,53.86863263202985,0.9988581868006394,0.9
2024-04-02 17:41:00,129.625,74.034225,55.590775,54.44267993339751,0.9988581868006394,0.7
2024-04-02 17:42:00,35.091576,72.06685,36.975273,48.620210999706416,0.9986298241607673,0.5
2024-04-02 17:43:00,129.195,73.075775,56.119232,51.119884725715735,0.9986298241607673,0.9
2024-04-02 17:44:00,130.19,73.82939,56.36061,52.86679347111519,0.9986298241607673,0.7
2024-04-02 17:45:00,132.76001,74.262955,58.497055,54.74354733198044,0.9988581868006394,0.9
2024-04-02 17:46:00,133.25,74.55007,58.69993,56.062340982550765,0.9988581868006394,0.9
2024-04-02 17:47:00,133.08,75.38591,57.69409,56.60625792065885,0.9988581868006394,0.9
2024-04-02 17:48:00,131.88,73.71047,58.169533,57.127349539065534,0.9988581868006394,0.9
2024-04-02 17:49:00,132.95001,75.02769,57.922325,57.39234140413614,0.9988581868006394,0.7
2024-04-02 17:50:00,133.4,75.84523,57.554764,57.446482200739204,0.9988581868006394,0.9
2024-04-02 17:51:00,133.08,76.16443,56.915573,57.269512507198534,0.9988581868006394,0.7
2024-04-02 17:52:00,131.35,76.25609,55.093918,56.54431428702559,0.9988581868006394,0.9
2024-04-02 17:53:00,128.91,75.93721,52.972794,55.353807384384254,0.9988581868006394,0.7
2024-04-02 17:54:00,129.11499,76.81285,52.30214,54.33658468366502,0.9988581868006394,0.7
2024-04-02 17:55:00,128.39499,76.93346,51.461533,53.37823398670116,0.9986298241607673,0.7
2024-04-02 17:56:00,127.310005,77.02079,50.289215,52.348561020430985,0.9986298241607673,0.7
2024-04-02 17:57:00,126.575005,76.0707,50.504303,51.73380833979253,0.9986298241607673,0.7
2024-04-02 17:58:00,125.43,75.26753,50.162468,51.21002821204269,0.9986298241607673,0.7
2024-04-02 17:59:00,124.045,76.34714,47.69786,50.03930571395294,0.9986298241607673,0.7
2024-04-02 18:00:00,121.995,75.67894,46.316063,48.798224785050664,0.9986298241607673,0.7
2024-04-02 18:01:00,119.69,75.601715,44.088287,47.22824564120566,0.9984014615208952,0.7
2024-04-02 18:02:00,117.590004,75.363335,42.22667,45.561053531311586,0.9984014615208952,0.7
2024-04-02 18:03:00,115.575005,75.08907,40.48593,43.86934615303585,0.9984014615208952,0.7
2024-04-02 18:04:00,113.670006,74.80031,38.869698,42.20279662562416,0.9984014615208952,0.7
2024-04-02 18:05:00,111.45,74.460526,36.98947,40.465021562265065,0.9984014615208952,0.7
2024-04-02 18:06:00,110.64,74.22601,36.413986,39.114676443528275,0.998173098881023,0.7
2024-04-02 18:07:00,108.41,74.05605,34.35395,37.52776779584828,0.998173098881023,0.7
2024-04-02 18:08:00,107.225,73.923035,33.301964,36.11916646594963,0.998173098881023,0.7
2024-04-02 18:09:00,105.99,73.78595,32.20405,34.81412702954585,0.998173098881023,0.7
2024-04-02 18:10:00,105.325005,73.64836,31.676643,33.76829914355791,0.998173098881023,0.7
2024-04-02 18:11:00,104.725,73.526474,31.198524,32.91170758740449,0.998173098881023,0.7
2024-04-02 18:12:00,104.649994,73.463974,31.18602,32.33647835742331,0.998173098881023,0.7
2024-04-02 18:13:00,35.091576,73.28996,38.198387,34.29044795361424,0.998173098881023,0.5
2024-04-02 18:14:00,108.08,74.33036,33.74964,34.11017910856184,0.998173098881023,0.7
2024-04-02 18:15:00,108.57,75.054596,33.515404,33.91192065489409,0.998173098881023,0.7
2024-04-02 18:16:00,35.091576,75.00467,39.913094,35.9123116255609,0.998173098881023,0.5
2024-04-02 18:17:00,35.091576,75.39337,40.301796,37.375473070198154,0.998173098881023,0.5
2024-04-02 18:18:00,113.755,75.96936,37.785637,37.512194347417264,0.998173098881023,0.7
2024-04-02 18:19:00,35.091576,73.99397,38.902397,37.97559528353209,0.998173098881023,0.5
2024-04-02 18:20:00,114.82,75.8251,38.994896,38.31536216737426,0.998173098881023,0.9
2024-04-02 18:21:00,115.22,76.391846,38.828156,38.48629328410888,0.998173098881023,0.9
2024-04-02 18:22:00,116.565,74.93642,41.628586,39.533724127882486,0.9984014615208952,0.9
2024-04-02 18:23:00,116.89,71.80295,45.08705,41.384833215788845,0.9984014615208952,0.9
2024-04-02 18:24:00,35.091576,72.705185,37.61361,40.127758581847516,0.9984014615208952,0.5
2024-04-02 18:25:00,35.091576,70.129654,35.03808,38.43119849060017,0.998173098881023,0.5
2024-04-02 18:26:00,112.305,71.28453,41.02047,39.29428888224256,0.998173098881023,0.9
2024-04-02 18:27:00,111.465,72.42932,39.035675,39.20808427110442,0.998173098881023,0.9
2024-04-02 18:28:00,112.915,73.302444,39.612556,39.34290833324279,0.998173098881023,0.7
2024-04-02 18:29:00,115.61,73.045364,42.564636,40.416817632318114,0.9984014615208952,0.9
2024-04-02 18:30:00,117.68,70.879105,46.800896,42.5448436518514,0.9984014615208952,0.9
2024-04-02 18:31:00,118.31,67.87271,50.437286,45.17565789355198,0.9984014615208952,0.7
2024-04-02 18:32:00,35.091576,68.12427,33.032692,41.128002580890126,0.9984014615208952,0.5
2024-04-02 18:33:00,118.25001,71.02052,47.229485,43.161829906628576,0.9984014615208952,0.9
2024-04-02 18:34:00,118.14001,72.59625,45.543755,43.95580479696463,0.9984014615208952,0.7
2024-04-02 18:35:00,117.759995,73.47412,44.285873,44.06582766900507,0.9984014615208952,0.9
2024-04-02 18:36:00,116.06,74.32081,41.73919,43.29028149531979,0.9984014615208952,0.9
2024-04-02 18:37:00,115.87,74.832535,41.037468,42.539343649060854,0.9984014615208952,0.7
2024-04-02 18:38:00,35.091576,73.417465,38.32589,41.13485896184135,0.9984014615208952,0.5
2024-04-02 18:39:00,116.965004,74.09331,42.871696,41.71380479861689,0.9984014615208952,0.7
2024-04-02 18:40:00,117.284996,74.68538,42.599617,42.00907553387611,0.9984014615208952,0.7
2024-04-02 18:41:00,117.665,75.277954,42.387047,42.135065960572355,0.9984014615208952,0.9
2024-04-02 18:42:00,117.49,75.78737,41.70263,41.9909203368334,0.9984014615208952,0.9
2024-04-02 18:43:00,117.43,76.20003,41.229973,41.73727117100742,0.9984014615208952,0.9
2024-04-02 18:44:00,117.825005,74.77861,43.046394,42.17364556338646,0.9984014615208952,0.9
2024-04-02 18:45:00,35.091576,75.39966,40.308083,41.551791235779774,0.9984014615208952,0.5
2024-04-02 18:46:00,119.380005,75.82779,43.552216,42.21859934924381,0.9984014615208952,0.9
2024-04-02 18:47:00,119.68001,76.243774,43.436234,42.62447740633181,0.9984014615208952,0.7
2024-04-02 18:48:00,35.091576,76.49184,41.40026,42.216405245985534,0.9984014615208952,0.5
2024-04-02 18:49:00,35.091576,76.75072,41.65914,42.03065067749947,0.9984014615208952,0.5
2024-04-02 18:50:00,119.954994,76.89039,43.064606,42.37530235596319,0.9984014615208952,0.9
2024-04-02 18:51:00,119.555,75.20052,44.354477,43.035027213545774,0.9984014615208952,0.9
2024-04-02 18:52:00,119.200005,75.61182,43.58819,43.21941419949276,0.9984014615208952,0.9
2024-04-02 18:53:00,118.65,71.66349,46.98651,44.47511320981809,0.9984014615208952,0.7
2024-04-02 18:54:00,118.48,71.37944,47.100563,45.35026315631753,0.9984014615208952,0.9
2024-04-02 18:55:00,35.091576,69.51137,34.419792,41.706772829309344,0.9984014615208952,0.5
2024-04-02 18:56:00,116.329994,69.28672,47.043274,43.48560652813332,0.9984014615208952,0.7
2024-04-02 18:57:00,115.26,69.21205,46.04795,44.339721266965185,0.9984014615208952,0.7
2024-04-02 18:58:00,35.091576,69.8463,34.754723,41.14472170971507,0.9984014615208952,0.5
2024-04-02 18:59:00,35.091576,70.19101,35.099434,39.12962577278531,0.998173098881023,0.5
2024-04-02 19:00:00,116.43,70.976456,45.453545,41.237598720756615,0.9984014615208952,0.7
2024-04-02 19:01:00,116.405,69.81096,46.59404,43.02307911950181,0.9984014615208952,0.7
2024-04-02 19:02:00,35.091576,70.06828,34.976707,40.34095523249991,0.9984014615208952,0.5
2024-04-02 19:03:00,35.091576,70.5849,35.493324,38.72507824826166,0.998173098881023,0.5
2024-04-02 19:04:00,35.091576,69.03439,33.942818,37.1309913948372,0.998173098881023,0.5
2024-04-02 19:05:00,115.33,66.07184,49.258163,41.17338208060762,0.9984014615208952,0.7
2024-04-02 19:06:00,115.15,67.19047,47.959534,43.4354326175405,0.9984014615208952,0.7
2024-04-02 19:07:00,115.345,67.981384,47.363617,44.74482739281346,0.9984014615208952,0.7
2024-04-02 19:08:00,115.465004,66.53145,48.933556,46.14107012955142,0.9984014615208952,0.7
2024-04-02 19:09:00,35.091576,63.34868,28.257103,40.179747741803816,0.9984014615208952,0.5
2024-04-02 19:10:00,35.091576,59.351048,24.259472,34.87298912563939,0.998173098881023,0.5
2024-04-02 19:11:00,115.97,60.573162,55.39684,41.71427246437483,0.9984014615208952,0.7
2024-04-02 19:12:00,116.785,61.919067,54.865936,46.09816040268218,0.9984014615208952,0.9
2024-04-02 19:13:00,35.091576,63.420315,28.32874,40.17501999054138,0.9984014615208952,0.5
2024-04-02 19:14:00,116.82,64.72773,52.09227,44.14743662618123,0.9984014615208952,0.7
2024-04-02 19:15:00,116.64001,64.16266,52.47735,46.92407385999973,0.9984014615208952,0.9
2024-04-02 19:16:00,116.479996,61.473404,55.00659,49.618246505624825,0.9986298241607673,0.9
2024-04-02 19:17:00,116.41,62.19607,54.213932,51.150141682867726,0.9986298241607673,0.7
2024-04-02 19:18:00,116.380005,62.665607,53.714397,52.00489359871846,0.9986298241607673,0.7
2024-04-02 19:19:00,116.65,61.247375,55.402626,53.13747107834486,0.9986298241607673,0.7
2024-04-02 19:20:00,116.745,62.0082,54.7368,53.670581101383554,0.9986298241607673,0.9
2024-04-02 19:21:00,116.785,62.907394,53.87761,53.73959048523227,0.9986298241607673,0.9
2024-04-02 19:22:00,117.064995,63.839127,53.22587,53.56834973185407,0.9986298241607673,0.9
2024-04-02 19:23:00,116.825,64.77565,52.049347,53.06201546251209,0.9986298241607673,0.9
2024-04-02 19:24:00,116.455,65.58148,50.87352,52.33251694082838,0.9986298241607673,0.7
2024-04-02 19:25:00,115.585,66.33005,49.25495,51.30666178623585,0.9986298241607673,0.7
2024-04-02 19:26:00,114.66,66.93482,47.72518,50.11283505068719,0.9986298241607673,0.7
2024-04-02 19:27:00,111.925,67.37181,44.553192,48.25962074668209,0.9984014615208952,0.7
2024-04-02 19:28:00,112.095,68.003426,44.091576,46.87027237197426,0.9984014615208952,0.7
2024-04-02 19:29:00,112.130005,68.409195,43.72081,45.82045156015732,0.9984014615208952,0.7
2024-04-02 19:30:00,112.229996,68.77121,43.458786,45.03322971035228,0.9984014615208952,0.7
2024-04-02 19:31:00,35.091576,69.36858,34.277008,41.447822492448395,0.9984014615208952,0.5
2024-04-02 19:32:00,113.05,69.92892,43.121086,42.00557703516742,0.9984014615208952,0.7
2024-04-02 19:33:00,113.1,70.30133,42.798668,42.2699406593499,0.9984014615208952,0.7
2024-04-02 19:34:00,114.939995,70.50604,44.433952,42.991277883414256,0.9984014615208952,0.7
2024-04-02 19:35:00,115.634995,70.76474,44.870255,43.617603427810025,0.9984014615208952,0.7
2024-04-02 19:36:00,115.575005,71.002884,44.57212,43.93577584070799,0.9984014615208952,0.7
2024-04-02 19:37:00,115.185,69.89336,45.29164,44.38773097225585,0.9984014615208952,0.7
2024-04-02 19:38:00,35.091576,70.08348,34.991905,41.255789052304685,0.9984014615208952,0.5
2024-04-02 19:39:00,115.21001,70.21199,44.998016,42.50319815401042,0.9984014615208952,0.7
2024-04-02 19:40:00,115.49,70.45604,45.03396,43.346784914359816,0.9984014615208952,0.7
2024-04-02 19:41:00,116.8,70.48501,46.314995,44.33618821357712,0.9984014615208952,0.9
2024-04-02 19:42:00,35.091576,70.50529,35.41371,41.362029325001934,0.9984014615208952,0.5
2024-04-02 19:43:00,35.091576,70.57694,35.485367,39.403141823764315,0.9984014615208952,0.5
2024-04-02 19:44:00,117.31,69.54588,47.764114,42.19013267580382,0.9984014615208952,0.9
2024-04-02 19:45:00,117.200005,69.29826,47.90174,44.09400212647989,0.9984014615208952,0.9
2024-04-02 19:46:00,117.03,69.04916,47.980843,45.38961561443061,0.9984014615208952,0.7
2024-04-02 19:47:00,116.58,68.890274,47.689728,46.15631967068812,0.9984014615208952,0.9
2024-04-02 19:48:00,114.72,67.7592,46.9608,46.4244798374249,0.9984014615208952,0.9
2024-04-02 19:49:00,113.82001,65.02522,48.794785,47.21458140691608,0.9984014615208952,0.7
2024-04-02 19:50:00,35.091576,65.44631,30.354736,41.59463304731906,0.9984014615208952,0.5
2024-04-02 19:51:00,35.091576,66.13483,31.043251,38.07750571074526,0.998173098881023,0.5
2024-04-02 19:52:00,35.091576,66.615105,31.52353,35.89284682474163,0.998173098881023,0.5
2024-04-02 19:53:00,104.22,67.45633,36.76367,36.183121841494426,0.998173098881023,0.7
2024-04-02 19:54:00,103.090004,67.31617,35.773834,36.046692637168164,0.998173098881023,0.7
2024-04-02 19:55:00,101.405,67.067856,34.337143,35.476842739557426,0.998173098881023,0.7
2024-04-02 19:56:00,99.880005,65.72279,34.15721,35.036965594275266,0.998173098881023,0.7
2024-04-02 19:57:00,98.36,63.417282,34.94272,35.005549898136636,0.998173098881023,0.7
2024-04-02 19:58:00,97.325005,60.629852,36.695152,35.56875069299604,0.998173098881023,0.7
2024-04-02 19:59:00,97.55,60.45826,37.091743,36.07641495174346,0.998173098881023,0.7
2024-04-02 20:00:00,98.340004,61.0866,37.253403,36.46874420448262,0.998173098881023,0.7
2024-04-02 20:01:00,101.82,61.642174,40.177826,37.70510477889987,0.998173098881023,0.7
2024-04-02 20:02:00,105.41,62.004814,43.40519,39.60513302398664,0.9984014615208952,0.7
2024-04-02 20:03:00,35.091576,62.986572,27.894997,35.701754230346566,0.998173098881023,0.5
2024-04-02 20:04:00,105.85,63.894394,41.955605,37.786371004638596,0.998173098881023,0.7
2024-04-02 20:05:00,106.52,64.656685,41.86331,39.14535125895178,0.998173098881023,0.7
2024-04-02 20:06:00,107.68,64.78154,42.89846,40.39638763536239,0.9984014615208952,0.7
2024-04-02 20:07:00,35.091576,64.44961,29.358032,36.716935832429094,0.998173098881023,0.5
2024-04-02 20:08:00,107.96001,64.75641,43.203598,38.87915656243971,0.998173098881023,0.9
2024-04-02 20:09:00,108.47,63.992,44.478,40.74543792191619,0.9984014615208952,0.9
2024-04-02 20:10:00,108.885,64.157295,44.727707,42.072860917670695,0.9984014615208952,0.9
2024-04-02 20:11:00,109.079994,63.841637,45.238358,43.12802645976224,0.9984014615208952,0.9
2024-04-02 20:12:00,35.091576,64.07131,28.979736,38.4119297492165,0.998173098881023,0.5
2024-04-02 20:13:00,109.240005,63.319603,45.920403,40.91475400842949,0.9984014615208952,0.9
2024-04-02 20:14:00,109.055,63.75937,45.29563,42.37504647518347,0.9984014615208952,0.9
2024-04-02 20:15:00,108.775,64.148865,44.626137,43.1254099100507,0.9984014615208952,0.9
2024-04-02 20:16:00,108.835,64.332306,44.502693,43.58450433212364,0.9984014615208952,0.9
2024-04-02 20:17:00,35.091576,64.48317,29.391594,38.85353419911759,0.998173098881023,0.5
2024-04-02 20:18:00,35.091576,64.06978,28.978203,35.56175707268647,0.998173098881023,0.5
2024-04-02 20:19:00,108.69,64.64275,44.04725,38.390254328568325,0.998173098881023,0.9
2024-04-02 20:20:00,35.091576,65.81343,30.721855,35.83412127357029,0.998173098881023,0.5
2024-04-02 20:21:00,35.091576,67.4258,32.33422,34.667487811123685,0.998173098881023,0.5
2024-04-02 20:22:00,108.505005,68.82823,39.676773,36.33724956451215,0.998173098881023,0.7
2024-04-02 20:23:00,108.265,69.19388,39.07112,37.248540114948206,0.998173098881023,0.9
2024-04-02 20:24:00,108.08,65.988335,42.091667,38.8629158017298,0.998173098881023,0.7
2024-04-02 20:25:00,108.045,66.6608,41.3842,39.70334421775476,0.9984014615208952,0.7
2024-04-02 20:26:00,35.091576,64.840805,29.74923,36.38530595555396,0.998173098881023,0.5
2024-04-02 20:27:00,107.885,61.291805,46.593197,39.78793626000147,0.9984014615208952,0.7
2024-04-02 20:28:00,107.775,61.983448,45.791553,41.78914200577247,0.9984014615208952,0.7
2024-04-02 20:29:00,35.091576,62.51552,27.423943,37.000742192487635,0.998173098881023,0.5
2024-04-02 20:30:00,35.091576,62.70606,27.614483,33.87198908820465,0.998173098881023,0.5
2024-04-02 20:31:00,108.01,63.587513,44.42249,37.38882244755636,0.998173098881023,0.7
2024-04-02 20:32:00,107.15,62.71158,44.438423,39.738689350617,0.9984014615208952,0.7
2024-04-02 20:33:00,106.69,63.33165,43.358353,40.94524378745561,0.9984014615208952,0.7
2024-04-02 20:34:00,106.15,63.852398,42.297604,41.39603039402965,0.9984014615208952,0.7
2024-04-02 20:35:00,35.091576,62.811943,27.720367,36.83747607323331,0.998173098881023,0.5
2024-04-02 20:36:00,105.54,59.898872,45.64113,39.772026895501895,0.9984014615208952,0.7
2024-04-02 20:37:00,105.19,60.40876,44.781242,41.44176538720309,0.9984014615208952,0.7
2024-04-02 20:38:00,105.08,61.26114,43.818863,42.234131229815084,0.9984014615208952,0.7
2024-04-02 20:39:00,104.740005,62.11426,42.625744,42.36466877519899,0.9984014615208952,0.7
2024-04-02 20:40:00,104.48,62.958008,41.521996,42.083777698277196,0.9984014615208952,0.7
2024-04-02 20:41:00,104.32001,61.985046,42.33496,42.1675054446848,0.9984014615208952,0.7
2024-04-02 20:42:00,108.3,62.379196,45.920807,43.41860592471174,0.9984014615208952,0.9
2024-04-02 20:43:00,109.79,62.953857,46.836143,44.55778511435861,0.9984014615208952,0.9
2024-04-02 20:44:00,111.01,63.626907,47.383095,45.499555005438296,0.9984014615208952,0.7
2024-04-02 20:45:00,110.585,64.16733,46.41767,45.805593738163296,0.9984014615208952,0.7
2024-04-02 20:46:00,109.159996,64.63339,44.526604,45.37926372501902,0.9984014615208952,0.9
2024-04-02 20:47:00,106.275,64.81447,41.460533,44.07302019737597,0.9984014615208952,0.7
2024-04-02 20:48:00,106.32,64.64292,41.67708,43.274372880607416,0.9984014615208952,0.7
2024-04-02 20:49:00,105.37,65.07185,40.29815,42.28229829003385,0.9984014615208952,0.7
2024-04-02 20:50:00,104.83,65.36978,39.46022,41.341605638993926,0.9984014615208952,0.7
2024-04-02 20:51:00,35.091576,65.854706,30.76313,37.81544715532538,0.998173098881023,0.5
2024-04-02 20:52:00,101.25,66.52676,34.723244,36.784712674676555,0.998173098881023,0.7
2024-04-02 20:53:00,99.71,66.94486,32.765137,35.44485402270104,0.998173098881023,0.7
2024-04-02 20:54:00,99.44,67.24399,32.196014,34.36190748323298,0.998173098881023,0.7
2024-04-02 20:55:00,35.091576,67.38967,32.298096,33.67397022319699,0.998173098881023,0.5
2024-04-02 20:56:00,35.091576,67.037766,31.94619,33.098043442255026,0.998173098881023,0.5
2024-04-02 20:57:00,98.085,65.596954,32.488045,32.8947105410932,0.998173098881023,0.7
2024-04-02 20:58:00,97.29,65.44441,31.845589,32.54500325542281,0.998173098881023,0.7
2024-04-02 20:59:00,35.091576,65.85555,30.763977,31.951327853875625,0.998173098881023,0.5
2024-04-02 21:00:00,95.34,66.224686,29.11531,31.005988792232188,0.998173098881023,0.7
2024-04-02 21:01:00,94.825,64.945854,29.879143,30.63037344856495,0.998173098881023,0.7
2024-04-02 21:02:00,35.091576,62.271286,27.17971,29.480152428437833,0.998173098881023,0.5
2024-04-02 21:03:00,91.93,61.58467,30.34533,29.76854471384788,0.998173098881023,0.7
2024-04-02 21:04:00,90.7,61.574623,29.125374,29.554154422675932,0.998173098881023,0.7
2024-04-02 21:05:00,89.380005,60.139847,29.240158,29.449488975468853,0.998173098881023,0.7
2024-04-02 21:06:00,35.091576,59.79256,24.700985,27.866654301923898,0.9977163736012788,0.5
2024-04-02 21:07:00,86.325,59.921875,26.403122,27.378810184029998,0.9977163736012788,0.7
2024-04-02 21:08:00,84.89,58.692688,26.197311,26.98497725647573,0.9977163736012788,0.7
2024-04-02 21:09:00,83.835,58.226273,25.608727,26.526227004805435,0.9974880109614067,0.7
2024-04-02 21:10:00,35.091576,58.457916,23.36634,25.472931548939304,0.9972596483215346,0.5
2024-04-02 21:11:00,35.091576,58.700996,23.60942,24.851761291415265,0.9968029230417904,0.5
2024-04-02 21:12:00,79.71001,57.770683,21.939323,23.8809486693745,0.9965745604019183,0.7
2024-04-02 21:13:00,79.130005,57.418594,21.71141,23.157769287069982,0.996117835122174,0.7
2024-04-02 21:14:00,35.091576,57.65149,22.559914,22.958484069797958,0.9956611098424297,0.5
2024-04-02 21:15:00,35.091576,57.781425,22.68985,22.868939331037183,0.9952043845626856,0.5
2024-04-02 21:16:00,76.27,56.923607,19.34639,21.69475614419406,0.9936058460835807,0.7
2024-04-02 21:17:00,76.32,54.765617,21.554382,21.647964870868957,0.9936058460835807,0.7
2024-04-02 21:18:00,76.17,54.124023,22.045975,21.78063482439441,0.9938342087234528,0.7
2024-04-02 21:19:00,76.03,54.44379,21.586208,21.715825997431562,0.9936058460835807,0.7
2024-04-02 21:20:00,35.091576,53.652237,18.560661,20.664104436927033,0.9915505823247317,0.5
2024-04-02 21:21:00,75.83,51.59155,24.238453,21.85555392841034,0.994062571363325,0.7
2024-04-02 21:22:00,79.15,51.835426,27.314575,23.675227684044394,0.996117835122174,0.7
2024-04-02 21:23:00,82.225006,52.384853,29.840153,25.73020270285577,0.9972596483215346,0.7
2024-04-02 21:24:00,82.81,52.917305,29.892693,27.117699323876504,0.9977163736012788,0.7
2024-04-02 21:25:00,83.08,53.48016,29.599842,27.94508023976207,0.9977163736012788,0.7
2024-04-02 21:26:00,85.315,52.92976,32.385242,29.42513431389412,0.998173098881023,0.7
2024-04-02 21:27:00,87.55,53.442272,34.10773,30.98599983108892,0.998173098881023,0.9
2024-04-02 21:28:00,35.091576,53.116478,18.024902,26.66563400197595,0.9974880109614067,0.5
2024-04-02 21:29:00,88.84,53.832386,35.00761,29.446292774998945,0.998173098881023,0.7
2024-04-02 21:30:00,88.185,55.163715,33.021282,30.637955915347604,0.998173098881023,0.7
2024-04-02 21:31:00,86.28,60.849663,25.430336,28.90208260974346,0.9977163736012788,0.9
2024-04-02 21:32:00,86.18,59.286392,26.893608,28.232591104249547,0.9977163736012788,0.9
2024-04-02 21:33:00,86.35,55.42288,30.92712,29.130767472413112,0.9977163736012788,0.9
2024-04-02 21:34:00,87.26,58.344,28.916,29.059178437012392,0.9977163736012788,0.9
2024-04-02 21:35:00,35.091576,58.765484,23.673908,27.264088369222456,0.9977163736012788,0.5
2024-04-02 21:36:00,95.26,55.465267,39.794735,31.4409705644263,0.998173098881023,0.9
2024-04-02 21:37:00,95.85,55.9143,39.9357,34.272546863914414,0.998173098881023,0.9
2024-04-02 21:38:00,95.86,57.978233,37.881767,35.47562033359269,0.998173098881023,0.9
2024-04-02 21:39:00,35.091576,59.10857,24.016994,31.656078381167912,0.998173098881023,0.5
2024-04-02 21:40:00,96.095,59.003433,37.091568,33.4679082518333,0.998173098881023,0.9
2024-04-02 21:41:00,96.36,58.157425,38.202576,35.046130729086784,0.998173098881023,0.9
2024-04-02 21:42:00,99.68,58.02536,41.65464,37.24896721864249,0.998173098881023,0.9
2024-04-02 21:43:00,100.56,57.609818,42.95018,39.14937149699864,0.998173098881023,0.7
2024-04-02 21:44:00,35.091576,57.40181,22.310234,33.536325687940504,0.998173098881023,0.5
2024-04-02 21:45:00,35.091576,56.693207,21.601631,29.558094180143932,0.998173098881023,0.5
2024-04-02 21:46:00,35.091576,56.499836,21.40826,26.84148290191562,0.9977163736012788,0.5
2024-04-02 21:47:00,103.12,56.007202,47.1128,33.59858880065859,0.998173098881023,0.9
2024-04-02 21:48:00,103.6,56.393776,47.206223,38.13446671183229,0.998173098881023,0.9
2024-04-02 21:49:00,102.65,56.690086,45.959915,40.7429495282658,0.9984014615208952,0.9
2024-04-02 21:50:00,101.490005,56.036358,45.453648,42.31318222335233,0.9984014615208952,0.7
2024-04-02 21:51:00,99.340004,53.703506,45.636497,43.420953981421086,0.9984014615208952,0.9
2024-04-02 21:52:00,98.825005,50.634933,48.19007,45.010659689599734,0.9984014615208952,0.9
2024-04-02 21:53:00,99.185005,51.803963,47.381042,45.80078728655607,0.9984014615208952,0.9
2024-04-02 21:54:00,102.185005,53.472317,48.71269,46.771421006385694,0.9984014615208952,0.7
2024-04-02 21:55:00,104.985,54.945232,50.03977,47.86087007725518,0.9984014615208952,0.9
2024-04-02 21:56:00,106.905,56.131866,50.773132,48.83162415957637,0.9986298241607673,0.9
2024-04-02 21:57:00,106.945,58.004974,48.940025,48.8677578829142,0.9986298241607673,0.9
2024-04-02 21:58:00,35.091576,59.297913,24.206337,40.64728424697535,0.9984014615208952,0.5
2024-04-02 21:59:00,35.091576,60.28376,25.192184,35.4955843140643,0.998173098881023,0.5
2024-04-02 22:00:00,35.091576,60.63389,25.542313,32.17782708339964,0.998173098881023,0.5
2024-04-02 22:01:00,100.745,61.061752,39.68325,34.679634864681795,0.998173098881023,0.7
2024-04-02 22:02:00,35.091576,62.03649,26.944916,32.101395166949324,0.998173098881023,0.5
2024-04-02 22:03:00,35.091576,62.704224,27.612648,30.60514611471752,0.998173098881023,0.5
2024-04-02 22:04:00,35.091576,61.84649,26.754913,29.32173518650439,0.997944736241151,0.5
2024-04-02 22:05:00,35.091576,59.613518,24.521942,27.721804170560223,0.9977163736012788,0.5
2024-04-02 22:06:00,35.091576,56.658066,21.56649,25.670032838153432,0.9972596483215346,0.5
2024-04-02 22:07:00,35.091576,57.74796,22.656384,24.665483063570388,0.9968029230417904,0.5
2024-04-02 22:08:00,35.091576,56.49697,21.405396,23.578787211651093,0.996117835122174,0.5
2024-04-02 22:09:00,35.091576,53.813225,18.72165,21.959741197741355,0.9942909340031971,0.5
2024-04-02 22:10:00,35.091576,50.68567,15.594093,19.83785857274554,0.990180406485499,0.5
2024-04-02 22:11:00,35.091576,47.611755,12.52018,17.398632298008746,0.9808175382507421,0.0
2024-04-02 22:12:00,35.091576,44.819393,9.727818,14.841694043805962,0.9650605160995661,0.0
2024-04-02 22:13:00,99.185005,42.380234,56.80477,28.82938650365059,0.9977163736012788,0.7
2024-04-02 22:14:00,35.091576,40.33575,5.244175,20.967649321525524,0.992235670244348,0.5
2024-04-02 22:15:00,98.8,38.631023,60.16898,34.03475942927548,0.998173098881023,0.7
2024-04-02 22:16:00,98.73,37.25931,61.47069,43.18007017981972,0.9984014615208952,0.7
2024-04-02 22:17:00,97.99,36.201473,61.788525,49.38288832910833,0.9986298241607673,0.7
2024-04-02 22:18:00,97.19,35.3981,61.7919,53.51922576432743,0.9986298241607673,0.7
2024-04-02 22:19:00,94.26,41.001087,53.258915,53.43245549205488,0.9986298241607673,0.7
2024-04-02 22:20:00,92.735,42.33545,50.39955,52.42148745857045,0.9986298241607673,0.7
2024-04-02 22:21:00,91.94,45.91977,46.020233,50.2877360238126,0.9986298241607673,0.7
2024-04-02 22:22:00,35.091576,48.443718,13.352142,37.97587146053653,0.998173098881023,0.5
2024-04-02 22:23:00,90.795,50.64576,40.14924,38.700327169166286,0.998173098881023,0.7
2024-04-02 22:24:00,89.11,52.76465,36.345352,37.915335503728045,0.998173098881023,0.7
2024-04-02 22:25:00,88.55,54.665977,33.884026,36.57156552706219,0.998173098881023,0.7
2024-04-02 22:26:00,90.009995,57.13105,32.878944,35.34069181703235,0.998173098881023,0.7
2024-04-02 22:27:00,35.091576,59.185394,24.093819,31.591734099538495,0.998173098881023,0.5
2024-04-02 22:28:00,35.091576,58.99839,23.906815,29.03009425809077,0.9977163736012788,0.5
2024-04-02 22:29:00,35.091576,59.091778,24.000202,27.353463565045544,0.9977163736012788,0.5
2024-04-02 22:30:00,99.975,60.01659,39.95841,31.55511182860133,0.998173098881023,0.9
2024-04-02 22:31:00,100.01,60.919304,39.0907,34.06697396646339,0.998173098881023,0.9
2024-04-02 22:32:00,100.965004,61.528206,39.4368,35.85691534287663,0.998173098881023,0.9
2024-04-02 22:33:00,103.27,60.597206,42.67279,38.12887373769901,0.998173098881023,0.9
2024-04-02 22:34:00,104.735,57.864754,46.870247,41.04266478753502,0.9984014615208952,0.9
2024-04-02 22:35:00,105.2,54.235703,50.964294,44.349874669554595,0.9984014615208952,0.9
2024-04-02 22:36:00,105.275,54.875294,50.399708,46.36648571109955,0.9984014615208952,0.9
2024-04-02 22:37:00,35.091576,56.30769,21.216114,37.98302848879619,0.998173098881023,0.5
2024-04-02 22:38:00,103.83,56.945084,46.88492,40.95032506349433,0.9984014615208952,0.9
2024-04-02 22:39:00,102.195,57.268276,44.926723,42.27579120240443,0.9984014615208952,0.9
2024-04-02 22:40:00,99.66,58.119537,41.540466,42.03068290446754,0.9984014615208952,0.9
2024-04-02 22:41:00,98.32,59.496048,38.82395,40.96177251004217,0.9984014615208952,0.9
2024-04-02 22:42:00,35.091576,60.900333,25.808758,35.91076760068892,0.998173098881023,0.5
2024-04-02 22:43:00,93.33,60.449593,32.88041,34.90064814736684,0.998173098881023,0.7
2024-04-02 22:44:00,92.93,60.155724,32.774277,34.19185767604404,0.998173098881023,0.7
2024-04-02 22:45:00,93.6,60.334846,33.265152,33.88295577654238,0.998173098881023,0.7
2024-04-02 22:46:00,98.83,60.563675,38.266327,35.344079485793884,0.998173098881023,0.7
2024-04-02 22:47:00,99.83,60.98372,38.846283,36.51148064352405,0.998173098881023,0.7
2024-04-02 22:48:00,100.13,60.137115,39.99288,37.671947687316816,0.998173098881023,0.7
2024-04-02 22:49:00,101.12,60.74951,40.37049,38.571462134155226,0.998173098881023,0.7
2024-04-02 22:50:00,100.54,61.76904,38.77096,38.63796200992836,0.998173098881023,0.7
2024-04-02 22:51:00,98.745,62.0778,36.667202,37.981042005235444,0.998173098881023,0.7
2024-04-02 22:52:00,98.36,62.880707,35.479294,37.14712594457103,0.998173098881023,0.7
2024-04-02 22:53:00,98.340004,63.281025,35.05898,36.45107697452197,0.998173098881023,0.7
2024-04-02 22:54:00,99.135,63.5682,35.566803,36.15631897585319,0.998173098881023,0.7
2024-04-02 22:55:00,99.51,63.699924,35.810078,36.040905206314235,0.998173098881023,0.7
2024-04-02 22:56:00,35.091576,63.8406,28.749023,33.61027795004283,0.998173098881023,0.5
2024-04-02 22:57:00,35.091576,64.18997,29.098396,32.10631740045173,0.998173098881023,0.5
2024-04-02 22:58:00,35.091576,64.54461,29.453033,31.221889416056364,0.998173098881023,0.5
2024-04-02 22:59:00,94.75,64.88992,29.860077,30.767951912136535,0.998173098881023,0.9
2024-04-02 23:00:00,35.091576,64.85842,29.766846,30.434249842466023,0.998173098881023,0.5
2024-04-02 23:01:00,94.96001,65.14476,29.815247,30.2279154223211,0.998173098881023,0.7
2024-04-02 23:02:00,94.285,63.17608,31.108925,30.521585236788287,0.998173098881023,0.7
2024-04-02 23:03:00,93.14,60.57445,32.565548,31.202906138897273,0.998173098881023,0.7
2024-04-02 23:04:00,91.14,57.47485,33.66515,32.02365398883842,0.998173098881023,0.7
2024-04-02 23:05:00,89.795,57.43876,32.35624,32.13451576550817,0.998173098881023,0.7
2024-04-02 23:06:00,88.94,55.99327,32.94673,32.40525436613305,0.998173098881023,0.7
2024-04-02 23:07:00,88.509995,55.964554,32.54544,32.45198313536474,0.998173098881023,0.7
2024-04-02 23:08:00,35.091576,56.584114,21.492538,28.798834907625974,0.9977163736012788,0.5
2024-04-02 23:09:00,85.3,57.19922,28.100784,28.566151372336588,0.9977163736012788,0.7
2024-04-02 23:10:00,84.8,57.76896,27.031044,28.054448917006944,0.9977163736012788,0.7
2024-04-02 23:11:00,84.42,58.933826,25.486172,27.198356518808666,0.9977163736012788,0.7
2024-04-02 23:12:00,84.315,59.317265,24.997738,26.464816974046272,0.9974880109614067,0.7
2024-04-02 23:13:00,84.265,59.55726,24.70774,25.87912491059465,0.9972596483215346,0.7
2024-04-02 23:14:00,35.091576,58.74559,23.654015,25.13742146953055,0.9972596483215346,0.5
2024-04-02 23:15:00,82.759995,59.057846,23.702148,24.65899712552037,0.9968029230417904,0.7
2024-04-02 23:16:00,82.35,59.409878,22.94012,24.08603831602074,0.9965745604019183,0.7
2024-04-02 23:17:00,82.15,59.787445,22.362556,23.511544363187006,0.996117835122174,0.7
2024-04-02 23:18:00,35.091576,60.16117,25.069595,24.030894687762693,0.9965745604019183,0.5
2024-04-02 23:19:00,79.39,60.284676,19.105324,22.389037722343097,0.9947476592829413,0.7
2024-04-02 23:20:00,78.405,67.6367,10.768295,18.515456910924044,0.9849280657684403,0.0
2024-04-02 23:21:00,35.091576,67.39883,32.30725,23.1127215994702,0.996117835122174,0.5
2024-04-02 23:22:00,76.56,67.46962,9.090378,18.43860700218586,0.9849280657684403,0.0
2024-04-02 23:23:00,75.880005,67.47122,8.408783,15.0953323211187,0.9671157798584151,0.0
2024-04-02 23:24:00,35.091576,58.299347,23.207771,17.799478647835645,0.9817309888102307,0.0
2024-04-02 23:25:00,35.091576,56.983727,21.89215,19.16370272485918,0.98812514272665,0.0
2024-04-02 23:26:00,73.78,56.916046,16.863953,18.397119362145705,0.984471340488696,0.0
2024-04-02 23:27:00,72.92,55.859673,17.060326,17.951521448950004,0.982416076729847,0.0
2024-04-02 23:28:00,72.31,55.945072,16.364925,17.4226560941405,0.9808175382507421,0.0
2024-04-02 23:29:00,70.78,56.094856,14.6851425,16.510151568456948,0.9771637360127883,0.0
2024-04-02 23:30:00,69.994995,55.05855,14.936443,15.985582155257106,0.974651746974195,0.0
2024-04-02 23:31:00,69.125,52.66575,16.459251,16.14347190477427,0.9753368348938114,0.0
2024-04-02 23:32:00,68.125,51.726067,16.398933,16.22862574006436,0.9760219228134277,0.0
2024-04-02 23:33:00,67.21,52.451008,14.758991,15.738747573861268,0.9728248458552181,0.0
2024-04-02 23:34:00,66.33,53.966755,12.363247,14.613580688482383,0.962776889700845,0.0
2024-04-02 23:35:00,65.67,53.746544,11.923454,13.716871887210914,0.9552409225850651,0.0
2024-04-02 23:36:00,35.091576,53.850433,18.758858,15.397533833824204,0.9696277688970084,0.0
2024-04-02 23:37:00,35.091576,53.871162,18.779587,16.5248848198802,0.9773920986526604,0.0
2024-04-02 23:38:00,35.091576,62.201374,27.109798,20.053189357052297,0.990180406485499,0.5
2024-04-02 23:39:00,62.35,62.681377,0.33137894,13.479252550290726,0.952957296186344,0.0
2024-04-02 23:40:00,62.06,62.708897,0.64889526,9.202466788084443,0.892669559260105,0.0
2024-04-02 23:41:00,35.091576,62.48874,27.397163,15.267365655760724,0.9684859556976478,0.0
2024-04-02 23:42:00,59.940002,61.57394,1.6339378,10.722889715738269,0.9187029002055264,0.0
2024-04-02 23:43:00,59.35,59.587223,0.23722458,7.227668003444654,0.8481388444850423,0.0
2024-04-02 23:44:00,58.925003,57.074265,1.8507385,5.435358177426645,0.7917332724366294,0.0
2024-04-02 23:45:00,58.215,55.533493,2.681507,4.517407821816332,0.7561087006165791,0.0
2024-04-02 23:46:00,57.559998,55.09086,2.469139,3.834651580917919,0.7282484585521809,0.0
2024-04-02 23:47:00,56.979996,47.91624,9.063755,5.57768606574541,0.7956154373144554,0.0
2024-04-02 23:48:00,56.03,47.4084,8.621597,6.592323140509961,0.8287280200959123,0.0
2024-04-02 23:49:00,55.705,47.707996,7.9970055,7.060550581222136,0.8426581411281114,0.0
2024-04-02 23:50:00,54.86,48.201477,6.6585236,6.926541574004862,0.8385476136104133,0.0
2024-04-02 23:51:00,54.61,48.73075,5.8792496,6.577444240254543,0.828042932176296,0.0
2024-04-02 23:52:00,54.175,49.123013,5.0519867,6.068958391615008,0.8118291847453757,0.0
2024-04-02 23:53:00,53.625,49.42688,4.19812,5.445345633472506,0.7924183603562457,0.0
2024-04-02 23:54:00,35.091576,49.699203,14.607628,8.499439711865787,0.8782827129481616,0.0
2024-04-02 23:55:00,35.091576,49.88802,14.796444,10.598441120980187,0.9159625485270609,0.0
2024-04-02 23:56:00,35.091576,50.009953,14.918377,12.0384197215226,0.9367435487554236,0.0
2024-04-02 23:57:00,52.015,50.09072,1.9242783,8.667039234107515,0.881023064626627,0.0
2024-04-02 23:58:00,52.245,50.152077,2.0929222,6.475666892969463,0.8232473167389815,0.0
2024-04-02 23:59:00,52.315002,50.096035,2.2189674,5.056767074561023,0.7787166019639187,0.0
2024-04-03 00:00:00,52.339996,49.612602,2.727394,4.280309417708651,0.7460607444622059,0.0
2024-04-03 00:01:00,52.235,47.93833,4.296669,4.285762613921653,0.7460607444622059,0.0
2024-04-03 00:02:00,52.015,45.7486,6.2663994,4.945974870462743,0.7743777118063485,0.0
2024-04-03 00:03:00,35.091576,44.82574,9.734165,6.542038310858626,0.8269011189769354,0.0
2024-04-03 00:04:00,51.55,45.099277,6.4507217,6.511599454146637,0.8257593057775748,0.0
2024-04-03 00:05:00,51.379997,45.136887,6.2431107,6.422103188343852,0.8218771408997488,0.0
2024-04-03 00:06:00,35.091576,44.959423,9.867847,7.5706846064382205,0.8577300753596712,0.0
2024-04-03 00:07:00,51.03,44.722862,6.3071365,7.149501916173658,0.8460835807261932,0.0
2024-04-03 00:08:00,50.93,44.47957,6.450432,6.916478552025929,0.8383192509705413,0.0
2024-04-03 00:09:00,51.015,43.943947,7.0710526,6.968003218440463,0.8406028773692624,0.0
2024-04-03 00:10:00,51.489998,43.75667,7.733326,7.223110798377627,0.8479104818451701,0.0
2024-04-03 00:11:00,35.091576,43.365925,8.274349,7.573523603133914,0.8579584379995433,0.0
2024-04-03 00:12:00,35.091576,42.513145,7.42157,7.522872343495527,0.8561315368805663,0.0
2024-04-03 00:13:00,35.091576,42.127136,7.0355606,7.360435098300403,0.851564284083124,0.0
2024-04-03 00:14:00,35.091576,41.753887,6.6623116,7.127727250185295,0.8449417675268326,0.0
2024-04-03 00:15:00,35.091576,41.559967,6.4683914,6.907948639609208,0.8383192509705413,0.0
2024-04-03 00:16:00,60.38,41.419983,18.960018,10.925305145725801,0.9212148892441197,0.0
2024-04-03 00:17:00,35.091576,40.813103,5.721527,9.190712463686992,0.892669559260105,0.0
2024-04-03 00:18:00,35.091576,39.423325,4.331749,7.5710579632587764,0.8577300753596712,0.0
2024-04-03 00:19:00,69.259995,37.7967,31.463295,15.535136969809237,0.970769582096369,0.0
2024-04-03 00:20:00,69.78999,36.30117,33.488823,21.51969895887673,0.9936058460835807,0.9
2024-04-03 00:21:00,71.03,35.1114,35.9186,26.3193320309341,0.9972596483215346,0.7
2024-04-03 00:22:00,71.08,37.431168,33.648834,28.762499430127942,0.9977163736012788,0.9
2024-04-03 00:23:00,70.130005,37.90475,32.225254,29.916750973031263,0.998173098881023,0.9
2024-04-03 00:24:00,69.78999,37.238483,32.55151,30.795003934413423,0.998173098881023,0.9
2024-04-03 00:25:00,35.091576,38.78128,3.689705,21.75990425461546,0.9938342087234528,0.5
2024-04-03 00:26:00,68.295,41.246887,27.048111,23.522639823714997,0.996117835122174,0.7
2024-04-03 00:27:00,67.634995,43.39485,24.240143,23.76180748989854,0.9965745604019183,0.7
2024-04-03 00:28:00,67.31,45.173088,22.13691,23.220174821553456,0.996117835122174,0.7
2024-04-03 00:29:00,67.65,46.68423,20.96577,22.46870678818082,0.9947476592829413,0.7
2024-04-03 00:30:00,68.770004,47.842205,20.9278,21.955070933738387,0.9942909340031971,0.7
2024-04-03 00:31:00,73.925,48.045597,25.879406,23.263182614272857,0.996117835122174,0.9
2024-04-03 00:32:00,75.815,48.547543,27.26746,24.597941699310162,0.9968029230417904,0.7
2024-04-03 00:33:00,76.76,49.44907,27.310932,25.50227185268139,0.9972596483215346,0.7
2024-04-03 00:34:00,35.091576,50.461655,15.370079,22.124874248630043,0.9942909340031971,0.5
2024-04-03 00:35:00,35.091576,51.466057,16.374481,20.208076566143987,0.990180406485499,0.5
2024-04-03 00:36:00,77.42,51.791306,25.628693,22.014948586413702,0.9942909340031971,0.9
2024-04-03 00:37:00,76.895004,52.550144,24.34486,22.791585749910567,0.9949760219228134,0.9
2024-04-03 00:38:00,76.244995,53.24132,23.003674,22.862281684429313,0.9952043845626856,0.9
2024-04-03 00:39:00,75.68,53.813965,21.866035,22.530199610094805,0.9947476592829413,0.9
2024-04-03 00:40:00,74.850006,53.285423,21.564583,22.20832734829888,0.9945192966430692,0.7
2024-04-03 00:41:00,74.595,51.144157,23.450844,22.622499502544308,0.9947476592829413,0.9
2024-04-03 00:42:00,74.245,50.93889,23.306114,22.850371067288656,0.9952043845626856,0.9
2024-04-03 00:43:00,73.850006,51.131638,22.718369,22.806370221616916,0.9949760219228134,0.9
2024-04-03 00:44:00,73.270004,51.497955,21.772049,22.461596464476383,0.9947476592829413,0.9
2024-04-03 00:45:00,72.68,51.954315,20.725685,21.882959349527226,0.994062571363325,0.9
2024-04-03 00:46:00,71.68,52.434494,19.245506,21.003808328558517,0.992235670244348,0.7
2024-04-03 00:47:00,69.92,52.87967,17.040329,19.68264854553641,0.9899520438456269,0.0
2024-04-03 00:48:00,69.225,53.267303,15.957695,18.440997366132347,0.9849280657684403,0.0
2024-04-03 00:49:00,68.285,53.477142,14.807861,17.2299520201299,0.980360812970998,0.0
2024-04-03 00:50:00,67.600006,53.633255,13.966751,16.142218379630872,0.9753368348938114,0.0
2024-04-03 00:51:00,67.415,53.772583,13.642418,15.308951555658863,0.96871431833752,0.0
2024-04-03 00:52:00,67.005005,53.910908,13.094097,14.570666749589634,0.962776889700845,0.0
2024-04-03 00:53:00,66.515,54.02825,12.486748,13.876027080292829,0.9563827357844257,0.0
2024-04-03 00:54:00,66.03999,54.115284,11.924709,13.225587826884674,0.9513587577072391,0.0
2024-04-03 00:55:00,65.525,54.43846,11.08654,12.512571958645772,0.9426809773920987,0.0
2024-04-03 00:56:00,65.015,54.4477,10.567299,11.864147602150567,0.9342315597168304,0.0
2024-04-03 00:57:00,64.685,54.35407,10.330929,11.353074668930457,0.9271523178807947,0.0
2024-04-03 00:58:00,66.49,54.181976,12.308022,11.671390294423691,0.9314912080383649,0.0
2024-04-03 00:59:00,70.945,53.999413,16.945587,13.429455915683503,0.9525005709065997,0.0
2024-04-03 01:00:00,74.61,53.808723,20.801277,15.886729664003848,0.9744233843343229,0.0
2024-04-03 01:01:00,75.745,53.619167,22.125835,17.96643158223629,0.982416076729847,0.0
2024-04-03 01:02:00,76.76,53.495712,23.26429,19.732384340143206,0.9899520438456269,0.0
2024-04-03 01:03:00,77.51,53.857132,23.65287,21.03921295283636,0.9924640328842201,0.9
2024-04-03 01:04:00,35.091576,53.646545,18.55497,20.211131897756793,0.990180406485499,0.5
2024-04-03 01:05:00,79.05,52.49415,26.555855,22.32603953095896,0.9947476592829413,0.9
2024-04-03 01:06:00,79.22,52.480972,26.739029,23.797035997527328,0.9965745604019183,0.9
2024-04-03 01:07:00,35.091576,52.538734,17.447159,21.680410269510407,0.9936058460835807,0.5
2024-04-03 01:08:00,80.445,52.202347,28.242653,23.867824477362408,0.9965745604019183,0.9
2024-04-03 01:09:00,80.869995,51.713913,29.156082,25.630577036015044,0.9972596483215346,0.9
2024-04-03 01:10:00,81.41,51.06569,30.344315,27.20182288240847,0.9977163736012788,0.9
2024-04-03 01:11:00,82.205,51.097942,31.10706,28.50356841452557,0.9977163736012788,0.9
2024-04-03 01:12:00,82.41,51.625244,30.78476,29.263965450178507,0.997944736241151,0.9
2024-04-03 01:13:00,83.009995,51.032158,31.977837,30.168589169747914,0.998173098881023,0.9
2024-04-03 01:14:00,83.28999,51.51217,31.777824,30.70500091378377,0.998173098881023,0.9
2024-04-03 01:15:00,83.58,51.831623,31.748379,31.052793527076552,0.998173098881023,0.9
2024-04-03 01:16:00,84.45,51.96277,32.48723,31.530938482569265,0.998173098881023,0.9
2024-04-03 01:17:00,85.78999,51.989983,33.80001,32.287295882096956,0.998173098881023,0.9
2024-04-03 01:18:00,86.18,51.96163,34.21837,32.93098676482245,0.998173098881023,0.9
2024-04-03 01:19:00,35.091576,51.91726,16.825684,27.56255237446497,0.9977163736012788,0.5
2024-04-03 01:20:00,89.259995,51.918037,37.341957,30.8223539470717,0.998173098881023,0.9
2024-04-03 01:21:00,89.92,52.47544,37.444557,33.02975502802827,0.998173098881023,0.9
2024-04-03 01:22:00,35.091576,53.287582,18.196007,28.085172276986295,0.9977163736012788,0.5
2024-04-03 01:23:00,89.09,53.98188,35.108116,30.426153567958313,0.998173098881023,0.9
2024-04-03 01:24:00,87.17999,54.3969,32.783092,31.211799878231975,0.998173098881023,0.9
2024-04-03 01:25:00,86.755005,54.04534,32.709663,31.71108771585908,0.998173098881023,0.9
2024-04-03 01:26:00,89.770004,54.915905,34.8541,32.75875823513327,0.998173098881023,0.9
2024-04-03 01:27:00,90.67,55.995388,34.67461,33.397375536068665,0.998173098881023,0.9
2024-04-03 01:28:00,94.53,55.448303,39.081696,35.29214887625932,0.998173098881023,0.9
2024-04-03 01:29:00,95.145004,55.641296,39.503708,36.69600187942028,0.998173098881023,0.9
2024-04-03 01:30:00,95.105,55.91261,39.192394,37.52813267181079,0.998173098881023,0.9
2024-04-03 01:31:00,94.79,56.516922,38.27308,37.77644808735954,0.998173098881023,0.9
2024-04-03 01:32:00,94.675,56.626175,38.04883,37.8672414332397,0.998173098881023,0.9
2024-04-03 01:33:00,35.091576,56.12913,21.037556,32.25734618701983,0.998173098881023,0.5
2024-04-03 01:34:00,94.395004,55.959816,38.43519,34.31662688916556,0.998173098881023,0.7
2024-04-03 01:35:00,94.369995,55.94297,38.427025,35.68675953987991,0.998173098881023,0.9
2024-04-03 01:36:00,94.26,55.997715,38.262287,36.545268739884136,0.998173098881023,0.9
2024-04-03 01:37:00,35.091576,56.021103,20.929527,31.340021587494373,0.998173098881023,0.5
2024-04-03 01:38:00,35.091576,56.10579,21.014214,27.898085579000156,0.9977163736012788,0.5
2024-04-03 01:39:00,94.19,55.636913,38.55309,31.449753433282005,0.998173098881023,0.9
2024-04-03 01:40:00,94.16499,55.818016,38.346977,33.748828033483576,0.998173098881023,0.9
2024-04-03 01:41:00,94.14,56.053757,38.086243,35.19463291424947,0.998173098881023,0.9
2024-04-03 01:42:00,93.76,56.377106,37.382896,35.92405408394626,0.998173098881023,0.9
2024-04-03 01:43:00,94.21001,55.824684,38.385323,36.74447691289777,0.998173098881023,0.7
2024-04-03 01:44:00,35.091576,53.537888,18.446312,30.64508859215971,0.998173098881023,0.5
2024-04-03 01:45:00,91.81,54.25689,37.55311,32.94776179988382,0.998173098881023,0.7
2024-04-03 01:46:00,92.770004,55.65617,37.113834,34.33645266029039,0.998173098881023,0.7
2024-04-03 01:47:00,35.091576,56.814312,21.722736,30.13188055974112,0.998173098881023,0.5
2024-04-03 01:48:00,93.92,57.694786,36.225212,32.16299107221674,0.998173098881023,0.7
2024-04-03 01:49:00,93.259995,58.585533,34.67446,33.0001478363932,0.998173098881023,0.7
2024-04-03 01:50:00,35.091576,57.968414,22.876839,29.62571145228948,0.998173098881023,0.5
2024-04-03 01:51:00,92.29,58.116875,34.173126,31.141516375094028,0.998173098881023,0.7
2024-04-03 01:52:00,96.09,58.690304,37.399693,33.22757509519615,0.998173098881023,0.7
2024-04-03 01:53:00,98.534996,57.70981,40.825188,35.76011262449926,0.998173098881023,0.7
2024-04-03 01:54:00,99.6,57.701347,41.89865,37.80629212401513,0.998173098881023,0.9
2024-04-03 01:55:00,99.515,57.888832,41.626167,39.079583848464516,0.998173098881023,0.9
2024-04-03 01:56:00,99.19,56.76037,42.429634,40.19626726372244,0.9984014615208952,0.9
2024-04-03 01:57:00,98.89,57.00313,41.886868,40.75980068354608,0.9984014615208952,0.9
2024-04-03 01:58:00,98.85,56.786583,42.063416,41.194338964811976,0.9984014615208952,0.9
2024-04-03 01:59:00,98.61,56.85874,41.75126,41.37997892657387,0.9984014615208952,0.7
2024-04-03 02:00:00,98.61,57.02571,41.58429,41.448082467976334,0.9984014615208952,0.9
2024-04-03 02:01:00,35.091576,57.222565,22.13099,35.00905133688657,0.998173098881023,0.5
2024-04-03 02:02:00,35.091576,57.453438,22.361862,30.793321618796778,0.998173098881023,0.5
2024-04-03 02:03:00,99.645,57.59262,42.052376,34.54633967701687,0.998173098881023,0.9
2024-04-03 02:04:00,100.355,57.796112,42.55889,37.21719021680682,0.998173098881023,0.9
2024-04-03 02:05:00,102.0,58.034466,43.965534,39.46663821460624,0.9984014615208952,0.7
2024-04-03 02:06:00,35.091576,58.338833,23.247257,34.06017788729284,0.998173098881023,0.5
2024-04-03 02:07:00,101.64,57.76423,43.87577,37.33204211447778,0.998173098881023,0.9
2024-04-03 02:08:00,35.091576,55.547974,20.456398,31.706827413069824,0.998173098881023,0.5
2024-04-03 02:09:00,101.075,56.138046,44.93695,36.11686850324447,0.998173098881023,0.9
2024-04-03 02:10:00,100.979996,56.223335,44.75666,38.99679915597157,0.998173098881023,0.9
2024-04-03 02:11:00,35.091576,57.249916,22.15834,33.38397958868157,0.998173098881023,0.5
2024-04-03 02:12:00,35.091576,56.60224,21.510666,29.42620835697261,0.998173098881023,0.5
2024-04-03 02:13:00,100.270004,57.30757,42.962433,33.93828319175778,0.998173098881023,0.9
2024-04-03 02:14:00,100.78,56.314766,44.465233,37.44726641087889,0.998173098881023,0.9
2024-04-03 02:15:00,102.515,57.01091,45.50409,40.13287405907551,0.9984014615208952,0.9
2024-04-03 02:16:00,103.91,57.707413,46.20259,42.15611302017795,0.9984014615208952,0.7
2024-04-03 02:17:00,104.44,56.889133,47.55087,43.95436500946434,0.9984014615208952,0.7
2024-04-03 02:18:00,35.091576,54.249557,19.157982,35.68890396382909,0.998173098881023,0.5
2024-04-03 02:19:00,103.235,55.028664,48.206337,39.86138163425195,0.9984014615208952,0.9
2024-04-03 02:20:00,35.091576,55.887405,20.79583,33.50619768048438,0.998173098881023,0.5
2024-04-03 02:21:00,102.32,56.257706,46.062294,37.69156312243881,0.998173098881023,0.7
2024-04-03 02:22:00,101.98,57.074028,44.905975,40.096367195558166,0.9984014615208952,0.9
2024-04-03 02:23:00,101.810005,57.941666,43.86834,41.35369130989685,0.9984014615208952,0.7
2024-04-03 02:24:00,101.78,57.50407,44.27593,42.327770372369386,0.9984014615208952,0.9
2024-04-03 02:25:00,102.42,58.134262,44.285736,42.98042560957438,0.9984014615208952,0.9
2024-04-03 02:26:00,35.091576,57.09585,22.004276,35.98837583159451,0.998173098881023,0.5
2024-04-03 02:27:00,35.091576,57.708313,22.616737,31.531163009637226,0.998173098881023,0.5
2024-04-03 02:28:00,100.43,58.35475,42.07525,35.045858245845395,0.998173098881023,0.9
2024-04-03 02:29:00,99.135,59.057358,40.077644,36.72312027994511,0.998173098881023,0.7
2024-04-03 02:30:00,97.244995,60.04313,37.201866,36.882702236597524,0.998173098881023,0.7
2024-04-03 02:31:00,95.53,60.88137,34.64863,36.13801090268611,0.998173098881023,0.7
2024-04-03 02:32:00,35.091576,60.14069,25.049114,32.44171201088905,0.998173098881023,0.5
2024-04-03 02:33:00,35.091576,57.634605,22.54303,29.142151268978118,0.9977163736012788,0.5
2024-04-03 02:34:00,89.685,57.262062,32.422935,30.23574600793203,0.998173098881023,0.7
2024-04-03 02:35:00,88.6,57.499443,31.100555,30.524015811928646,0.998173098881023,0.7
2024-04-03 02:36:00,35.091576,57.822617,22.731041,27.926357526149047,0.9977163736012788,0.5
2024-04-03 02:37:00,84.9,58.10028,26.79972,27.550811938819418,0.9977163736012788,0.7
2024-04-03 02:38:00,83.395004,57.36103,26.033974,27.0451991904955,0.9977163736012788,0.7
2024-04-03 02:39:00,82.825,55.292473,27.532524,27.20764082995924,0.9977163736012788,0.7
2024-04-03 02:40:00,84.509995,54.842255,29.66774,28.027673842694185,0.9977163736012788,0.7
2024-04-03 02:41:00,86.630005,55.329037,31.300968,29.118771951851464,0.9977163736012788,0.7
2024-04-03 02:42:00,87.759995,54.595764,33.16423,30.467258083460877,0.998173098881023,0.7
2024-04-03 02:43:00,88.509995,54.340195,34.1698,31.701438657203084,0.998173098881023,0.7
2024-04-03 02:44:00,88.805,55.350266,33.454735,32.28587070555076,0.998173098881023,0.7
2024-04-03 02:45:00,88.15,56.398407,31.751595,32.10777865151952,0.998173098881023,0.7
2024-04-03 02:46:00,87.255,57.299175,29.955822,31.390459764668613,0.998173098881023,0.7
2024-04-03 02:47:00,35.091576,57.846855,22.75528,28.51206635678429,0.9977163736012788,0.5
2024-04-03 02:48:00,84.604996,58.21553,26.389465,27.80453268186661,0.9977163736012788,0.7
2024-04-03 02:49:00,35.091576,58.494766,23.40319,26.337418658842065,0.9972596483215346,0.5
2024-04-03 02:50:00,83.729996,58.433495,25.296501,25.99044615911737,0.9972596483215346,0.7
2024-04-03 02:51:00,82.985,58.25602,24.728981,25.569957778767048,0.9972596483215346,0.7
2024-04-03 02:52:00,82.215,57.954453,24.260544,25.133486460258766,0.9972596483215346,0.7
2024-04-03 02:53:00,35.091576,57.14071,22.049133,24.10536874043293,0.9965745604019183,0.5
2024-04-03 02:54:00,35.091576,56.96061,21.869034,23.35992376478081,0.996117835122174,0.5
2024-04-03 02:55:00,79.065,55.85943,23.205574,23.30847385506872,0.996117835122174,0.7
2024-04-03 02:56:00,35.091576,55.857487,20.765911,22.460952937477455,0.9947476592829413,0.5
2024-04-03 02:57:00,76.345,56.019478,20.325523,21.749143083806587,0.9936058460835807,0.7
2024-04-03 02:58:00,75.009995,55.997765,19.01223,20.836838695682257,0.992235670244348,0.7
2024-04-03 02:59:00,73.78999,55.088264,18.701729,20.1251354040551,0.990180406485499,0.7
2024-04-03 03:00:00,35.091576,52.906784,17.815208,19.355159747722933,0.9890385932861384,0.0
2024-04-03 03:01:00,35.091576,52.254787,17.163212,18.624510439318545,0.9851564284083124,0.0
2024-04-03 03:02:00,72.14,51.100258,21.039742,19.429587464916793,0.9892669559260105,0.0
2024-04-03 03:03:00,73.33,50.749336,22.580666,20.479946839404164,0.9908654944051153,0.7
2024-04-03 03:04:00,35.091576,51.29121,16.199635,19.05317607693676,0.9878967800867778,0.0
2024-04-03 03:05:00,35.091576,51.959232,16.867657,18.324669620545734,0.984242977848824,0.0
2024-04-03 03:06:00,72.315,51.56248,20.752522,19.133953585328015,0.98812514272665,0.0
2024-04-03 03:07:00,70.935,49.81329,21.121708,19.796538362305267,0.990180406485499,0.7
2024-04-03 03:08:00,69.619995,49.79992,19.820076,19.804384237793357,0.990180406485499,0.7
2024-04-03 03:09:00,35.091576,51.01499,15.923416,18.510728204427345,0.9849280657684403,0.0
2024-04-03 03:10:00,67.395004,50.24,17.155003,18.058819667616277,0.9833295272893354,0.0
2024-04-03 03:11:00,35.091576,49.198833,14.107258,16.741632392750045,0.9787622744918931,0.0
2024-04-03 03:12:00,35.091576,49.353256,14.261681,15.914981796175812,0.9744233843343229,0.0
2024-04-03 03:13:00,35.091576,50.532257,15.440681,15.756881683290388,0.9728248458552181,0.0
2024-04-03 03:14:00,35.091576,49.37034,14.278763,15.26417539465453,0.9684859556976478,0.0
2024-04-03 03:15:00,62.9,48.97899,13.921013,14.81645455590901,0.9650605160995661,0.0
2024-04-03 03:16:00,62.16,48.848045,13.3119545,14.314954536703013,0.9602649006622517,0.0
2024-04-03 03:17:00,61.39,48.130928,13.259071,13.962993474501229,0.95683946106417,0.0
2024-04-03 03:18:00,60.68,46.390537,14.289463,14.071816664071783,0.9584379995432747,0.0
2024-04-03 03:19:00,59.915,44.26926,15.6457405,14.59645794572559,0.962776889700845,0.0
2024-04-03 03:20:00,59.11,42.10073,17.00927,15.400728535268883,0.9696277688970084,0.0
2024-04-03 03:21:00,58.425,41.805183,16.619816,15.80709096565126,0.9737382964147066,0.0
2024-04-03 03:22:00,57.68,42.61874,15.06126,15.558480718230399,0.970769582096369,0.0
2024-04-03 03:23:00,56.97,43.830963,13.139038,14.751999840799433,0.9646037908198218,0.0
2024-04-03 03:24:00,56.59,45.07679,11.51321,13.672403326076576,0.9547841973053208,0.0
2024-04-03 03:25:00,56.690002,46.154587,10.535416,12.626740767189073,0.9435944279515871,0.0
2024-04-03 03:26:00,56.64,47.036823,9.603176,11.618885883773835,0.9310344827586207,0.0
2024-04-03 03:27:00,56.519997,47.73839,8.781605,10.673125511464459,0.9177894496460379,0.0
2024-04-03 03:28:00,56.125,48.297707,7.8272934,9.724514806308338,0.9002055263758849,0.0
2024-04-03 03:29:00,56.385,48.704956,7.6800423,9.043023959820793,0.8903859328613839,0.0
2024-04-03 03:30:00,56.375,49.057518,7.317482,8.467843304756832,0.8773692623886732,0.0
2024-04-03 03:31:00,56.129997,49.38301,6.7469864,7.894224332891273,0.8666362183146837,0.0
2024-04-03 03:32:00,55.96,49.40858,6.5514183,7.446622323408636,0.8531628225622289,0.0
2024-04-03 03:33:00,35.091576,49.48854,14.396965,9.763403224557582,0.9008906142955012,0.0
2024-04-03 03:34:00,58.11,49.723213,8.386787,9.304531287888649,0.8938113724594656,0.0
2024-04-03 03:35:00,35.091576,49.930676,14.8391,11.149387486603501,0.9250970541219456,0.0
2024-04-03 03:36:00,63.574997,49.938347,13.63665,11.978475019552075,0.9346882849965745,0.0
2024-04-03 03:37:00,65.43,49.674362,15.755638,13.237529387220915,0.9513587577072391,0.0
2024-04-03 03:38:00,35.091576,49.45993,14.368355,13.614471190601705,0.9547841973053208,0.0
2024-04-03 03:39:00,70.61,49.020447,21.589554,16.27283207140374,0.9762502854532998,0.0
2024-04-03 03:40:00,72.41,49.275154,23.13485,18.560171230382444,0.9849280657684403,0.0
2024-04-03 03:41:00,73.755005,48.3106,25.444405,20.854915687605224,0.992235670244348,0.9
2024-04-03 03:42:00,72.494995,48.280537,24.214458,21.97476328026221,0.9942909340031971,0.9
2024-04-03 03:43:00,72.244995,48.51047,23.734524,22.56135011123926,0.9947476592829413,0.9
2024-04-03 03:44:00,35.091576,47.701218,12.609642,19.244114083762373,0.9885818680063941,0.0
2024-04-03 03:45:00,75.0,48.569817,26.430183,21.639470526056428,0.9936058460835807,0.9
2024-04-03 03:46:00,75.17,49.81595,25.35405,22.87766357824335,0.9952043845626856,0.9
2024-04-03 03:47:00,73.71,50.766045,22.943954,22.899760541420047,0.9954327472025577,0.9
2024-04-03 03:48:00,72.695,51.533318,21.161682,22.320401070582115,0.9947476592829413,0.7
2024-04-03 03:49:00,71.130005,52.287167,18.842838,21.161213476172584,0.9926923955240923,0.9
2024-04-03 03:50:00,69.81,51.87475,17.93525,20.085892093652816,0.990180406485499,0.7
2024-04-03 03:51:00,68.75,51.604282,17.145718,19.10583393605175,0.98812514272665,0.0
2024-04-03 03:52:00,35.091576,51.74932,16.657745,18.289804411143876,0.9840146152089518,0.0
2024-04-03 03:53:00,71.58,51.840294,19.739708,18.773105589688367,0.9858415163279287,0.0
2024-04-03 03:54:00,74.759995,52.030876,22.729118,20.091776508848234,0.990180406485499,0.9
2024-04-03 03:55:00,35.091576,52.31286,17.221283,19.13494532556028,0.98812514272665,0.0
2024-04-03 03:56:00,79.44,52.544476,26.895527,21.7218058457023,0.9936058460835807,0.9
2024-04-03 03:57:00,79.81,53.150368,26.65963,23.36774717106065,0.996117835122174,0.9
2024-04-03 03:58:00,80.405,52.781532,27.623466,24.786320277940174,0.9968029230417904,0.9
2024-04-03 03:59:00,80.825,53.22785,27.597145,25.723261878815585,0.9972596483215346,0.7
2024-04-03 04:00:00,81.369995,53.433613,27.936382,26.46096868377745,0.9974880109614067,0.9
2024-04-03 04:01:00,82.520004,52.462402,30.057602,27.659846432088614,0.9977163736012788,0.9
2024-04-03 04:02:00,83.545,52.466827,31.07817,28.799287880181474,0.9977163736012788,0.9
2024-04-03 04:03:00,84.84,52.536484,32.303513,29.96736277786838,0.998173098881023,0.9
2024-04-03 04:04:00,35.091576,52.61797,17.526394,25.820373148705876,0.9972596483215346,0.5
2024-04-03 04:05:00,85.58501,53.25699,32.32802,27.98958816196277,0.9977163736012788,0.9
2024-04-03 04:06:00,84.635,53.969955,30.665047,28.881407671940025,0.9977163736012788,0.9
2024-04-03 04:07:00,84.86,53.827927,31.032074,29.598296439496476,0.998173098881023,0.7
2024-04-03 04:08:00,85.145004,53.80032,31.344685,30.180425826607678,0.998173098881023,0.9
2024-04-03 04:09:00,85.77,53.709366,32.06063,30.80716081718507,0.998173098881023,0.9
2024-04-03 04:10:00,86.009995,53.05758,32.952415,31.522245700226247,0.998173098881023,0.7
2024-04-03 04:11:00,86.28,53.338787,32.94121,31.995234366963984,0.998173098881023,0.9
2024-04-03 04:12:00,86.985,53.751286,33.233715,32.40806126376701,0.998173098881023,0.9
2024-04-03 04:13:00,88.56,53.97605,34.583946,33.13335625185379,0.998173098881023,0.9
2024-04-03 04:14:00,35.091576,54.128925,19.03735,28.43468740154511,0.9977163736012788,0.5
2024-04-03 04:15:00,90.235,54.274155,35.960846,30.943406916785285,0.998173098881023,0.9
2024-04-03 04:16:00,89.87,54.351307,35.518696,32.46850322162314,0.998173098881023,0.9
2024-04-03 04:17:00,35.091576,54.672966,19.58139,28.17279894136855,0.9977163736012788,0.5
2024-04-03 04:18:00,88.619995,54.651505,33.96849,30.104696161107682,0.998173098881023,0.9
2024-04-03 04:19:00,91.28,55.224747,36.055252,32.08821479913689,0.998173098881023,0.7
2024-04-03 04:20:00,35.091576,54.884903,19.793327,27.989918976605587,0.9977163736012788,0.5
2024-04-03 04:21:00,35.091576,54.699318,19.607742,25.19586008759383,0.9972596483215346,0.5
2024-04-03 04:22:00,94.36,55.303345,39.056656,29.816125352992245,0.998173098881023,0.9
2024-04-03 04:23:00,94.26,54.665306,39.594696,33.07564891696879,0.998173098881023,0.9
2024-04-03 04:24:00,94.14,55.180588,38.95941,35.03690315167711,0.998173098881023,0.9
2024-04-03 04:25:00,93.005005,55.03425,37.970757,36.01485427803865,0.998173098881023,0.9
2024-04-03 04:26:00,91.63,54.01508,37.614918,36.548208770401416,0.998173098881023,0.9
2024-04-03 04:27:00,92.53,51.485275,41.044724,38.047047017181676,0.998173098881023,0.9
2024-04-03 04:28:00,92.72,52.09989,40.62011,38.90473453082294,0.998173098881023,0.9
2024-04-03 04:29:00,92.82,52.99991,39.82009,39.209853436401495,0.998173098881023,0.7
2024-04-03 04:30:00,35.091576,53.944626,18.85305,32.42425236824553,0.998173098881023,0.5
2024-04-03 04:31:00,93.21001,55.133614,38.076393,34.30829928797749,0.998173098881023,0.9
2024-04-03 04:32:00,93.185,56.065872,37.119125,35.245241314055306,0.998173098881023,0.7
2024-04-03 04:33:00,93.325,56.714912,36.610085,35.70018905393401,0.998173098881023,0.9
2024-04-03 04:34:00,93.29,57.2257,36.0643,35.8215595483258,0.998173098881023,0.9
2024-04-03 04:35:00,35.091576,57.54586,22.454285,31.365801254873453,0.998173098881023,0.5
2024-04-03 04:36:00,35.091576,57.037804,21.946228,28.225943512363557,0.9977163736012788,0.5
2024-04-03 04:37:00,93.325,57.19463,36.130367,30.860751434593283,0.998173098881023,0.7
2024-04-03 04:38:00,93.36,57.444984,35.915016,32.545506347834326,0.998173098881023,0.7
2024-04-03 04:39:00,35.091576,57.756668,22.665092,29.25203505464346,0.997944736241151,0.5
2024-04-03 04:40:00,93.29,57.973427,35.316574,31.273548068655536,0.998173098881023,0.9
2024-04-03 04:41:00,93.259995,57.324707,35.935287,32.827461204299006,0.998173098881023,0.9
2024-04-03 04:42:00,93.29,54.835938,38.454063,34.70299527470846,0.998173098881023,0.9
2024-04-03 04:43:00,93.259995,55.182915,38.07708,35.82769010745538,0.998173098881023,0.9
2024-04-03 04:44:00,93.994995,55.66204,38.332954,36.66277820721635,0.998173098881023,0.9
2024-04-03 04:45:00,94.405,54.665848,39.73915,37.68823580513642,0.998173098881023,0.7
2024-04-03 04:46:00,93.994995,54.987125,39.00787,38.12811377691061,0.998173098881023,0.9
2024-04-03 04:47:00,35.091576,55.41119,20.319614,32.191947321407206,0.998173098881023,0.5
2024-04-03 04:48:00,92.545,56.344925,36.200073,33.52798929500064,0.998173098881023,0.7
2024-04-03 04:49:00,91.600006,57.280586,34.31942,33.79179948361371,0.998173098881023,0.7
2024-04-03 04:50:00,35.091576,58.110306,23.01873,30.20077637693388,0.998173098881023,0.5
2024-04-03 04:51:00,87.755005,58.43373,29.321274,29.907608852526234,0.998173098881023,0.7
2024-04-03 04:52:00,85.94,58.64177,27.298233,29.037816912426347,0.9977163736012788,0.7
2024-04-03 04:53:00,84.255005,57.851906,26.4031,28.159577628303765,0.9977163736012788,0.7
2024-04-03 04:54:00,83.315,57.834236,25.480766,27.26664051766475,0.9977163736012788,0.7
2024-04-03 04:55:00,82.494995,57.97374,24.521255,26.351512176164523,0.9972596483215346,0.7
2024-04-03 04:56:00,81.425,57.01643,24.408573,25.70386583432127,0.9972596483215346,0.7
2024-04-03 04:57:00,35.091576,56.34414,21.252563,24.220098381735014,0.9965745604019183,0.5
2024-04-03 04:58:00,35.091576,56.19419,21.102615,23.180937373305113,0.996117835122174,0.5
2024-04-03 04:59:00,84.01,56.412796,27.597206,24.653026954110963,0.9968029230417904,0.7
2024-04-03 05:00:00,86.025,56.844566,29.180435,26.162163029628665,0.9972596483215346,0.7
2024-04-03 05:01:00,87.415,56.981483,30.433517,27.58594783843734,0.9977163736012788,0.7
2024-04-03 05:02:00,87.965,56.9922,30.972797,28.714897690224504,0.9977163736012788,0.7
2024-04-03 05:03:00,86.595,56.236305,30.358696,29.262830454778577,0.997944736241151,0.7
2024-04-03 05:04:00,86.905,54.073807,32.831192,30.452284308719573,0.998173098881023,0.7
2024-04-03 05:05:00,35.091576,54.380424,19.288849,26.731139164797426,0.9977163736012788,0.5
2024-04-03 05:06:00,92.08,54.603798,37.476204,30.3128274160173,0.998173098881023,0.9
2024-04-03 05:07:00,92.625,55.176323,37.448677,32.69144396500763,0.998173098881023,0.9
2024-04-03 05:08:00,92.590004,55.365032,37.22497,34.2026199004185,0.998173098881023,0.9
2024-04-03 05:09:00,90.94,55.97601,34.963993,34.45641095778225,0.998173098881023,0.9
2024-04-03 05:10:00,35.091576,56.232605,21.14103,30.017950424491556,0.998173098881023,0.5
2024-04-03 05:11:00,91.285,55.56567,35.719334,31.918411499221587,0.998173098881023,0.9
2024-04-03 05:12:00,35.091576,55.701508,20.609932,28.148918314747988,0.9977163736012788,0.5
2024-04-03 05:13:00,91.435,55.882965,35.552032,30.6166230333997,0.998173098881023,0.7
2024-04-03 05:14:00,91.46,56.500893,34.959106,32.0641175040373,0.998173098881023,0.9
2024-04-03 05:15:00,91.43,56.92492,34.50508,32.877772061610806,0.998173098881023,0.9
2024-04-03 05:16:00,35.091576,56.23301,21.141434,28.965659279680644,0.9977163736012788,0.5
2024-04-03 05:17:00,91.58,56.38848,35.19152,31.040946416759756,0.998173098881023,0.9
2024-04-03 05:18:00,91.5,55.19079,36.30921,32.79703485482551,0.998173098881023,0.9
2024-04-03 05:19:00,91.604996,55.40558,36.199417,33.93116227463628,0.998173098881023,0.9
2024-04-03 05:20:00,35.091576,55.74637,20.654793,29.505705778305696,0.998173098881023,0.5
2024-04-03 05:21:00,91.7,56.10189,35.598106,31.536505980296248,0.998173098881023,0.7
2024-04-03 05:22:00,91.7,55.312927,36.38707,33.15336055424698,0.998173098881023,0.7
2024-04-03 05:23:00,91.7,55.49164,36.20836,34.17169329104747,0.998173098881023,0.7
2024-04-03 05:24:00,90.94,55.74312,35.196884,34.513423579122794,0.998173098881023,0.7
2024-04-03 05:25:00,35.091576,56.012787,20.921211,29.982686133640456,0.998173098881023,0.5
2024-04-03 05:26:00,35.091576,55.23967,20.148094,26.704488814842335,0.9974880109614067,0.5
2024-04-03 05:27:00,91.16,55.371685,35.78832,29.73243208790596,0.998173098881023,0.7
2024-04-03 05:28:00,91.31,55.557762,35.752235,31.73903319613653,0.998173098881023,0.7
2024-04-03 05:29:00,91.295,55.701813,35.593185,33.023750605692584,0.998173098881023,0.7
2024-04-03 05:30:00,91.28,55.718147,35.56185,33.86978423761667,0.998173098881023,0.7
2024-04-03 05:31:00,91.32,54.98101,36.33899,34.69285257768195,0.998173098881023,0.7
2024-04-03 05:32:00,91.33,52.4553,38.874702,36.08680253632573,0.998173098881023,0.7
2024-04-03 05:33:00,91.37,52.800613,38.56939,36.91433147197106,0.998173098881023,0.7
2024-04-03 05:34:00,91.345,53.354218,37.990784,37.27314887844946,0.998173098881023,0.7
2024-04-03 05:35:00,91.305,53.920723,37.384277,37.31019170021631,0.998173098881023,0.7
2024-04-03 05:36:00,91.26,54.422516,36.837486,37.152623222507486,0.998173098881023,0.7
2024-04-03 05:37:00,91.28,54.78572,36.494278,36.93317479970551,0.998173098881023,0.7
2024-04-03 05:38:00,91.295,55.07389,36.221107,36.69581902744039,0.998173098881023,0.7
2024-04-03 05:39:00,35.091576,55.33869,20.247116,31.212918047915995,0.998173098881023,0.5
2024-04-03 05:40:00,35.091576,55.54251,20.450935,27.62559048653384,0.9977163736012788,0.5
2024-04-03 05:41:00,91.41,55.66547,35.744534,30.33190483729535,0.998173098881023,0.7
2024-04-03 05:42:00,91.36,55.721794,35.638206,32.10067205217477,0.998173098881023,0.9
2024-04-03 05:43:00,35.091576,55.78208,20.690506,28.297283361931623,0.9977163736012788,0.5
2024-04-03 05:44:00,35.091576,55.761257,20.669682,25.75474942431184,0.9972596483215346,0.5
2024-04-03 05:45:00,35.091576,55.25823,20.166653,23.89205050935568,0.9965745604019183,0.5
2024-04-03 05:46:00,35.091576,53.108208,18.016632,21.933577699596498,0.9942909340031971,0.5
2024-04-03 05:47:00,35.091576,53.39817,18.306595,20.724583415941936,0.9917789449646038,0.5
2024-04-03 05:48:00,35.091576,53.862167,18.770592,20.073252855907906,0.990180406485499,0.5
2024-04-03 05:49:00,35.091576,53.05579,17.964214,19.370240012255664,0.9890385932861384,0.0
2024-04-03 05:50:00,35.091576,50.571068,15.479492,18.073324070670445,0.9835578899292076,0.0
2024-04-03 05:51:00,35.091576,47.435753,12.344177,16.163608462478216,0.9755651975336835,0.0
2024-04-03 05:52:00,35.091576,44.24186,9.150284,13.825833579477665,0.9559260105046814,0.0
2024-04-03 05:53:00,35.091576,41.36252,6.2709427,11.307536615647873,0.9262388673213062,0.0
2024-04-03 05:54:00,89.085,38.97838,50.10662,24.240564673289988,0.9965745604019183,0.7
2024-04-03 05:55:00,35.091576,37.15117,2.0595932,16.846907515754527,0.9787622744918931,0.0
2024-04-03 05:56:00,87.185,35.792812,51.392185,28.362000080896898,0.9977163736012788,0.7
2024-04-03 05:57:00,85.94,34.817303,51.1227,35.94889996644754,0.998173098881023,0.7
2024-04-03 05:58:00,83.509995,34.133545,49.37645,40.42474983928534,0.9984014615208952,0.7
2024-04-03 05:59:00,83.325,33.6764,49.648598,43.49936579861861,0.9984014615208952,0.7
2024-04-03 06:00:00,84.34,37.305546,47.03445,44.67772737608103,0.9984014615208952,0.7
2024-04-03 06:01:00,85.01,38.752075,46.257927,45.20446056436001,0.9984014615208952,0.7
2024-04-03 06:02:00,35.091576,41.020016,5.92844,32.112453740904726,0.998173098881023,0.5
2024-04-03 06:03:00,90.525,43.578636,46.946365,37.05709094608493,0.998173098881023,0.7
2024-04-03 06:04:00,91.15,46.97884,44.17116,39.42844784792706,0.9984014615208952,0.7
2024-04-03 06:05:00,91.5,49.686306,41.813694,40.223529898699425,0.9984014615208952,0.7
2024-04-03 06:06:00,92.43,51.675644,40.754356,40.400472060558734,0.9984014615208952,0.7
2024-04-03 06:07:00,35.091576,52.740208,17.648632,32.816525390226005,0.998173098881023,0.5
2024-04-03 06:08:00,35.091576,52.564682,17.473106,27.702052388243118,0.9977163736012788,0.5
2024-04-03 06:09:00,35.091576,53.223324,18.131748,24.511950991983042,0.9965745604019183,0.5
2024-04-03 06:10:00,95.765,54.211613,41.553387,30.192429557399503,0.998173098881023,0.7
2024-04-03 06:11:00,95.41,54.91311,40.496895,33.62725131707493,0.998173098881023,0.9
2024-04-03 06:12:00,95.07001,54.725716,40.34429,35.86626477372053,0.998173098881023,0.9
2024-04-03 06:13:00,94.479996,53.98656,40.493435,37.408654817815645,0.998173098881023,0.9
2024-04-03 06:14:00,92.07,51.64642,40.42358,38.41362993510301,0.998173098881023,0.9
2024-04-03 06:15:00,88.96,48.52651,40.43349,39.08691687445995,0.998173098881023,0.9
2024-04-03 06:16:00,89.17,49.652016,39.517982,39.230605410610025,0.998173098881023,0.9
2024-04-03 06:17:00,35.091576,51.044,15.952423,31.47121130564106,0.998173098881023,0.5
2024-04-03 06:18:00,35.091576,52.376823,17.285248,26.742556804672166,0.9977163736012788,0.5
2024-04-03 06:19:00,95.91,54.12087,41.789135,31.75808286286413,0.998173098881023,0.9
2024-04-03 06:20:00,95.21,55.484753,39.725246,34.41380405172387,0.998173098881023,0.9
2024-04-03 06:21:00,95.020004,56.446564,38.57344,35.80034955173519,0.998173098881023,0.9
2024-04-03 06:22:00,96.705,57.29218,39.412823,37.00450727561969,0.998173098881023,0.7
2024-04-03 06:23:00,35.091576,56.90615,21.814575,31.941196582183963,0.998173098881023,0.5
2024-04-03 06:24:00,99.39,54.619076,44.770924,36.217772259623295,0.998173098881023,0.7
2024-04-03 06:25:00,98.705,54.52693,44.17807,38.87120486253532,0.998173098881023,0.9
2024-04-03 06:26:00,97.155,55.670815,41.484184,39.74219799673579,0.9984014615208952,0.9
2024-04-03 06:27:00,35.091576,56.536835,21.44526,33.643218362569954,0.998173098881023,0.5
2024-04-03 06:28:00,35.091576,56.570385,21.47881,29.58841536060979,0.998173098881023,0.5
2024-04-03 06:29:00,103.17,55.837738,47.33226,35.50303028435184,0.998173098881023,0.9
2024-04-03 06:30:00,103.69,55.812973,47.87703,39.62769666254967,0.9984014615208952,0.9
2024-04-03 06:31:00,103.54,55.998203,47.541798,42.26573032101293,0.9984014615208952,0.9
2024-04-03 06:32:00,102.93,56.72548,46.20452,43.57866060707503,0.9984014615208952,0.7
2024-04-03 06:33:00,102.92,56.112335,46.807663,44.654994726005754,0.9984014615208952,0.7
2024-04-03 06:34:00,102.37,53.887318,48.482685,45.930891513707614,0.9984014615208952,0.9
2024-04-03 06:35:00,105.2,55.047085,50.152912,47.338231722435935,0.9984014615208952,0.9
2024-04-03 06:36:00,106.215004,56.23111,49.983894,48.220119264338805,0.9984014615208952,0.9
2024-04-03 06:37:00,106.05,57.3287,48.721302,48.38718018704944,0.9986298241607673,0.9
2024-04-03 06:38:00,106.05,58.790592,47.25941,48.011257077417724,0.9984014615208952,0.7
2024-04-03 06:39:00,106.075005,59.866272,46.208733,47.41041558660531,0.9984014615208952,0.9
2024-04-03 06:40:00,105.705,60.714275,44.990726,46.60385254805263,0.9984014615208952,0.9
2024-04-03 06:41:00,105.37,61.592834,43.77717,45.66162445667702,0.9984014615208952,0.9
2024-04-03 06:42:00,35.091576,62.246475,27.1549,39.492716170174006,0.9984014615208952,0.5
2024-04-03 06:43:00,103.200005,62.278454,40.92155,39.96899436369348,0.9984014615208952,0.7
2024-04-03 06:44:00,102.39,62.717968,39.67203,39.87000670999162,0.9984014615208952,0.7
2024-04-03 06:45:00,100.095,63.054222,37.04078,38.92693084458426,0.998173098881023,0.7
2024-04-03 06:46:00,98.07,63.31716,34.75284,37.535566607978055,0.998173098881023,0.7
2024-04-03 06:47:00,96.19,63.90683,32.283173,35.784768607792664,0.998173098881023,0.7
2024-04-03 06:48:00,94.07,63.087296,30.982704,34.18408045939433,0.998173098881023,0.7
2024-04-03 06:49:00,93.935,62.39823,31.536766,33.30164232367825,0.998173098881023,0.7
2024-04-03 06:50:00,94.82,62.04798,32.77202,33.1251010266579,0.998173098881023,0.7
2024-04-03 06:51:00,95.69,61.81717,33.872833,33.37434510175631,0.998173098881023,0.7
2024-04-03 06:52:00,96.630005,61.60943,35.020576,33.92308889352114,0.998173098881023,0.7
2024-04-03 06:53:00,97.83,61.43432,36.395683,34.7472870252055,0.998173098881023,0.7
2024-04-03 06:54:00,101.075,62.19822,38.876778,36.12378389977893,0.998173098881023,0.7
2024-04-03 06:55:00,102.880005,62.829887,40.050117,37.43256176407788,0.998173098881023,0.7
2024-04-03 06:56:00,103.0,63.18273,39.81727,38.227463966579265,0.998173098881023,0.7
2024-04-03 06:57:00,35.091576,63.466835,28.37526,34.9433957775242,0.998173098881023,0.5
2024-04-03 06:58:00,101.88,63.397118,38.48288,36.123223731240095,0.998173098881023,0.7
2024-04-03 06:59:00,101.67,62.76604,38.903957,37.05013494314119,0.998173098881023,0.7
2024-04-03 07:00:00,101.455,62.43155,39.023453,37.70790754835715,0.998173098881023,0.9
2024-04-03 07:01:00,101.51,62.28715,39.22285,38.21288863209162,0.998173098881023,0.9
2024-04-03 07:02:00,101.28,62.18255,39.09745,38.507742506843634,0.998173098881023,0.9
2024-04-03 07:03:00,101.15,61.295498,39.854504,38.95666288175969,0.998173098881023,0.9
2024-04-03 07:04:00,35.091576,61.207867,26.116291,34.67653893655399,0.998173098881023,0.5
2024-04-03 07:05:00,100.61,61.247795,39.362206,36.23842779282636,0.998173098881023,0.9
2024-04-03 07:06:00,101.54,61.48664,40.05336,37.51007185700143,0.998173098881023,0.9
2024-04-03 07:07:00,35.091576,62.204704,27.113129,34.044424125370746,0.998173098881023,0.5
2024-04-03 07:08:00,35.091576,62.672504,27.580929,31.889925684410578,0.998173098881023,0.5
2024-04-03 07:09:00,103.40501,63.09294,40.312065,34.69730549777763,0.998173098881023,0.9
2024-04-03 07:10:00,103.235,62.126823,41.108177,36.83426272687129,0.998173098881023,0.9
2024-04-03 07:11:00,35.091576,62.437614,27.346039,33.67152142403398,0.998173098881023,0.5
2024-04-03 07:12:00,103.1,62.729946,40.370052,35.90436506190482,0.998173098881023,0.7
2024-04-03 07:13:00,102.94,61.6735,41.266502,37.69174416806025,0.998173098881023,0.9
2024-04-03 07:14:00,35.091576,58.976364,23.884789,33.089425616434696,0.998173098881023,0.5
2024-04-03 07:15:00,35.091576,59.416077,24.324501,30.167784090155685,0.998173098881023,0.5
2024-04-03 07:16:00,103.61,59.989246,43.620754,34.652107474084914,0.998173098881023,0.9
2024-04-03 07:17:00,102.53,58.912064,43.617935,37.6407167096113,0.998173098881023,0.9
2024-04-03 07:18:00,35.091576,59.364708,24.273132,33.184855247813786,0.998173098881023,0.5
2024-04-03 07:19:00,101.17,60.150326,41.019672,35.79646096314214,0.998173098881023,0.7
2024-04-03 07:20:00,103.994995,59.15828,44.836716,38.80987920817549,0.998173098881023,0.9
2024-04-03 07:21:00,105.955,56.358757,49.596245,42.405334409454234,0.9984014615208952,0.9
2024-04-03 07:22:00,106.71,55.89839,50.811607,45.20742539324944,0.9984014615208952,0.7
2024-04-03 07:23:00,107.08,56.40322,50.67678,47.030543829060825,0.9984014615208952,0.7
2024-04-03 07:24:00,107.08,55.587357,51.492645,48.51791097393118,0.9986298241607673,0.9
2024-04-03 07:25:00,106.774994,57.10605,49.668945,48.90158908678745,0.9986298241607673,0.9
2024-04-03 07:26:00,35.091576,58.919746,23.82817,40.54378298331404,0.9984014615208952,0.5
2024-04-03 07:27:00,35.091576,59.800552,24.708977,35.26551423741118,0.998173098881023,0.5
2024-04-03 07:28:00,107.655,60.833965,46.821033,39.117353984201856,0.998173098881023,0.9
2024-04-03 07:29:00,35.091576,61.937775,26.846199,35.026969001349414,0.998173098881023,0.5
2024-04-03 07:30:00,107.520004,62.92183,44.598175,38.21737101717565,0.998173098881023,0.7
2024-04-03 07:31:00,107.670006,63.65266,44.017345,40.15069582093937,0.9984014615208952,0.9
2024-04-03 07:32:00,106.25,63.055107,43.194893,41.165428175059844,0.9984014615208952,0.9
2024-04-03 07:33:00,105.725006,60.586807,45.1382,42.48968506755292,0.9984014615208952,0.7
2024-04-03 07:34:00,105.96,61.211098,44.7489,43.242757167431115,0.9984014615208952,0.9
2024-04-03 07:35:00,105.7,59.650024,46.049973,44.17849562301397,0.9984014615208952,0.9
2024-04-03 07:36:00,104.22,60.22427,43.99573,44.11757419992924,0.9984014615208952,0.7
2024-04-03 07:37:00,102.27,60.583607,41.68639,43.307179440984726,0.9984014615208952,0.7
2024-04-03 07:38:00,102.805,61.60916,41.19584,42.60339927006404,0.9984014615208952,0.7
2024-04-03 07:39:00,106.4,62.378777,44.021225,43.07600783857134,0.9984014615208952,0.7
2024-04-03 07:40:00,107.96001,62.79418,45.165825,43.77261352242647,0.9984014615208952,0.9
2024-04-03 07:41:00,110.24,62.86341,47.376587,44.973937986305145,0.9984014615208952,0.7
2024-04-03 07:42:00,111.11,62.743664,48.366337,46.104737598373355,0.9984014615208952,0.7
2024-04-03 07:43:00,35.091576,63.907158,28.815582,40.34168582404578,0.9984014615208952,0.5
2024-04-03 07:44:00,35.091576,64.37562,29.284042,36.65580466883,0.998173098881023,0.5
2024-04-03 07:45:00,35.091576,64.26683,29.175255,34.16228805314579,0.998173098881023,0.5
2024-04-03 07:46:00,110.595,64.37528,46.21972,38.18143167979902,0.998173098881023,0.9
2024-04-03 07:47:00,113.54,64.48314,49.05686,41.80657507901315,0.9984014615208952,0.9
2024-04-03 07:48:00,114.770004,64.755066,50.01494,44.5426961708395,0.9984014615208952,0.9
2024-04-03 07:49:00,115.37,63.93927,51.430733,46.83870835624326,0.9984014615208952,0.9
2024-04-03 07:50:00,115.670006,61.504147,54.16586,49.28109197829954,0.9986298241607673,0.9
2024-04-03 07:51:00,115.700005,58.218094,57.48191,52.01469822072183,0.9986298241607673,0.9
2024-04-03 07:52:00,35.091576,59.32437,24.232796,42.75406405225857,0.9984014615208952,0.5
2024-04-03 07:53:00,35.091576,60.40162,25.310043,36.93939047982603,0.998173098881023,0.5
2024-04-03 07:54:00,35.091576,61.787537,26.695961,33.52491398606241,0.998173098881023,0.5
2024-04-03 07:55:00,115.15,63.399025,51.750977,39.600268178208275,0.9984014615208952,0.9
2024-04-03 07:56:00,114.75,64.83371,49.91629,43.03894221320656,0.9984014615208952,0.9
2024-04-03 07:57:00,116.26,65.942055,50.317947,45.46527727136948,0.9984014615208952,0.9
2024-04-03 07:58:00,117.43,65.52933,51.900673,47.610409151778875,0.9984014615208952,0.7
2024-04-03 07:59:00,119.07,63.114265,55.955734,50.392184185495815,0.9986298241607673,0.7
2024-04-03 08:00:00,118.54,59.653053,58.886948,53.223772000942525,0.9986298241607673,0.7
2024-04-03 08:01:00,118.815,61.018124,57.79688,54.74814093886077,0.9988581868006394,0.9
2024-04-03 08:02:00,119.259995,62.36431,56.895683,55.46398838876526,0.9988581868006394,0.9
2024-04-03 08:03:00,35.091576,63.245968,28.154392,46.360789673320724,0.9984014615208952,0.5
2024-04-03 08:04:00,120.33501,63.839653,56.495354,49.738977681790644,0.9986298241607673,0.9
2024-04-03 08:05:00,120.665,65.14189,55.52311,51.66702159987216,0.9986298241607673,0.9
2024-04-03 08:06:00,120.090004,66.102844,53.98716,52.440400976249414,0.9986298241607673,0.9
2024-04-03 08:07:00,119.53001,67.089615,52.44039,52.440397831008724,0.9986298241607673,0.7
2024-04-03 08:08:00,115.72,68.02248,47.697525,50.85944022881051,0.9986298241607673,0.7
2024-04-03 08:09:00,114.62501,67.22468,47.40033,49.70640334915493,0.9986298241607673,0.7
2024-04-03 08:10:00,35.091576,68.13985,33.04827,44.153692625836364,0.9984014615208952,0.5
2024-04-03 08:11:00,35.091576,72.51544,37.423866,41.91041717454846,0.9984014615208952,0.5
2024-04-03 08:12:00,35.091576,72.99626,37.904686,40.57517344107268,0.9984014615208952,0.5
2024-04-03 08:13:00,35.091576,73.242645,38.15107,39.767138841086215,0.9984014615208952,0.5
2024-04-03 08:14:00,35.091576,70.58873,35.497154,38.34381063933743,0.998173098881023,0.5
2024-04-03 08:15:00,104.83,70.50807,34.32193,37.00318373677183,0.998173098881023,0.7
2024-04-03 08:16:00,35.091576,68.979004,33.88743,35.96459858574502,0.998173098881023,0.5
2024-04-03 08:17:00,103.92,66.63135,37.28865,36.405949228061786,0.998173098881023,0.7
2024-04-03 08:18:00,35.091576,63.962883,28.871307,33.89440194305682,0.998173098881023,0.5
2024-04-03 08:19:00,103.92,61.157852,42.762146,36.850316627402464,0.998173098881023,0.7
2024-04-03 08:20:00,35.091576,58.380123,23.288548,32.32972692355803,0.998173098881023,0.5
2024-04-03 08:21:00,103.43,61.78317,41.64683,35.435428453189076,0.998173098881023,0.7
2024-04-03 08:22:00,35.091576,60.26081,25.169235,32.01336404529012,0.998173098881023,0.5
2024-04-03 08:23:00,35.091576,61.76706,26.675484,30.234070598064505,0.998173098881023,0.5
2024-04-03 08:24:00,100.93,60.222466,40.707535,33.72522532872269,0.998173098881023,0.7
2024-04-03 08:25:00,99.909996,61.2361,38.673897,35.37478248233206,0.998173098881023,0.7
2024-04-03 08:26:00,98.23,59.84366,38.386345,36.378636624777364,0.998173098881023,0.7
2024-04-03 08:27:00,96.375,62.20581,34.16919,35.64215423422658,0.998173098881023,0.7
2024-04-03 08:28:00,95.005005,60.784744,34.22026,35.16818969619012,0.998173098881023,0.7
2024-04-03 08:29:00,93.02,58.025223,34.994774,35.11038441904211,0.998173098881023,0.7
2024-04-03 08:30:00,91.685,58.619728,33.06527,34.42867943609969,0.998173098881023,0.7
2024-04-03 08:31:00,35.091576,59.95128,24.859703,31.239020645388077,0.998173098881023,0.5
2024-04-03 08:32:00,35.091576,61.42512,26.333546,29.60386232519687,0.998173098881023,0.5
2024-04-03 08:33:00,35.091576,62.775658,27.684082,28.963935560547917,0.9977163736012788,0.5
2024-04-03 08:34:00,85.354996,63.914696,21.4403,26.45605703629627,0.9974880109614067,0.7
2024-04-03 08:35:00,84.07,64.90872,19.161278,24.02446394786288,0.9965745604019183,0.7
2024-04-03 08:36:00,83.435,65.77371,17.661285,21.903404432038798,0.994062571363325,0.7
2024-04-03 08:37:00,35.091576,64.81099,29.719414,24.508740873800605,0.9965745604019183,0.5
2024-04-03 08:38:00,82.47,62.665398,19.804604,22.940695108087127,0.9956611098424297,0.7
2024-04-03 08:39:00,82.369995,60.012802,22.357193,22.746194403112774,0.9949760219228134,0.7
2024-04-03 08:40:00,82.130005,60.017624,22.112381,22.534923262556955,0.9947476592829413,0.7
2024-04-03 08:41:00,35.091576,62.46035,27.368774,24.14620697972547,0.9965745604019183,0.5
2024-04-03 08:42:00,81.05,62.96807,18.081932,22.124782009107346,0.9942909340031971,0.7
2024-04-03 08:43:00,35.091576,61.591034,26.499458,23.583007443734324,0.996117835122174,0.5
2024-04-03 08:44:00,35.091576,62.456398,27.364822,24.843612425054655,0.9968029230417904,0.5
2024-04-03 08:45:00,77.145004,64.02351,13.1214905,20.93623844287498,0.992235670244348,0.7
2024-04-03 08:46:00,76.08501,65.11092,10.974083,17.61551994417577,0.9812742635304864,0.0
2024-04-03 08:47:00,75.17,63.5701,11.599899,15.610313060114576,0.9712263073761133,0.0
2024-04-03 08:48:00,73.755005,63.315212,10.439793,13.886806251095265,0.9563827357844257,0.0
2024-04-03 08:49:00,72.78,61.560936,11.219063,12.997558435788772,0.9481616807490295,0.0
2024-04-03 08:50:00,35.091576,58.860077,23.768501,16.587872717771944,0.9778488239324047,0.0
2024-04-03 08:51:00,70.85,58.632637,12.217361,15.131035628579735,0.9673441424982873,0.0
2024-04-03 08:52:00,69.945,59.056442,10.888557,13.716876230413835,0.9552409225850651,0.0
2024-04-03 08:53:00,69.035,59.690308,9.344696,12.25948283524985,0.9392555377940169,0.0
2024-04-03 08:54:00,68.235,60.190475,8.044525,10.854496938994693,0.9207581639643754,0.0
2024-04-03 08:55:00,67.575,60.81984,6.7551575,9.48805044956417,0.8954099109385705,0.0
2024-04-03 08:56:00,66.58,60.033768,6.546234,8.507445009995905,0.8782827129481616,0.0
2024-04-03 08:57:00,65.729996,60.068035,5.6619606,7.55895020726615,0.8572733500799269,0.0
2024-04-03 08:58:00,65.009995,60.383175,4.6268196,6.581573341709335,0.8282712948161681,0.0
2024-04-03 08:59:00,64.25,60.751373,3.4986267,5.553924464134349,0.7953870746745832,0.0
2024-04-03 09:00:00,63.75,61.154335,2.595665,4.567837968765348,0.7577072390956839,0.0
2024-04-03 09:01:00,62.82,61.574715,1.245285,3.4603203239034612,0.705183831925097,0.0
2024-04-03 09:02:00,35.091576,61.868813,26.777237,11.232625862094494,0.925782142041562,0.0
2024-04-03 09:03:00,61.295,62.027657,0.7326584,7.732636703473154,0.8627540534368577,0.0
2024-04-03 09:04:00,35.091576,62.21009,27.118515,14.194596140531583,0.9593514501027632,0.0
2024-04-03 09:05:00,59.995003,62.139515,2.1445122,10.177901485858948,0.9077414934916648,0.0
2024-04-03 09:06:00,59.46,62.200882,2.7408829,7.698895281751018,0.8616122402374972,0.0
2024-04-03 09:07:00,35.091576,62.287342,27.195766,14.197852337492215,0.9593514501027632,0.0
2024-04-03 09:08:00,59.144997,61.1979,2.0529022,10.149535632221374,0.9075131308517926,0.0
2024-04-03 09:09:00,35.091576,60.795547,25.703972,15.334347709078571,0.9689426809773921,0.0
2024-04-03 09:10:00,58.705,59.103107,0.39810562,10.355600346498345,0.9113952957296186,0.0
2024-04-03 09:11:00,58.96,58.624813,0.335186,7.015462232545122,0.841744690568623,0.0
2024-04-03 09:12:00,59.155,52.790886,6.364113,6.798345773031384,0.8346654487325873,0.0
2024-04-03 09:13:00,59.29,49.548508,9.741493,7.779394923720142,0.8638958666362183,0.0
2024-04-03 09:14:00,60.425,48.980484,11.444515,9.001101691903923,0.8897008449417675,0.0
2024-04-03 09:15:00,63.33,47.737297,15.592705,11.198302718919022,0.925782142041562,0.0
2024-04-03 09:16:00,64.22,47.364433,16.855568,13.084057789988984,0.9486184060287737,0.0
2024-04-03 09:17:00,64.71,47.209137,17.500862,14.556325900520001,0.962776889700845,0.0
2024-04-03 09:18:00,66.165,47.1558,19.009201,16.040617616948232,0.9748801096140671,0.0
2024-04-03 09:19:00,68.555,47.319427,21.235573,17.772269349612625,0.9817309888102307,0.0
2024-04-03 09:20:00,35.091576,48.02535,12.933773,16.15943724666558,0.9753368348938114,0.0
2024-04-03 09:21:00,70.25,48.717,21.533,17.950625146458695,0.982416076729847,0.0
2024-04-03 09:22:00,73.365005,49.30246,24.062546,19.987932023094857,0.990180406485499,0.7
2024-04-03 09:23:00,35.091576,50.19492,15.103344,18.35973600327092,0.984242977848824,0.0
2024-04-03 09:24:00,35.091576,50.44278,15.351204,17.356891974999627,0.9805891756108701,0.0
2024-04-03 09:25:00,79.43,50.99804,28.431961,21.048581669856524,0.9924640328842201,0.9
2024-04-03 09:26:00,80.565,50.477783,30.08722,24.061460859331433,0.9965745604019183,0.9
2024-04-03 09:27:00,80.32,50.594658,29.725342,25.94942117184596,0.9972596483215346,0.9
2024-04-03 09:28:00,81.01,49.989044,31.020958,27.639933430156425,0.9977163736012788,0.9
2024-04-03 09:29:00,84.06,48.934082,35.125916,30.135260795885536,0.998173098881023,0.9
2024-04-03 09:30:00,35.091576,46.62991,11.538334,23.936285161531114,0.9965745604019183,0.5
2024-04-03 09:31:00,86.99,46.770454,40.219543,29.364037926697826,0.997944736241151,0.9
2024-04-03 09:32:00,87.350006,48.042137,39.30787,32.67864827030506,0.998173098881023,0.9
2024-04-03 09:33:00,87.82001,49.600365,38.219643,34.525646393256764,0.998173098881023,0.9
2024-04-03 09:34:00,87.89,50.236946,37.653053,35.56811535673498,0.998173098881023,0.9
2024-04-03 09:35:00,88.39,51.04635,37.34365,36.15996051044702,0.998173098881023,0.7
2024-04-03 09:36:00,88.72,50.934837,37.785164,36.70169496676286,0.998173098881023,0.9
2024-04-03 09:37:00,35.091576,51.853096,16.76152,30.054970106422637,0.998173098881023,0.5
2024-04-03 09:38:00,89.58,53.21199,36.36801,32.159317229151554,0.998173098881023,0.7
2024-04-03 09:39:00,89.705,54.630486,35.074516,33.13105025156328,0.998173098881023,0.7
2024-04-03 09:40:00,90.245,56.001198,34.243805,33.50196847825573,0.998173098881023,0.9
2024-04-03 09:41:00,91.020004,57.27986,33.740143,33.58135992625903,0.998173098881023,0.9
2024-04-03 09:42:00,91.11,58.420334,32.689667,33.284128866854985,0.998173098881023,0.9
2024-04-03 09:43:00,91.85,57.92489,33.92511,33.497789198997076,0.998173098881023,0.9
2024-04-03 09:44:00,92.09,58.490993,33.599003,33.531527078709644,0.998173098881023,0.9
2024-04-03 09:45:00,92.26,59.440933,32.81907,33.2940410220369,0.998173098881023,0.7
2024-04-03 09:46:00,92.945,60.348885,32.596115,33.06139905212616,0.998173098881023,0.9
2024-04-03 09:47:00,92.26,61.1706,31.089401,32.40406644978984,0.998173098881023,0.9
2024-04-03 09:48:00,93.985,62.064857,31.920143,32.2427586756737,0.998173098881023,0.9
2024-04-03 09:49:00,94.97,62.798615,32.171387,32.218968023365804,0.998173098881023,0.9
2024-04-03 09:50:00,95.235,63.52323,31.71177,32.04990171691184,0.998173098881023,0.9
2024-04-03 09:51:00,95.365,64.119774,31.245224,31.78167581094904,0.998173098881023,0.9
2024-04-03 09:52:00,35.091576,64.445145,29.353569,30.972306884219936,0.998173098881023,0.5
2024-04-03 09:53:00,35.091576,63.823105,28.73153,30.225381001426573,0.998173098881023,0.5
2024-04-03 09:54:00,35.091576,64.08279,28.99121,29.813990980117715,0.998173098881023,0.5
2024-04-03 09:55:00,96.145004,64.48268,31.662323,30.430101652760772,0.998173098881023,0.9
2024-04-03 09:56:00,96.240005,64.92674,31.313263,30.724488748324895,0.998173098881023,0.9
2024-04-03 09:57:00,96.41,65.39563,31.014374,30.821117091982224,0.998173098881023,0.9
2024-04-03 09:58:00,96.56,64.32137,32.238625,31.293619585572788,0.998173098881023,0.9
2024-04-03 09:59:00,96.68,61.743084,34.936916,32.50805184082131,0.998173098881023,0.9
2024-04-03 10:00:00,96.75,58.426727,38.323273,34.446458795573584,0.998173098881023,0.9
2024-04-03 10:01:00,97.02,59.205284,37.814713,35.56921003852041,0.998173098881023,0.9
2024-04-03 10:02:00,97.13,60.589653,36.540344,35.892921438440695,0.998173098881023,0.9
2024-04-03 10:03:00,97.19,61.950783,35.23922,35.67502084746958,0.998173098881023,0.9
2024-04-03 10:04:00,97.325005,63.19948,34.125526,35.15852270772061,0.998173098881023,0.9
2024-04-03 10:05:00,35.091576,64.27688,29.185303,33.16744938327207,0.998173098881023,0.5
2024-04-03 10:06:00,96.31,65.18411,31.125885,32.48692792543659,0.998173098881023,0.9
2024-04-03 10:07:00,35.091576,66.047966,30.95639,31.976748743910854,0.998173098881023,0.5
2024-04-03 10:08:00,97.865,66.76123,31.103767,31.68575496094708,0.998173098881023,0.7
2024-04-03 10:09:00,99.485,67.34158,32.143417,31.838309093430865,0.998173098881023,0.7
2024-04-03 10:10:00,99.695,67.83225,31.862747,31.84645512641485,0.998173098881023,0.9
2024-04-03 10:11:00,35.091576,66.60974,31.518166,31.737025280402868,0.998173098881023,0.5
2024-04-03 10:12:00,98.68,66.69766,31.982338,31.818796170821965,0.998173098881023,0.9
2024-04-03 10:13:00,97.815,64.98253,32.832474,32.156688698842245,0.998173098881023,0.9
2024-04-03 10:14:00,96.18,65.04505,31.134949,31.816108709384416,0.998173098881023,0.7
2024-04-03 10:15:00,94.325,65.315414,29.009583,30.880599979433363,0.998173098881023,0.7
2024-04-03 10:16:00,92.665,65.229126,27.435875,29.73235829927719,0.998173098881023,0.7
2024-04-03 10:17:00,91.19,63.6293,27.560703,29.008473292047427,0.9977163736012788,0.7
2024-04-03 10:18:00,35.091576,63.023094,27.931519,28.649488379594118,0.9977163736012788,0.5
2024-04-03 10:19:00,88.155,62.69082,25.46418,27.587718917288008,0.9977163736012788,0.7
2024-04-03 10:20:00,86.875,62.389664,24.485336,26.553591379428987,0.9974880109614067,0.7
2024-04-03 10:21:00,85.645004,62.12017,23.524834,25.5440054793524,0.9972596483215346,0.7
2024-04-03 10:22:00,84.755,61.865913,22.889084,24.659031607003165,0.9968029230417904,0.7
2024-04-03 10:23:00,83.67,61.61546,22.054539,23.790867313604327,0.9965745604019183,0.7
2024-04-03 10:24:00,35.091576,60.52724,25.435665,24.339133252607965,0.9965745604019183,0.5
2024-04-03 10:25:00,81.09,59.904755,21.185242,23.287836068144898,0.996117835122174,0.7
2024-04-03 10:26:00,79.955,59.712273,20.24273,22.272800441100507,0.9947476592829413,0.7
2024-04-03 10:27:00,78.895004,59.548485,19.34652,21.29737345080529,0.9931491208038364,0.7
2024-04-03 10:28:00,78.03,59.425636,18.604362,20.399703129801182,0.9904087691253711,0.7
2024-04-03 10:29:00,35.091576,59.30612,24.214546,21.67131748773855,0.9936058460835807,0.5
2024-04-03 10:30:00,35.091576,58.412888,23.321312,22.221315642053565,0.9945192966430692,0.5
2024-04-03 10:31:00,35.091576,57.864548,22.772972,22.40520113034691,0.9947476592829413,0.5
2024-04-03 10:32:00,35.091576,57.759186,22.66761,22.49267080971695,0.9947476592829413,0.5
2024-04-03 10:33:00,77.100006,57.671875,19.428131,21.47115757431651,0.9933774834437086,0.7
2024-04-03 10:34:00,35.091576,57.61299,22.521416,21.82124361969408,0.9938342087234528,0.5
2024-04-03 10:35:00,83.755005,56.809006,26.946,23.529495461631992,0.996117835122174,0.7
2024-04-03 10:36:00,85.994995,54.81288,31.182114,26.080368190241643,0.9972596483215346,0.9
2024-04-03 10:37:00,35.091576,52.27127,17.179695,23.113477169959275,0.996117835122174,0.5
2024-04-03 10:38:00,35.091576,49.509476,14.4179,20.21495147512259,0.990180406485499,0.5
2024-04-03 10:39:00,35.091576,50.57512,15.483543,18.63781544874709,0.9851564284083124,0.0
2024-04-03 10:40:00,35.091576,49.488113,14.396538,17.224056226085303,0.980360812970998,0.0
2024-04-03 10:41:00,88.09,50.702385,37.38761,23.94524128044359,0.9965745604019183,0.9
2024-04-03 10:42:00,88.57001,52.313026,36.25698,28.04915448562776,0.9977163736012788,0.9
2024-04-03 10:43:00,89.685,51.817924,37.867073,31.32179401011252,0.998173098881023,0.9
2024-04-03 10:44:00,89.965,49.882637,40.08236,34.24198244472996,0.998173098881023,0.7
2024-04-03 10:45:00,35.091576,47.925972,12.834396,27.10612041725487,0.9977163736012788,0.5
2024-04-03 10:46:00,87.770004,46.494656,41.27535,31.82919649927994,0.998173098881023,0.7
2024-04-03 10:47:00,87.5,51.669765,35.830235,33.16287584204926,0.998173098881023,0.7
2024-04-03 10:48:00,86.34,54.766396,31.5736,32.6331174843805,0.998173098881023,0.9
2024-04-03 10:49:00,35.091576,56.404137,21.312561,28.859598667972417,0.9977163736012788,0.5
2024-04-03 10:50:00,83.585,57.43248,26.15252,27.957238854006352,0.9977163736012788,0.7
2024-04-03 10:51:00,35.091576,56.656013,21.564438,25.826305191407883,0.9972596483215346,0.5
2024-04-03 10:52:00,81.18,57.55011,23.62989,25.0941669415701,0.9972596483215346,0.7
2024-04-03 10:53:00,80.07,58.530064,21.539936,23.909423316271344,0.9965745604019183,0.7
2024-04-03 10:54:00,35.091576,59.469368,24.377792,24.06554633031371,0.9965745604019183,0.5
2024-04-03 10:55:00,78.1,58.86403,19.23597,22.455687401361487,0.9947476592829413,0.7
2024-04-03 10:56:00,35.091576,59.15497,24.063393,22.991589147294377,0.9958894724823019,0.5
2024-04-03 10:57:00,76.365005,58.232994,18.132011,21.371729902720993,0.9931491208038364,0.7
2024-04-03 10:58:00,75.455,58.368645,17.086357,19.943272307380404,0.990180406485499,0.7
2024-04-03 10:59:00,35.091576,59.008823,23.917248,21.267930795659204,0.9929207581639644,0.5
2024-04-03 11:00:00,73.41,57.952606,15.457397,19.33108635075197,0.9890385932861384,0.0
2024-04-03 11:01:00,73.145004,57.877213,15.267792,17.97665481651694,0.982416076729847,0.0
2024-04-03 11:02:00,35.091576,56.150314,21.058739,19.004016113843328,0.9876684174469057,0.0
2024-04-03 11:03:00,71.875,55.13966,16.73534,18.247790782031622,0.9840146152089518,0.0
2024-04-03 11:04:00,35.091576,55.76705,20.675476,19.057019212760665,0.9878967800867778,0.0
2024-04-03 11:05:00,35.091576,54.175095,19.083519,19.065852469151643,0.9878967800867778,0.0
2024-04-03 11:06:00,35.091576,53.506664,18.415089,18.848931197289247,0.9865266042475451,0.0
2024-04-03 11:07:00,35.091576,53.571175,18.479599,18.725820464533978,0.9856131536880567,0.0
2024-04-03 11:08:00,35.091576,52.673576,17.582,18.34454722049661,0.984242977848824,0.0
2024-04-03 11:09:00,78.7,53.23252,25.467476,20.718856777368835,0.9917789449646038,0.7
2024-04-03 11:10:00,35.091576,52.174004,17.082428,19.506713844417767,0.9892669559260105,0.0
2024-04-03 11:11:00,35.091576,49.790016,14.698441,17.903956080197784,0.9821877140899749,0.0
2024-04-03 11:12:00,85.39,47.03126,38.358738,24.72221670198407,0.9968029230417904,0.9
2024-04-03 11:13:00,87.585,44.337547,43.24745,30.897295062064902,0.998173098881023,0.9
2024-04-03 11:14:00,88.365005,41.985794,46.37921,36.057933849970354,0.998173098881023,0.7
2024-04-03 11:15:00,35.091576,44.27831,9.186733,27.100866981930107,0.9977163736012788,0.5
2024-04-03 11:16:00,89.21001,44.124916,45.08509,33.09560820035575,0.998173098881023,0.9
2024-04-03 11:17:00,89.475006,42.77015,46.704857,37.63202442442336,0.998173098881023,0.7
2024-04-03 11:18:00,89.95,45.288715,44.66128,39.975110144846695,0.9984014615208952,0.9
2024-04-03 11:19:00,35.091576,48.097977,13.006401,30.985540450568372,0.998173098881023,0.5
2024-04-03 11:20:00,90.72,50.429314,40.290688,34.0872561540573,0.998173098881023,0.7
2024-04-03 11:21:00,91.14,50.60765,40.53235,36.23562031364237,0.998173098881023,0.7
2024-04-03 11:22:00,35.091576,52.674217,17.582642,30.017960742949086,0.998173098881023,0.5
2024-04-03 11:23:00,35.091576,54.574158,19.482582,26.506167859394445,0.9974880109614067,0.5
2024-04-03 11:24:00,92.46001,56.486813,35.973194,29.661843280367783,0.998173098881023,0.9
2024-04-03 11:25:00,92.435,56.178017,36.25698,31.86022248557722,0.998173098881023,0.7
2024-04-03 11:26:00,92.07,57.31286,34.75714,32.82586202814523,0.998173098881023,0.7
2024-04-03 11:27:00,91.7,59.36332,32.336678,32.662800535853336,0.998173098881023,0.9
2024-04-03 11:28:00,35.091576,58.796387,23.704811,29.676804055966027,0.998173098881023,0.5
2024-04-03 11:29:00,35.091576,56.128708,21.037132,26.796913458371883,0.9977163736012788,0.5
2024-04-03 11:30:00,86.61,56.180542,30.429459,28.00776184496928,0.9977163736012788,0.7
2024-04-03 11:31:00,85.305,57.206528,28.098473,28.037998761717805,0.9977163736012788,0.7
2024-04-03 11:32:00,35.091576,57.883553,22.791977,26.289324817382184,0.9972596483215346,0.5
2024-04-03 11:33:00,35.091576,58.223373,23.131798,25.23681580843057,0.9972596483215346,0.5
2024-04-03 11:34:00,82.08,57.35124,24.728764,25.067465065727802,0.9972596483215346,0.7
2024-04-03 11:35:00,35.091576,55.25374,20.162163,23.432364304072443,0.996117835122174,0.5
2024-04-03 11:36:00,79.81,54.94941,24.860588,23.908438893958454,0.9965745604019183,0.7
2024-04-03 11:37:00,35.091576,55.637646,20.54607,22.787649295597955,0.9949760219228134,0.5
2024-04-03 11:38:00,35.091576,54.88491,19.793335,21.789544517377806,0.9938342087234528,0.5
2024-04-03 11:39:00,76.95,52.798,24.151997,22.57702854910148,0.9947476592829413,0.7
2024-04-03 11:40:00,77.44,52.537376,24.902626,23.35222771193354,0.996117835122174,0.7
2024-04-03 11:41:00,35.091576,51.46331,16.371735,21.02539668100257,0.9924640328842201,0.5
2024-04-03 11:42:00,80.09,51.43088,28.659115,23.569969399883874,0.996117835122174,0.7
2024-04-03 11:43:00,80.455,50.57206,29.882942,25.674293666491593,0.9972596483215346,0.7
2024-04-03 11:44:00,80.385,48.671818,31.713184,27.687257229890882,0.9977163736012788,0.7
2024-04-03 11:45:00,79.42,49.515007,29.904991,28.426501869894704,0.9977163736012788,0.7
2024-04-03 11:46:00,78.09,50.97912,27.110878,27.98796057683736,0.9977163736012788,0.7
2024-04-03 11:47:00,76.975,50.481857,26.493141,27.489687442663712,0.9977163736012788,0.7
2024-04-03 11:48:00,35.091576,50.69894,15.607365,23.52891317995615,0.996117835122174,0.5
2024-04-03 11:49:00,75.17,51.526455,23.643543,23.567123201106835,0.996117835122174,0.7
2024-04-03 11:50:00,74.45,52.099823,22.350174,23.161473450802994,0.996117835122174,0.7
2024-04-03 11:51:00,73.729996,52.562492,21.167503,22.496816752846527,0.9947476592829413,0.7
2024-04-03 11:52:00,72.97,53.004814,19.965187,21.652940192815656,0.9936058460835807,0.7
2024-04-03 11:53:00,72.215,53.40925,18.805748,20.70387612382372,0.9917789449646038,0.7
2024-04-03 11:54:00,35.091576,53.15113,18.059555,19.822435767119458,0.990180406485499,0.5
2024-04-03 11:55:00,70.9,53.18047,17.719532,19.121467849059457,0.98812514272665,0.0
2024-04-03 11:56:00,70.274994,53.525017,16.749977,18.33097093664511,0.984242977848824,0.0
2024-04-03 11:57:00,35.091576,53.878914,18.787338,18.48309337670872,0.9849280657684403,0.0
2024-04-03 11:58:00,69.03999,54.23563,14.804363,17.256850001383288,0.9805891756108701,0.0
2024-04-03 11:59:00,35.091576,54.55777,19.466194,17.993298051866205,0.9828728020095913,0.0
2024-04-03 12:00:00,67.76,54.135315,13.624687,16.53709443285221,0.9778488239324047,0.0
2024-04-03 12:01:00,35.091576,53.843628,18.752052,17.275413724277776,0.9805891756108701,0.0
2024-04-03 12:02:00,66.7,54.046227,12.65377,15.734865965110966,0.9728248458552181,0.0
2024-04-03 12:03:00,66.03999,53.452393,12.587601,14.685777546076583,0.9643754281799498,0.0
2024-04-03 12:04:00,65.515,53.41563,12.099369,13.823641380408478,0.9559260105046814,0.0
2024-04-03 12:05:00,64.93,52.366737,12.563263,13.403515233423361,0.9525005709065997,0.0
2024-04-03 12:06:00,35.091576,52.608368,17.516792,14.774607588070001,0.964832153459694,0.0
2024-04-03 12:07:00,63.95,51.52051,12.429489,13.992901437294066,0.957067823704042,0.0
2024-04-03 12:08:00,35.091576,51.48359,16.392014,14.792605474797607,0.9650605160995661,0.0
2024-04-03 12:09:00,35.091576,52.262222,17.170647,15.585285872358563,0.9709979447362411,0.0
2024-04-03 12:10:00,35.091576,51.933113,16.841537,16.00403640676769,0.974651746974195,0.0
2024-04-03 12:11:00,35.091576,51.933277,16.841702,16.28325810703458,0.9762502854532998,0.0
2024-04-03 12:12:00,61.559998,51.32314,10.236858,14.267791527329695,0.9598081753825074,0.0
2024-04-03 12:13:00,61.204998,51.036316,10.168682,12.90142171768269,0.9465631422699247,0.0
2024-04-03 12:14:00,60.864998,50.2026,10.662399,12.155080909119189,0.9378853619547842,0.0
2024-04-03 12:15:00,35.091576,48.318623,13.227047,12.512402928263706,0.9426809773920987,0.0
2024-04-03 12:16:00,60.17,45.964222,14.205776,13.076860690375675,0.9486184060287737,0.0
2024-04-03 12:17:00,35.091576,43.615868,8.524292,11.559337790979617,0.9303493948390044,0.0
2024-04-03 12:18:00,59.77,43.186188,16.583813,13.234162765194094,0.9513587577072391,0.0
2024-04-03 12:19:00,35.091576,43.903214,8.811638,11.759987802935386,0.9328613838775976,0.0
2024-04-03 12:20:00,58.985,45.067757,13.917244,12.479073187796768,0.9424526147522265,0.0
2024-04-03 12:21:00,58.605,45.33129,13.273708,12.743951573033133,0.9447362411509477,0.0
2024-04-03 12:22:00,58.42,45.693962,12.726036,12.737979739281204,0.9447362411509477,0.0
2024-04-03 12:23:00,35.091576,45.379353,10.287777,11.921245475194631,0.9344599223567024,0.0
2024-04-03 12:24:00,57.809998,45.443558,12.36644,12.0696435899084,0.9372002740351678,0.0
2024-04-03 12:25:00,57.434998,44.999672,12.435326,12.1915376007918,0.9381137245946564,0.0
2024-04-03 12:26:00,57.155,45.08735,12.06765,12.150241680964065,0.9378853619547842,0.0
2024-04-03 12:27:00,35.091576,45.733524,10.641949,11.647477353959768,0.9312628453984928,0.0
2024-04-03 12:28:00,56.504997,46.55384,9.951157,11.082037108043492,0.9237268782827129,0.0
2024-04-03 12:29:00,35.091576,46.449837,11.358261,11.174111774828475,0.925782142041562,0.0
2024-04-03 12:30:00,35.091576,46.466846,11.375271,11.241164797720938,0.925782142041562,0.0
2024-04-03 12:31:00,35.091576,46.97986,11.888283,11.456870790440261,0.9292075816396438,0.0
2024-04-03 12:32:00,35.091576,47.57828,12.486706,11.800149120303274,0.9333181091573418,0.0
2024-04-03 12:33:00,35.091576,47.33448,12.242905,11.94773430123083,0.9344599223567024,0.0
2024-04-03 12:34:00,35.091576,47.21577,12.124195,12.006554567112872,0.9362868234756794,0.0
2024-04-03 12:35:00,54.675,46.51021,8.164791,10.725966747134493,0.9187029002055264,0.0
2024-04-03 12:36:00,54.44,44.842518,9.597481,10.349804756064923,0.9111669330897465,0.0
2024-04-03 12:37:00,35.091576,42.85179,7.7602158,9.486608423802398,0.8954099109385705,0.0
2024-04-03 12:38:00,35.091576,40.885956,5.79438,8.255865678531027,0.8728020095912309,0.0
2024-04-03 12:39:00,53.78,39.152103,14.627895,10.379875570762222,0.9113952957296186,0.0
2024-04-03 12:40:00,53.574997,37.753887,15.82111,12.193620304417653,0.9381137245946564,0.0
2024-04-03 12:41:00,53.364998,38.045677,15.319321,13.235520429182081,0.9513587577072391,0.0
2024-04-03 12:42:00,53.15,39.164314,13.985687,13.485576038074514,0.953185658826216,0.0
2024-04-03 12:43:00,52.965,39.699776,13.265224,13.412125510978713,0.9525005709065997,0.0
2024-04-03 12:44:00,52.735,39.296192,13.438808,13.421019821039847,0.9525005709065997,0.0
2024-04-03 12:45:00,52.64,39.731018,12.908981,13.250340321773962,0.9513587577072391,0.0
2024-04-03 12:46:00,53.114998,40.70219,12.412807,12.971162702715844,0.9477049554692852,0.0
2024-04-03 12:47:00,53.455,41.894012,11.560989,12.501104928438167,0.9426809773920987,0.0
2024-04-03 12:48:00,54.199997,43.045166,11.154831,12.052346929831176,0.9367435487554236,0.0
2024-04-03 12:49:00,54.54,44.08669,10.453312,11.519335259942789,0.9301210321991322,0.0
2024-04-03 12:50:00,35.091576,44.980797,9.889221,10.975963903763944,0.9223567024434802,0.0
2024-04-03 12:51:00,54.64,45.339737,9.300262,10.417396752899922,0.9120803836492349,0.0
2024-04-03 12:52:00,35.091576,45.56092,10.469345,10.434712866191095,0.9125371089289792,0.0
2024-04-03 12:53:00,35.091576,45.93676,10.845184,10.57153668618469,0.9159625485270609,0.0
2024-04-03 12:54:00,53.795,46.1506,7.6443977,9.595823702655029,0.8979218999771638,0.0
2024-04-03 12:55:00,54.225,46.29293,7.932068,9.041238425467936,0.8903859328613839,0.0
2024-04-03 12:56:00,35.091576,45.985058,10.893482,9.658653019729275,0.8990637131765243,0.0
2024-04-03 12:57:00,54.690002,45.802578,8.887424,9.401576836150898,0.8949531856588262,0.0
2024-04-03 12:58:00,54.79,45.089462,9.700539,9.501230769185234,0.8954099109385705,0.0
2024-04-03 12:59:00,54.905,43.430145,11.4748535,10.15910501799849,0.9075131308517926,0.0
2024-04-03 13:00:00,54.519997,43.313065,11.206932,10.508380701289358,0.9143640100479562,0.0
2024-04-03 13:01:00,54.15,43.42064,10.7293625,10.582041296790562,0.9159625485270609,0.0
2024-04-03 13:02:00,53.83,42.64733,11.182671,10.782251062280949,0.9193879881251428,0.0
2024-04-03 13:03:00,35.091576,42.668972,7.5773964,9.713966172461388,0.8999771637360128,0.0
2024-04-03 13:04:00,53.295,42.880306,10.414692,9.94754142332387,0.9029458780543503,0.0
2024-04-03 13:05:00,53.085,43.543922,9.541077,9.812053168934664,0.9013473395752455,0.0
2024-04-03 13:06:00,53.0,44.385136,8.614864,9.412990229078188,0.8949531856588262,0.0
2024-04-03 13:07:00,35.091576,45.286983,10.195408,9.67379610852934,0.8992920758163965,0.0
2024-04-03 13:08:00,35.091576,46.13804,11.046463,10.131351743251331,0.9072847682119205,0.0
2024-04-03 13:09:00,35.091576,46.27986,11.188286,10.483663104713127,0.9129938342087235,0.0
2024-04-03 13:10:00,52.585,46.276833,6.3081665,9.09183090444417,0.8915277460607445,0.0
2024-04-03 13:11:00,52.525,46.528473,5.9965286,8.06006347812554,0.8684631194336606,0.0
2024-04-03 13:12:00,52.37,46.963737,5.4062614,7.175462800114293,0.8467686686458096,0.0
2024-04-03 13:13:00,52.12,46.55886,5.561138,6.63735458443492,0.8296414706554007,0.0
2024-04-03 13:14:00,51.954998,44.955036,6.999962,6.758223673965729,0.8328385476136104,0.0
2024-04-03 13:15:00,51.940002,43.00175,8.9382515,7.484899614430929,0.8549897236812057,0.0
2024-04-03 13:16:00,52.04,42.56545,9.474552,8.148117127800958,0.8702900205526376,0.0
2024-04-03 13:17:00,51.86,42.791893,9.068108,8.454780620194128,0.876912537108929,0.0
2024-04-03 13:18:00,51.77,43.479774,8.290226,8.399929074351425,0.8757707239095684,0.0
2024-04-03 13:19:00,51.65,44.342377,7.307625,8.035827655199128,0.8684631194336606,0.0
2024-04-03 13:20:00,51.54,45.181446,6.358555,7.476736716828716,0.8543046357615894,0.0
2024-04-03 13:21:00,51.489998,45.85192,5.638077,6.863850071961332,0.8376341630509249,0.0
2024-04-03 13:22:00,51.845,46.371292,5.473709,6.400469750122659,0.8211920529801324,0.0
2024-04-03 13:23:00,52.29,46.972145,5.317856,6.039598445068752,0.8116008221055035,0.0
2024-04-03 13:24:00,52.59,47.416996,5.173004,5.750733680176044,0.8024663165106188,0.0
2024-04-03 13:25:00,52.845,47.709145,5.1358566,5.545774662923352,0.7953870746745832,0.0
2024-04-03 13:26:00,35.091576,48.051613,12.960037,8.017195519097339,0.8682347567937886,0.0
2024-04-03 13:27:00,35.091576,48.45783,13.366253,9.8002146457882,0.9011189769353734,0.0
2024-04-03 13:28:00,54.11,48.40228,5.7077217,8.43605033392716,0.876912537108929,0.0
2024-04-03 13:29:00,35.091576,48.214516,13.12294,9.998346910443628,0.9040876912537109,0.0
2024-04-03 13:30:00,35.091576,48.032433,12.940857,10.979183584827002,0.9223567024434802,0.0
2024-04-03 13:31:00,55.190002,47.975693,7.2143097,9.72422562067894,0.9002055263758849,0.0
2024-04-03 13:32:00,55.655,47.758335,7.8966637,9.115038302376455,0.8915277460607445,0.0
2024-04-03 13:33:00,55.760002,46.44698,9.313023,9.181033072759433,0.892669559260105,0.0
2024-04-03 13:34:00,55.760002,46.17895,9.581051,9.314372339440535,0.8940397350993378,0.0
2024-04-03 13:35:00,55.760002,44.982555,10.777447,9.80206380856908,0.9011189769353734,0.0
2024-04-03 13:36:00,55.760002,43.19986,12.5601425,10.721423378076002,0.9187029002055264,0.0
2024-04-03 13:37:00,55.760002,43.024612,12.73539,11.392745488541554,0.9276090431605389,0.0
2024-04-03 13:38:00,35.091576,43.410656,8.31908,10.368190443288771,0.9113952957296186,0.0
2024-04-03 13:39:00,35.091576,44.003307,8.911732,9.88270420218275,0.9022607901347339,0.0
2024-04-03 13:40:00,35.091576,44.80368,9.712105,9.825837733909594,0.9015757022151176,0.0
2024-04-03 13:41:00,35.091576,45.678123,10.586548,10.07940777312723,0.9059145923726878,0.0
2024-04-03 13:42:00,35.091576,46.549652,11.4580765,10.538964007768413,0.9152774606074446,0.0
2024-04-03 13:43:00,35.091576,47.307365,12.21579,11.097905936819568,0.9239552409225851,0.0
2024-04-03 13:44:00,35.091576,47.449486,12.35791,11.517907343296379,0.9301210321991322,0.0
2024-04-03 13:45:00,35.091576,46.23657,11.144993,11.3936025049873,0.9276090431605389,0.0
2024-04-03 13:46:00,35.091576,44.361115,9.269539,10.685581296456377,0.9177894496460379,0.0
2024-04-03 13:47:00,35.091576,42.276352,7.1847763,9.518646299688367,0.8958666362183146,0.0
2024-04-03 13:48:00,35.091576,40.292873,5.2012978,8.0795301197955,0.8686914820735328,0.0
2024-04-03 13:49:00,35.091576,38.629383,3.5378075,6.565622568063537,0.8275862068965517,0.0
2024-04-03 13:50:00,35.091576,37.237907,2.1463318,5.092525641078817,0.7796300525234072,0.0
2024-04-03 13:51:00,35.091576,36.165424,1.0738487,3.7529666688409566,0.72276775519525,0.0
2024-04-03 13:52:00,35.091576,35.347145,0.25556946,2.587167598563242,0.6547156885133593,0.0
2024-04-03 13:53:00,35.091576,34.78483,0.30674744,1.8270275445499742,0.6142955012559945,0.0
2024-04-03 13:54:00,35.091576,34.38466,0.7069168,1.4536572993939934,0.5978533911852021,0.0
2024-04-03 13:55:00,35.091576,34.11178,0.97979736,1.2957039873564122,0.5912308746289107,0.0
2024-04-03 13:56:00,35.091576,33.937237,1.1543388,1.2485822704609155,0.5894039735099338,0.0
2024-04-03 13:57:00,35.091576,33.840557,1.2510185,1.2493943550305844,0.5894039735099338,0.0
2024-04-03 13:58:00,35.091576,33.808357,1.2832184,1.2606690312834106,0.5896323361498059,0.0
2024-04-03 13:59:00,35.091576,33.822285,1.2692909,1.2635429955463624,0.5900890614295501,0.0
2024-04-03 14:00:00,35.091576,33.868805,1.2227707,1.249952227336898,0.5894039735099338,0.0
2024-04-03 14:01:00,35.091576,33.931667,1.1599083,1.2199375831171768,0.5880337976707011,0.0
2024-04-03 14:02:00,35.091576,34.00034,1.0912361,1.177037093578769,0.5875770723909568,0.0
2024-04-03 14:03:00,35.091576,34.069756,1.0218201,1.1252980851723045,0.5850650833523635,0.0
2024-04-03 14:04:00,35.091576,34.13506,0.95651627,1.0690374787379167,0.5836949075131308,0.0
2024-04-03 14:05:00,35.091576,34.1923,0.89927673,1.012450563624757,0.5823247316738982,0.0
2024-04-03 14:06:00,35.091576,34.23985,0.85172653,0.9588758864106454,0.5809545558346655,0.0
2024-04-03 14:07:00,35.091576,34.280716,0.8108597,0.9095371509990241,0.5804978305549212,0.0
2024-04-03 14:08:00,35.091576,34.31295,0.7786255,0.8658999300930994,0.5795843799954328,0.0
2024-04-03 14:09:00,35.091576,34.337437,0.75413895,0.8286462689064673,0.5773007535967116,0.0
2024-04-03 14:10:00,35.091576,34.355053,0.7365227,0.7979384041244939,0.5731902260790135,0.0
2024-04-03 14:11:00,35.091576,34.364834,0.7267418,0.7742061996734908,0.5681662480018269,0.0
2024-04-03 14:12:00,35.091576,34.36822,0.72335434,0.7572555796488637,0.5608586435259192,0.0
2024-04-03 14:13:00,35.091576,34.368603,0.72297287,0.7458280097235914,0.5316282256222882,0.0
2024-04-03 14:14:00,35.091576,34.369762,0.7218132,0.7378230737838266,0.4601507193423156,0.0
2024-04-03 14:15:00,35.091576,34.36599,0.72558594,0.7337440283558845,0.45010276318794246,0.0
2024-04-03 14:16:00,35.091576,34.361515,0.7300606,0.7325162113681157,0.4489609499885819,0.0
2024-04-03 14:17:00,35.091576,34.360733,0.7308426,0.731958337689421,0.4489609499885819,0.0
2024-04-03 14:18:00,35.091576,34.35283,0.73874664,0.7342211061484161,0.4507878511075588,0.0
2024-04-03 14:19:00,35.091576,34.345787,0.7457886,0.7380769288385274,0.4603790819821877,0.0
2024-04-03 14:20:00,35.091576,34.3398,0.75177383,0.7426425639685235,0.4779630052523407,0.0
2024-04-03 14:21:00,35.091576,34.333378,0.7581978,0.747827637453625,0.5460150719342316,0.0
2024-04-03 14:22:00,35.091576,34.31844,0.77313614,0.7562638046077552,0.5604019182461749,0.0
2024-04-03 14:23:00,35.091576,34.207005,0.8845711,0.799032894884988,0.5731902260790135,0.0
2024-04-03 14:24:00,35.091576,34.207005,0.8845711,0.8275456217364764,0.5773007535967116,0.0
2024-04-03 14:25:00,35.091576,34.207005,0.8845711,0.8465541063041354,0.5791276547156885,0.0
2024-04-03 14:26:00,35.091576,34.207005,0.8845711,0.8592264293492414,0.5793560173555606,0.0
2024-04-03 14:27:00,35.091576,34.207005,0.8845711,0.8676746447126454,0.5795843799954328,0.0
2024-04-03 14:28:00,35.091576,34.207005,0.8845711,0.873306788288248,0.5795843799954328,0.0
2024-04-03 14:29:00,35.091576,34.207005,0.8845711,0.8770615506719831,0.5795843799954328,0.0
2024-04-03 14:30:00,35.091576,34.207005,0.8845711,0.8795647255944732,0.5795843799954328,0.0
2024-04-03 14:31:00,35.091576,34.207005,0.8845711,0.8812335088761333,0.5795843799954328,0.0
2024-04-03 14:32:00,35.091576,34.207005,0.8845711,0.8823460310639066,0.5798127426353049,0.0
2024-04-03 14:33:00,35.091576,34.207005,0.8845711,0.8830877125224222,0.5798127426353049,0.0
2024-04-03 14:34:00,35.091576,34.207005,0.8845711,0.8835821668280993,0.5800411052751769,0.0
2024-04-03 14:35:00,35.091576,34.207005,0.8845711,0.883911803031884,0.5800411052751769,0.0
2024-04-03 14:36:00,35.091576,34.207005,0.8845711,0.8841315605010738,0.5800411052751769,0.0
2024-04-03 14:37:00,35.091576,34.207005,0.8845711,0.8842780654805337,0.5800411052751769,0.0
2024-04-03 14:38:00,35.091576,34.207005,0.8845711,0.8843757354668402,0.5800411052751769,0.0
2024-04-03 14:39:00,35.091576,34.207005,0.8845711,0.8844408487910446,0.5800411052751769,0.0
2024-04-03 14:40:00,35.091576,34.207005,0.8845711,0.8844842576738475,0.5800411052751769,0.0
2024-04-03 14:41:00,35.091576,34.207005,0.8845711,0.8845131969290495,0.5800411052751769,0.0
2024-04-03 14:42:00,35.091576,34.207005,0.8845711,0.8845324897658507,0.5800411052751769,0.0
2024-04-03 14:43:00,35.091576,34.207005,0.8845711,0.8845453516570516,0.5800411052751769,0.0
2024-04-03 14:44:00,35.091576,34.207005,0.8845711,0.8845539262511856,0.5800411052751769,0.0
2024-04-03 14:45:00,35.091576,34.207005,0.8845711,0.8845596426472748,0.5800411052751769,0.0
2024-04-03 14:46:00,35.091576,34.207005,0.8845711,0.884563453578001,0.5800411052751769,0.0
2024-04-03 14:47:00,35.091576,34.207005,0.8845711,0.8845659941984851,0.5800411052751769,0.0
2024-04-03 14:48:00,35.091576,34.207005,0.8845711,0.8845676879454746,0.5800411052751769,0.0
2024-04-03 14:49:00,35.091576,34.207005,0.8845711,0.8845688171101341,0.5800411052751769,0.0
2024-04-03 14:50:00,35.091576,34.207005,0.8845711,0.8845695698865739,0.5800411052751769,0.0
2024-04-03 14:51:00,35.091576,34.207005,0.8845711,0.8845700717375337,0.5800411052751769,0.0
2024-04-03 14:52:00,35.091576,34.207005,0.8845711,0.8845704063048402,0.5800411052751769,0.0
2024-04-03 14:53:00,35.091576,34.207005,0.8845711,0.8845706293497112,0.5800411052751769,0.0
2024-04-03 14:54:00,35.091576,34.207005,0.8845711,0.8845707780462919,0.5800411052751769,0.0
2024-04-03 14:55:00,35.091576,34.207005,0.8845711,0.8845708771773457,0.5800411052751769,0.0
2024-04-03 14:56:00,35.091576,34.207005,0.8845711,0.884570943264715,0.5800411052751769,0.0
2024-04-03 14:57:00,35.091576,34.207005,0.8845711,0.8845709873229611,0.5800411052751769,0.0
2024-04-03 14:58:00,35.091576,34.207005,0.8845711,0.8845710166951252,0.5800411052751769,0.0
2024-04-03 14:59:00,35.091576,34.207005,0.8845711,0.8845710362765679,0.5800411052751769,0.0
2024-04-03 15:00:00,35.091576,34.207005,0.8845711,0.8845710493308631,0.5800411052751769,0.0
2024-04-03 15:01:00,35.091576,34.207005,0.8845711,0.8845710580337265,0.5800411052751769,0.0
2024-04-03 15:02:00,35.091576,34.207005,0.8845711,0.8845710638356354,0.5800411052751769,0.0
2024-04-03 15:03:00,35.091576,34.207005,0.8845711,0.8845710677035747,0.5800411052751769,0.0
2024-04-03 15:04:00,35.091576,34.207005,0.8845711,0.8845710702822009,0.5800411052751769,0.0
2024-04-03 15:05:00,35.091576,34.207005,0.8845711,0.884571072001285,0.5800411052751769,0.0
2024-04-03 15:06:00,35.091576,34.207005,0.8845711,0.8845710731473412,0.5800411052751769,0.0
2024-04-03 15:07:00,35.091576,34.207005,0.8845711,0.8845710739113786,0.5800411052751769,0.0
2024-04-03 15:08:00,35.091576,34.207005,0.8845711,0.8845710744207368,0.5800411052751769,0.0
2024-04-03 15:09:00,35.091576,34.207005,0.8845711,0.8845710747603089,0.5800411052751769,0.0
2024-04-03 15:10:00,35.091576,34.207005,0.8845711,0.8845710749866904,0.5800411052751769,0.0
2024-04-03 15:11:00,35.091576,34.207005,0.8845711,0.8845710751376114,0.5800411052751769,0.0
2024-04-03 15:12:00,35.091576,34.207005,0.8845711,0.8845710752382253,0.5800411052751769,0.0
2024-04-03 15:13:00,35.091576,34.207005,0.8845711,0.8845710753053013,0.5800411052751769,0.0
2024-04-03 15:14:00,35.091576,34.207005,0.8845711,0.8845710753500187,0.5800411052751769,0.0
2024-04-03 15:15:00,35.091576,34.207005,0.8845711,0.8845710753798303,0.5800411052751769,0.0
2024-04-03 15:16:00,35.091576,34.207005,0.8845711,0.8845710753997046,0.5800411052751769,0.0
2024-04-03 15:17:00,35.091576,34.207005,0.8845711,0.8845710754129542,0.5800411052751769,0.0
2024-04-03 15:18:00,35.091576,34.207005,0.8845711,0.8845710754217873,0.5800411052751769,0.0
2024-04-03 15:19:00,35.091576,34.207005,0.8845711,0.884571075427676,0.5800411052751769,0.0
2024-04-03 15:20:00,35.091576,34.207005,0.8845711,0.8845710754316017,0.5800411052751769,0.0
2024-04-03 15:21:00,35.091576,34.207005,0.8845711,0.884571075434219,0.5800411052751769,0.0
2024-04-03 15:22:00,35.091576,34.207005,0.8845711,0.8845710754359638,0.5800411052751769,0.0
2024-04-03 15:23:00,35.091576,34.207005,0.8845711,0.884571075437127,0.5800411052751769,0.0
2024-04-03 15:24:00,35.091576,34.207005,0.8845711,0.8845710754379025,0.5800411052751769,0.0
2024-04-03 15:25:00,35.091576,34.207005,0.8845711,0.8845710754384194,0.5800411052751769,0.0
2024-04-03 15:26:00,35.091576,34.207005,0.8845711,0.884571075438764,0.5800411052751769,0.0
2024-04-03 15:27:00,35.091576,34.207005,0.8845711,0.8845710754389938,0.5800411052751769,0.0
2024-04-03 15:28:00,35.091576,34.207005,0.8845711,0.884571075439147,0.5800411052751769,0.0
2024-04-03 15:29:00,35.091576,34.207005,0.8845711,0.8845710754392492,0.5800411052751769,0.0
2024-04-03 15:30:00,35.091576,34.207005,0.8845711,0.8845710754393172,0.5800411052751769,0.0
2024-04-03 15:31:00,35.091576,34.207005,0.8845711,0.8845710754393626,0.5800411052751769,0.0
2024-04-03 15:32:00,35.091576,34.207005,0.8845711,0.8845710754393928,0.5800411052751769,0.0
2024-04-03 15:33:00,35.091576,34.207005,0.8845711,0.884571075439413,0.5800411052751769,0.0
2024-04-03 15:34:00,35.091576,34.207005,0.8845711,0.8845710754394265,0.5800411052751769,0.0
2024-04-03 15:35:00,35.091576,34.207005,0.8845711,0.8845710754394355,0.5800411052751769,0.0
2024-04-03 15:36:00,35.091576,34.207005,0.8845711,0.8845710754394415,0.5800411052751769,0.0
2024-04-03 15:37:00,35.091576,34.207005,0.8845711,0.8845710754394455,0.5800411052751769,0.0
2024-04-03 15:38:00,35.091576,34.207005,0.8845711,0.8845710754394481,0.5800411052751769,0.0
2024-04-03 15:39:00,35.091576,34.207005,0.8845711,0.8845710754394499,0.5800411052751769,0.0
2024-04-03 15:40:00,35.091576,34.207005,0.8845711,0.884571075439451,0.5800411052751769,0.0
2024-04-03 15:41:00,35.091576,34.207005,0.8845711,0.8845710754394518,0.5800411052751769,0.0
2024-04-03 15:42:00,35.091576,34.207005,0.8845711,0.8845710754394523,0.5800411052751769,0.0
2024-04-03 15:43:00,35.091576,34.207005,0.8845711,0.8845710754394527,0.5800411052751769,0.0
2024-04-03 15:44:00,35.091576,34.207005,0.8845711,0.8845710754394529,0.5800411052751769,0.0
2024-04-03 15:45:00,35.091576,34.207005,0.8845711,0.884571075439453,0.5800411052751769,0.0
2024-04-03 15:46:00,35.091576,34.207005,0.8845711,0.8845710754394531,0.5800411052751769,0.0
2024-04-03 15:47:00,35.091576,34.207005,0.8845711,0.8845710754394531,0.5800411052751769,0.0
2024-04-03 15:48:00,35.091576,34.207005,0.8845711,0.8845710754394531,0.5800411052751769,0.0
2024-04-03 15:49:00,35.091576,34.207005,0.8845711,0.8845710754394531,0.5800411052751769,0.0
2024-04-03 15:50:00,35.091576,34.207005,0.8845711,0.8845710754394531,0.5800411052751769,0.0
2024-04-03 15:51:00,35.091576,34.207005,0.8845711,0.8845710754394531,0.5800411052751769,0.0
2024-04-03 15:52:00,35.091576,34.207005,0.8845711,0.8845710754394531,0.5800411052751769,0.0
2024-04-03 15:53:00,35.091576,34.207005,0.8845711,0.8845710754394531,0.5800411052751769,0.0
2024-04-03 15:54:00,35.091576,34.207005,0.8845711,0.8845710754394531,0.5800411052751769,0.0
2024-04-03 15:55:00,35.091576,34.207005,0.8845711,0.8845710754394531,0.5800411052751769,0.0
2024-04-03 15:56:00,35.091576,34.207005,0.8845711,0.8845710754394531,0.5800411052751769,0.0
2024-04-03 15:57:00,35.091576,34.207005,0.8845711,0.8845710754394531,0.5800411052751769,0.0
2024-04-03 15:58:00,35.091576,34.207005,0.8845711,0.8845710754394531,0.5800411052751769,0.0
2024-04-03 15:59:00,35.091576,34.207005,0.8845711,0.8845710754394531,0.5800411052751769,0.0
2024-04-03 16:00:00,35.091576,34.207005,0.8845711,0.8845710754394531,0.5800411052751769,0.0
2024-04-03 16:01:00,35.091576,34.207005,0.8845711,0.8845710754394531,0.5800411052751769,0.0
2024-04-03 16:02:00,35.091576,34.207005,0.8845711,0.8845710754394531,0.5800411052751769,0.0
2024-04-03 16:03:00,35.091576,34.207005,0.8845711,0.8845710754394531,0.5800411052751769,0.0
2024-04-03 16:04:00,35.091576,34.207005,0.8845711,0.8845710754394531,0.5800411052751769,0.0
2024-04-03 16:05:00,35.091576,34.207005,0.8845711,0.8845710754394531,0.5800411052751769,0.0
2024-04-03 16:06:00,35.091576,34.207005,0.8845711,0.8845710754394531,0.5800411052751769,0.0
2024-04-03 16:07:00,35.091576,34.207005,0.8845711,0.8845710754394531,0.5800411052751769,0.0
2024-04-03 16:08:00,35.091576,34.207005,0.8845711,0.8845710754394531,0.5800411052751769,0.0
2024-04-03 16:09:00,35.091576,34.207005,0.8845711,0.8845710754394531,0.5800411052751769,0.0
2024-04-03 16:10:00,35.091576,34.207005,0.8845711,0.8845710754394531,0.5800411052751769,0.0
2024-04-03 16:11:00,35.091576,34.207005,0.8845711,0.8845710754394531,0.5800411052751769,0.0
2024-04-03 16:12:00,35.091576,34.207005,0.8845711,0.8845710754394531,0.5800411052751769,0.0
2024-04-03 16:13:00,35.091576,34.207005,0.8845711,0.8845710754394531,0.5800411052751769,0.0
2024-04-03 16:14:00,35.091576,34.207005,0.8845711,0.8845710754394531,0.5800411052751769,0.0
2024-04-03 16:15:00,35.091576,34.207005,0.8845711,0.8845710754394531,0.5800411052751769,0.0
2024-04-03 16:16:00,35.091576,34.207005,0.8845711,0.8845710754394531,0.5800411052751769,0.0
2024-04-03 16:17:00,35.091576,34.207005,0.8845711,0.8845710754394531,0.5800411052751769,0.0
2024-04-03 16:18:00,35.091576,34.207005,0.8845711,0.8845710754394531,0.5800411052751769,0.0
2024-04-03 16:19:00,35.091576,34.207005,0.8845711,0.8845710754394531,0.5800411052751769,0.0
2024-04-03 16:20:00,35.091576,34.207005,0.8845711,0.8845710754394531,0.5800411052751769,0.0
2024-04-03 16:21:00,35.091576,34.207005,0.8845711,0.8845710754394531,0.5800411052751769,0.0
2024-04-03 16:22:00,35.091576,34.207005,0.8845711,0.8845710754394531,0.5800411052751769,0.0
2024-04-03 16:23:00,35.091576,34.207005,0.8845711,0.8845710754394531,0.5800411052751769,0.0
2024-04-03 16:24:00,35.091576,34.207005,0.8845711,0.8845710754394531,0.5800411052751769,0.0
2024-04-03 16:25:00,35.091576,34.207005,0.8845711,0.8845710754394531,0.5800411052751769,0.0
2024-04-03 16:26:00,35.091576,34.207005,0.8845711,0.8845710754394531,0.5800411052751769,0.0
2024-04-03 16:27:00,35.091576,34.207005,0.8845711,0.8845710754394531,0.5800411052751769,0.0
2024-04-03 16:28:00,35.091576,34.207005,0.8845711,0.8845710754394531,0.5800411052751769,0.0
2024-04-03 16:29:00,35.091576,34.207005,0.8845711,0.8845710754394531,0.5800411052751769,0.0
2024-04-03 16:30:00,35.091576,34.207005,0.8845711,0.8845710754394531,0.5800411052751769,0.0
2024-04-03 16:31:00,35.091576,34.207005,0.8845711,0.8845710754394531,0.5800411052751769,0.0
2024-04-03 16:32:00,35.091576,34.207005,0.8845711,0.8845710754394531,0.5800411052751769,0.0
2024-04-03 16:33:00,35.091576,34.207005,0.8845711,0.8845710754394531,0.5800411052751769,0.0
2024-04-03 16:34:00,35.091576,34.207005,0.8845711,0.8845710754394531,0.5800411052751769,0.0
2024-04-03 16:35:00,35.091576,34.207005,0.8845711,0.8845710754394531,0.5800411052751769,0.0
2024-04-03 16:36:00,35.091576,34.207005,0.8845711,0.8845710754394531,0.5800411052751769,0.0
2024-04-03 16:37:00,35.091576,34.207005,0.8845711,0.8845710754394531,0.5800411052751769,0.0
2024-04-03 16:38:00,48.695,34.207005,14.487995,5.419045766194661,0.791048184517013,0.0
2024-04-03 16:39:00,48.67,34.207005,14.462994,8.433695051405165,0.876912537108929,0.0
2024-04-03 16:40:00,48.684998,34.207005,14.477993,10.44846103809498,0.9125371089289792,0.0
2024-04-03 16:41:00,48.655,34.207005,14.447994,11.781638769455899,0.9333181091573418,0.0
2024-04-03 16:42:00,48.61,34.207005,14.402996,12.655424534048073,0.9435944279515871,0.0
2024-04-03 16:43:00,48.595,34.207005,14.387997,13.232948580560045,0.9513587577072391,0.0
2024-04-03 16:44:00,48.585,35.1236,13.461399,13.309098746496412,0.9518154829869834,0.0
2024-04-03 16:45:00,48.595,36.391243,12.203758,12.940651910912973,0.9470198675496688,0.0
2024-04-03 16:46:00,35.091576,37.886337,2.7947617,9.558688493180265,0.8967800867778032,0.0
2024-04-03 16:47:00,35.091576,39.32109,4.229515,7.782297354014709,0.8638958666362183,0.0
2024-04-03 16:48:00,35.091576,40.57557,5.4839935,7.016196079434286,0.8419730532084951,0.0
2024-04-03 16:49:00,49.29,41.676365,7.613636,7.2153427252380915,0.8474537565654259,0.0
2024-04-03 16:50:00,49.085,42.676167,6.4088326,6.946506000175004,0.8396894268097739,0.0
2024-04-03 16:51:00,48.94,43.156418,5.783581,6.558864260126436,0.8273578442566796,0.0
2024-04-03 16:52:00,48.915,42.933636,5.981365,6.366364574703432,0.8207353277003883,0.0
2024-04-03 16:53:00,48.89,41.707535,7.1824646,6.6383979163387465,0.8296414706554007,0.0
2024-04-03 16:54:00,48.83,40.060177,8.769825,7.348873604788983,0.851564284083124,0.0
2024-04-03 16:55:00,48.949997,39.621876,9.328121,8.008622798293567,0.8682347567937886,0.0
2024-04-03 16:56:00,49.129997,40.1255,9.004498,8.340581041554437,0.8753139986298242,0.0
2024-04-03 16:57:00,49.714996,41.051666,8.66333,8.448164053744625,0.876912537108929,0.0
2024-04-03 16:58:00,50.27,42.034924,8.235077,8.377135003928709,0.8755423612696963,0.0
2024-04-03 16:59:00,50.455,42.93972,7.5152817,8.089850561701171,0.8693765699931492,0.0
2024-04-03 17:00:00,50.659996,43.755135,6.9048615,7.6948541911992185,0.8616122402374972,0.0
2024-04-03 17:01:00,35.091576,44.04683,8.955254,8.11498732782422,0.8696049326330212,0.0
2024-04-03 17:02:00,50.44,44.26313,6.1768684,7.468947698123048,0.8543046357615894,0.0
2024-04-03 17:03:00,50.254997,44.537476,5.7175217,6.885139021242189,0.8376341630509249,0.0
2024-04-03 17:04:00,35.091576,44.557346,9.465771,7.745349587973308,0.8627540534368577,0.0
2024-04-03 17:05:00,35.091576,44.52551,9.433933,8.308210811334419,0.8737154601507193,0.0
2024-04-03 17:06:00,35.091576,44.457138,9.365562,8.660661353877895,0.881023064626627,0.0
2024-04-03 17:07:00,49.595,44.136894,5.458107,7.593143234128233,0.8586435259191596,0.0
2024-04-03 17:08:00,49.55,43.92785,5.6221504,6.9361456297996815,0.8390043388901576,0.0
2024-04-03 17:09:00,35.091576,43.873604,8.782028,7.551439819280517,0.8572733500799269,0.0
2024-04-03 17:10:00,35.091576,43.656506,8.56493,7.889269866906413,0.8666362183146837,0.0
2024-04-03 17:11:00,49.425,42.47894,6.94606,7.574866638158963,0.8579584379995433,0.0
2024-04-03 17:12:00,35.091576,40.91849,5.8269157,6.992216339094908,0.8410596026490066,0.0
2024-04-03 17:13:00,35.091576,40.459923,5.368347,6.450926615386189,0.822333866179493,0.0
2024-04-03 17:14:00,35.091576,40.90622,5.814644,6.23883236354522,0.818223338661795,0.0
2024-04-03 17:15:00,35.091576,41.078712,5.987137,6.154933855970252,0.8150262617035853,0.0
2024-04-03 17:16:00,49.184998,40.337376,8.847622,7.052496543221705,0.8426581411281114,0.0
2024-04-03 17:17:00,49.125,40.32737,8.79763,7.634207798834002,0.8604704270381366,0.0
2024-04-03 17:18:00,35.091576,40.117958,5.0263824,6.7649326813190225,0.8328385476136104,0.0
2024-04-03 17:19:00,49.019997,39.307823,9.712173,7.7473462748507025,0.8629824160767299,0.0
2024-04-03 17:20:00,35.091576,38.267086,3.1755104,6.2234009853985155,0.8177666133820507,0.0
2024-04-03 17:21:00,35.091576,37.241405,2.1498299,4.865543945099662,0.771408997488011,0.0
2024-04-03 17:22:00,48.71,37.426903,11.283096,7.004728067891962,0.841744690568623,0.0
2024-04-03 17:23:00,48.655,38.30212,10.352879,8.120778235446856,0.8696049326330212,0.0
2024-04-03 17:24:00,35.091576,38.71232,3.6207428,6.620766422915092,0.8291847453756566,0.0
2024-04-03 17:25:00,48.515,39.24896,9.266041,7.502524549277379,0.8552180863210779,0.0
2024-04-03 17:26:00,48.475,39.308052,9.166946,8.057331836562525,0.8684631194336606,0.0
2024-04-03 17:27:00,48.489998,38.63417,9.855827,8.65683033488934,0.881023064626627,0.0
2024-04-03 17:28:00,35.091576,38.742485,3.6509094,6.988190031202269,0.8410596026490066,0.0
2024-04-03 17:29:00,35.091576,39.439854,4.348278,6.108219369352945,0.8131993605846084,0.0
2024-04-03 17:30:00,49.855,39.64158,10.213421,7.476619868875271,0.8543046357615894,0.0
2024-04-03 17:31:00,35.091576,40.146168,5.054592,6.669277290106301,0.8303265585750171,0.0
2024-04-03 17:32:00,35.091576,40.341377,5.2498016,6.196118738651597,0.8168531628225623,0.0
2024-04-03 17:33:00,51.489998,40.253857,11.236141,7.87612622737906,0.8664078556748116,0.0
2024-04-03 17:34:00,51.879997,39.612137,12.26786,9.340037622451927,0.8949531856588262,0.0
2024-04-03 17:35:00,51.65,38.35035,13.299652,10.659909114837744,0.9173327243662937,0.0
2024-04-03 17:36:00,35.091576,38.442383,3.3508072,8.223541806538964,0.8716601963918703,0.0
2024-04-03 17:37:00,35.091576,37.91345,2.8218727,6.422985441419857,0.8221055035396209,0.0
2024-04-03 17:38:00,50.449997,36.92622,13.523777,8.789915963632119,0.8833066910253482,0.0
2024-04-03 17:39:00,50.239998,37.539936,12.700062,10.093297908453314,0.9061429550125599,0.0
2024-04-03 17:40:00,35.091576,38.31223,3.2206535,7.802416450280726,0.8641242292760904,0.0
2024-04-03 17:41:00,49.72,39.33237,10.38763,8.664154454402645,0.881023064626627,0.0
2024-04-03 17:42:00,49.645,39.74954,9.895462,9.074590314979368,0.8910710207810002,0.0
2024-04-03 17:43:00,49.58,39.12052,10.45948,9.53622030520109,0.896551724137931,0.0
2024-04-03 17:44:00,49.449997,39.354492,10.095505,9.722648457048123,0.9002055263758849,0.0
2024-04-03 17:45:00,49.329998,40.277596,9.0524025,9.49923313681138,0.8954099109385705,0.0
2024-04-03 17:46:00,49.19,40.53617,8.653828,9.217431313619697,0.8931262845398493,0.0
2024-04-03 17:47:00,35.091576,40.929535,5.8379593,8.090940638930059,0.8693765699931492,0.0
2024-04-03 17:48:00,48.995,41.696663,7.298336,7.826739102304284,0.8648093171957068,0.0
2024-04-03 17:49:00,35.091576,42.549995,7.45842,7.703966001471086,0.8618406028773693,0.0
2024-04-03 17:50:00,48.745,43.36682,5.3781776,6.928703215254813,0.8387759762502854,0.0
2024-04-03 17:51:00,35.091576,44.110073,9.018497,7.625301299183548,0.8602420643982644,0.0
2024-04-03 17:52:00,48.5,44.775925,3.7240753,6.324892638583304,0.8198218771408997,0.0
2024-04-03 17:53:00,35.091576,44.737362,9.645786,7.431857187522333,0.8531628225622289,0.0
2024-04-03 17:54:00,48.23,44.64218,3.5878181,6.1505108402655395,0.8150262617035853,0.0
2024-04-03 17:55:00,48.1,44.031197,4.068802,5.456607853471297,0.7935601735556063,0.0
2024-04-03 17:56:00,47.985,43.611862,4.3731384,5.095451378225657,0.7800867778031514,0.0
2024-04-03 17:57:00,35.091576,42.94183,7.850254,6.013718938429735,0.810459008906143,0.0
2024-04-03 17:58:00,47.714996,42.700005,5.0149918,5.680809879037792,0.7990408769125371,0.0
2024-04-03 17:59:00,47.605,42.194565,5.4104347,5.590684826991992,0.7960721625941996,0.0
2024-04-03 18:00:00,47.465,42.036858,5.4281425,5.536504067197136,0.7953870746745832,0.0
2024-04-03 18:01:00,47.35,42.442,4.907997,5.327001755247309,0.7885361954784197,0.0
2024-04-03 18:02:00,35.091576,43.006863,7.915287,6.189763509438961,0.8166248001826901,0.0
2024-04-03 18:03:00,35.091576,42.910744,7.819168,6.732898369899412,0.8316967344142498,0.0
2024-04-03 18:04:00,47.019997,42.91398,4.106018,5.857271602068359,0.8056633934688285,0.0
2024-04-03 18:05:00,46.92,43.207134,3.712864,5.1424690420852865,0.7828271294816168,0.0
2024-04-03 18:06:00,46.78,43.671673,3.108326,4.464421347474175,0.7533683489381138,0.0
2024-04-03 18:07:00,46.655,44.184925,2.4700737,3.799638798299841,0.7255081068737155,0.0
2024-04-03 18:08:00,35.091576,44.03378,8.9422035,5.513827039442733,0.7947019867549668,0.0
2024-04-03 18:09:00,46.44,42.826027,3.6139717,4.880541929696848,0.7725508106873715,0.0
2024-04-03 18:10:00,46.309998,42.336815,3.9731827,4.578088845872118,0.7581639643754282,0.0
2024-04-03 18:11:00,46.195,42.507355,3.687645,4.281274216746777,0.7460607444622059,0.0
2024-04-03 18:12:00,35.091576,42.974365,7.8827896,5.481779348436653,0.7942452614752227,0.0
2024-04-03 18:13:00,45.985,43.50497,2.48003,4.481196252229253,0.7538250742178579,0.0
2024-04-03 18:14:00,45.925,43.446,2.479,3.813797532003747,0.7268782827129482,0.0
2024-04-03 18:15:00,45.934998,43.368786,2.5662117,3.3979355881489828,0.7001598538479105,0.0
2024-04-03 18:16:00,45.9,43.557053,2.342949,3.0462733632907284,0.6793788536195479,0.0
2024-04-03 18:17:00,45.87,43.90774,1.9622574,2.684934703945121,0.6604247545101621,0.0
2024-04-03 18:18:00,45.829998,43.723804,2.1061935,2.4920209834569036,0.6487782598766841,0.0
2024-04-03 18:19:00,46.045,43.55171,2.49329,2.4924439714745246,0.6487782598766841,0.0
2024-04-03 18:20:00,35.091576,43.5075,8.415924,4.466937338404891,0.7538250742178579,0.0
2024-04-03 18:21:00,35.091576,43.39416,8.302586,5.745486759538808,0.8020095912308747,0.0
2024-04-03 18:22:00,48.27,43.622566,4.647434,5.379469251232253,0.7901347339575245,0.0
2024-04-03 18:23:00,48.805,44.054276,4.750725,5.169887764981659,0.7835122174012331,0.0
2024-04-03 18:24:00,49.305,44.5184,4.786602,5.042125850075664,0.7782598766841745,0.0
2024-04-03 18:25:00,35.091576,44.560333,9.468758,6.5176697765152865,0.8259876684174469,0.0
2024-04-03 18:26:00,50.625,44.1895,6.435501,6.4902802172211285,0.8243891299383421,0.0
2024-04-03 18:27:00,54.515,42.749706,11.765293,8.248617851926717,0.8725736469513588,0.0
2024-04-03 18:28:00,35.091576,42.34547,7.253895,7.91704350325388,0.8668645809545559,0.0
2024-04-03 18:29:00,59.415,42.012444,17.402557,11.078881459851544,0.9234985156428408,0.0
2024-04-03 18:30:00,63.364998,41.912987,21.452011,14.53659134270051,0.9625485270609728,0.0
2024-04-03 18:31:00,35.091576,41.438416,6.34684,11.806674196728725,0.9333181091573418,0.0
2024-04-03 18:32:00,67.99,42.12005,25.86995,16.49443257809259,0.9771637360127883,0.0
2024-04-03 18:33:00,35.091576,43.233902,8.142326,13.71039717038855,0.955012559945193,0.0
2024-04-03 18:34:00,35.091576,42.778526,7.6869507,11.702581674790284,0.9319479333181092,0.0
2024-04-03 18:35:00,35.091576,43.22828,8.1367035,10.513955613597169,0.9145923726878282,0.0
2024-04-03 18:36:00,35.091576,42.852234,7.7606583,9.596189830451499,0.8979218999771638,0.0
2024-04-03 18:37:00,72.34,41.961094,30.378902,16.523760698735245,0.9773920986526604,0.0
2024-04-03 18:38:00,73.34,42.41835,30.921646,21.323055838544853,0.9931491208038364,0.9
2024-04-03 18:39:00,74.06,41.918037,32.14196,24.92935727371089,0.9970312856816624,0.9
2024-04-03 18:40:00,74.83,40.358482,34.47152,28.110078005878876,0.9977163736012788,0.7
2024-04-03 18:41:00,75.635,38.59344,37.04156,31.08723904615558,0.998173098881023,0.9
2024-04-03 18:42:00,35.091576,37.027508,1.9359322,21.370136750578332,0.9931491208038364,0.5
2024-04-03 18:43:00,77.405,39.853428,37.55157,26.763948131163552,0.9977163736012788,0.7
2024-04-03 18:44:00,78.83,42.589096,36.240906,29.92293400801529,0.998173098881023,0.9
2024-04-03 18:45:00,78.83,44.614952,34.21505,31.35363925322764,0.998173098881023,0.9
2024-04-03 18:46:00,78.53,46.086113,32.443886,31.71705476989265,0.998173098881023,0.7
2024-04-03 18:47:00,35.091576,47.133026,12.0414505,25.15852001342453,0.9972596483215346,0.5
2024-04-03 18:48:00,76.66,47.17553,29.484474,26.600504736325988,0.9974880109614067,0.7
2024-04-03 18:49:00,75.270004,48.228664,27.04134,26.747449782306518,0.9977163736012788,0.7
2024-04-03 18:50:00,74.17,49.241737,24.92826,26.141053455945233,0.9972596483215346,0.7
2024-04-03 18:51:00,73.17,50.113655,23.056343,25.112816663501253,0.9972596483215346,0.7
2024-04-03 18:52:00,35.091576,50.870487,15.778912,22.001514972526227,0.9942909340031971,0.5
2024-04-03 18:53:00,74.315,50.750446,23.564556,22.522528688959543,0.9947476592829413,0.9
2024-04-03 18:54:00,35.091576,50.89615,15.804573,20.28321014566704,0.990180406485499,0.5
2024-04-03 18:55:00,76.44,51.478523,24.96148,21.842633159448603,0.9938342087234528,0.9
2024-04-03 18:56:00,79.994995,52.248627,27.746368,23.810544909033446,0.9965745604019183,0.9
2024-04-03 18:57:00,82.715,53.410202,29.304794,25.641961376530112,0.9972596483215346,0.7
2024-04-03 18:58:00,35.091576,53.14688,18.055305,23.113076078005754,0.996117835122174,0.5
2024-04-03 18:59:00,84.41,53.577633,30.83237,25.686174304689384,0.9972596483215346,0.9
2024-04-03 19:00:00,84.915,52.585323,32.329678,27.900675397055295,0.9977163736012788,0.9
2024-04-03 19:01:00,85.3,52.86515,32.434853,29.412067798069415,0.998173098881023,0.9
2024-04-03 19:02:00,35.091576,52.504486,17.41291,25.412348685854873,0.9972596483215346,0.5
2024-04-03 19:03:00,35.091576,52.198444,17.106869,22.643855371868746,0.9947476592829413,0.5
2024-04-03 19:04:00,87.625,51.169846,36.455154,27.24762172089427,0.9977163736012788,0.9
2024-04-03 19:05:00,87.65,51.405724,36.244278,30.24650713196337,0.998173098881023,0.9
2024-04-03 19:06:00,86.795,51.704857,35.09014,31.86105185343782,0.998173098881023,0.9
2024-04-03 19:07:00,86.025,52.073456,33.951546,32.557883140735896,0.998173098881023,0.7
2024-04-03 19:08:00,84.91,51.526703,33.3833,32.8330223542406,0.998173098881023,0.9
2024-04-03 19:09:00,35.091576,49.3683,14.276726,26.647590159174722,0.9974880109614067,0.5
2024-04-03 19:10:00,81.715,49.692017,32.02298,28.439386684892526,0.9977163736012788,0.9
2024-04-03 19:11:00,79.81,50.921577,28.88842,28.58906449158851,0.9977163736012788,0.7
2024-04-03 19:12:00,79.505005,52.229744,27.27526,28.15112996949,0.9977163736012788,0.7
2024-04-03 19:13:00,80.065,53.23848,26.826523,27.709594255376146,0.9977163736012788,0.7
2024-04-03 19:14:00,80.92,53.970757,26.949242,27.45614338297863,0.9977163736012788,0.7
2024-04-03 19:15:00,83.74,53.742393,29.997604,28.30329704535815,0.9977163736012788,0.7
2024-04-03 19:16:00,85.56,53.84168,31.718319,29.441637676641765,0.998173098881023,0.9
2024-04-03 19:17:00,88.55,55.127625,33.42238,30.7685512977742,0.998173098881023,0.7
2024-04-03 19:18:00,90.245,56.1426,34.1024,31.87983477631561,0.998173098881023,0.7
2024-04-03 19:19:00,89.7,56.875874,32.824123,32.19459764506653,0.998173098881023,0.9
2024-04-03 19:20:00,89.75,57.408432,32.341568,32.24358776109904,0.998173098881023,0.9
2024-04-03 19:21:00,89.84,57.15258,32.687416,32.39153053295275,0.998173098881023,0.9
2024-04-03 19:22:00,90.5,56.275513,34.224487,33.002516123531,0.998173098881023,0.9
2024-04-03 19:23:00,90.78,55.91867,34.86133,33.62212012402067,0.998173098881023,0.9
2024-04-03 19:24:00,91.005005,55.726234,35.27877,34.1743368982729,0.998173098881023,0.7
2024-04-03 19:25:00,91.235,55.64853,35.58647,34.645048451387666,0.998173098881023,0.9
2024-04-03 19:26:00,91.384995,55.650818,35.734177,35.00809117950584,0.998173098881023,0.9
2024-04-03 19:27:00,91.58,55.626564,35.953438,35.32320672139582,0.998173098881023,0.9
2024-04-03 19:28:00,91.67,55.668785,36.001213,35.549208838840705,0.998173098881023,0.9
2024-04-03 19:29:00,35.091576,55.833294,20.741718,30.61337865663925,0.998173098881023,0.5
2024-04-03 19:30:00,92.020004,55.956047,36.063957,32.43023817587799,0.998173098881023,0.9
2024-04-03 19:31:00,92.185,56.10315,36.08185,33.64744149876241,0.998173098881023,0.9
2024-04-03 19:32:00,92.41,56.27756,36.132442,34.47577515729669,0.998173098881023,0.9
2024-04-03 19:33:00,35.091576,56.5362,21.444626,30.132058723028525,0.998173098881023,0.5
2024-04-03 19:34:00,35.091576,56.735283,21.643707,27.30260824048256,0.9977163736012788,0.5
2024-04-03 19:35:00,92.85,56.31108,36.538918,30.381378007489676,0.998173098881023,0.9
2024-04-03 19:36:00,35.091576,56.579067,21.487492,27.416749207548456,0.9977163736012788,0.5
2024-04-03 19:37:00,92.685,57.001427,35.68357,30.172356425637776,0.998173098881023,0.9
2024-04-03 19:38:00,35.091576,57.47079,22.379215,27.574642697251356,0.9977163736012788,0.5
2024-04-03 19:39:00,92.46001,56.93979,35.520218,30.223167763336843,0.998173098881023,0.9
2024-04-03 19:40:00,92.955,54.70948,38.24552,32.897285690694616,0.998173098881023,0.9
2024-04-03 19:41:00,93.14,55.479492,37.660507,34.48502619451256,0.998173098881023,0.9
2024-04-03 19:42:00,93.285,54.346466,38.938538,35.96952999556046,0.998173098881023,0.9
2024-04-03 19:43:00,93.495,55.16833,38.32667,36.75524386382091,0.998173098881023,0.9
2024-04-03 19:44:00,93.6,54.05931,39.540688,37.68372509622566,0.998173098881023,0.7
2024-04-03 19:45:00,93.625,54.957634,38.667366,38.01160540676112,0.998173098881023,0.9
2024-04-03 19:46:00,35.091576,55.963814,20.872238,32.298482990900645,0.998173098881023,0.5
2024-04-03 19:47:00,35.091576,57.061596,21.97002,28.85566209199692,0.9977163736012788,0.5
2024-04-03 19:48:00,95.14,57.90844,37.23156,31.64762797913727,0.998173098881023,0.7
2024-04-03 19:49:00,95.225006,58.52448,36.700527,33.33192771647889,0.998173098881023,0.7
2024-04-03 19:50:00,35.091576,59.687565,24.59599,30.419948220084233,0.998173098881023,0.5
2024-04-03 19:51:00,94.565,60.268303,34.2967,31.712198654698085,0.998173098881023,0.7
2024-04-03 19:52:00,35.091576,59.697075,24.6055,29.34329885899143,0.997944736241151,0.5
2024-04-03 19:53:00,97.61,57.224754,40.385246,33.023947998279446,0.998173098881023,0.7
2024-04-03 19:54:00,35.091576,57.593315,22.50174,29.516545166170676,0.998173098881023,0.5
2024-04-03 19:55:00,35.091576,58.404964,23.313389,27.448826385601418,0.9977163736012788,0.5
2024-04-03 19:56:00,35.091576,57.270935,22.17936,25.692337402412665,0.9972596483215346,0.5
2024-04-03 19:57:00,102.04,58.093487,43.946514,31.77706297815467,0.998173098881023,0.9
2024-04-03 19:58:00,35.091576,56.91594,21.824364,28.459496554935146,0.9977163736012788,0.5
2024-04-03 19:59:00,35.091576,57.178596,22.08702,26.335337994631246,0.9972596483215346,0.5
2024-04-03 20:00:00,101.380005,55.628605,45.7514,32.807358661052994,0.998173098881023,0.9
2024-04-03 20:01:00,35.091576,52.686974,17.595398,27.736705090441582,0.9977163736012788,0.5
2024-04-03 20:02:00,100.15,49.283417,50.866585,35.4466649862384,0.998173098881023,0.7
2024-04-03 20:03:00,98.94,50.823513,48.11649,39.669939794292404,0.9984014615208952,0.9
2024-04-03 20:04:00,97.68,50.09706,47.58294,42.307606245511344,0.9984014615208952,0.9
2024-04-03 20:05:00,95.14,48.037186,47.102814,43.90600873724194,0.9984014615208952,0.7
2024-04-03 20:06:00,94.17,49.68329,44.48671,44.09957568973682,0.9984014615208952,0.7
2024-04-03 20:07:00,91.565,49.238438,42.326565,43.508572056097336,0.9984014615208952,0.7
2024-04-03 20:08:00,90.16499,50.370346,39.794647,42.27059710966385,0.9984014615208952,0.7
2024-04-03 20:09:00,35.091576,52.020515,16.92894,33.823378012887886,0.998173098881023,0.5
2024-04-03 20:10:00,87.215,53.654808,33.56019,33.735648106410935,0.998173098881023,0.7
2024-04-03 20:11:00,35.091576,55.13598,20.044403,29.171899762997917,0.9977163736012788,0.5
2024-04-03 20:12:00,87.57,56.440327,31.129673,29.824490843382076,0.998173098881023,0.7
2024-04-03 20:13:00,35.091576,57.56212,22.470543,27.373174864826336,0.9977163736012788,0.5
2024-04-03 20:14:00,91.185,58.531075,32.653923,29.133424254773548,0.9977163736012788,0.7
2024-04-03 20:15:00,35.091576,58.26866,23.177086,27.14797812867065,0.9977163736012788,0.5
2024-04-03 20:16:00,94.485,59.675163,34.809837,29.701931199549968,0.998173098881023,0.7
2024-04-03 20:17:00,93.520004,58.86418,34.655823,31.3532283843354,0.998173098881023,0.7
2024-04-03 20:18:00,35.091576,59.631947,24.54037,29.082275903277637,0.9977163736012788,0.5
2024-04-03 20:19:00,35.091576,58.374695,23.28312,27.149223669405146,0.9977163736012788,0.5
2024-04-03 20:20:00,92.3,60.592896,31.707108,28.668518294251868,0.9977163736012788,0.7
2024-04-03 20:21:00,90.380005,59.547565,30.83244,29.389825337037053,0.998173098881023,0.7
2024-04-03 20:22:00,35.091576,60.09058,24.999004,27.92621834602926,0.9977163736012788,0.5
2024-04-03 20:23:00,87.11,61.341774,25.768227,27.20688777186456,0.9977163736012788,0.7
2024-04-03 20:24:00,87.33,59.87858,27.451424,27.28839972958289,0.9977163736012788,0.7
2024-04-03 20:25:00,35.091576,57.785385,22.69381,25.756869656147707,0.9972596483215346,0.5
2024-04-03 20:26:00,88.229996,58.365616,29.86438,27.12603973170264,0.9977163736012788,0.7
2024-04-03 20:27:00,87.990005,59.778694,28.211311,27.487796934579105,0.9977163736012788,0.9
2024-04-03 20:28:00,87.84,59.228508,28.611488,27.862360737147792,0.9977163736012788,0.7
2024-04-03 20:29:00,85.89,62.308495,23.581505,26.435408765357643,0.9974880109614067,0.7
2024-04-03 20:30:00,85.18,63.536438,21.643562,24.83812661586994,0.9968029230417904,0.7
2024-04-03 20:31:00,85.34,62.26686,23.073135,24.24979620257215,0.9965745604019183,0.7
2024-04-03 20:32:00,85.91,64.28794,21.622063,23.37388502941659,0.996117835122174,0.7
2024-04-03 20:33:00,85.705,64.44789,21.25711,22.668293551512104,0.9947476592829413,0.7
2024-04-03 20:34:00,84.94,64.71896,20.221039,21.85254197379453,0.994062571363325,0.7
2024-04-03 20:35:00,83.42,66.3051,17.114899,20.27332754307656,0.990180406485499,0.7
2024-04-03 20:36:00,82.86,67.93652,14.923477,18.490044086334898,0.9849280657684403,0.0
2024-04-03 20:37:00,81.18,69.642845,11.537155,16.172414441345662,0.9755651975336835,0.0
2024-04-03 20:38:00,80.58,69.54598,11.034019,14.459616117635392,0.9618634391413565,0.0
2024-04-03 20:39:00,79.58,69.851074,9.728928,12.882719949191824,0.9463347796300525,0.0
2024-04-03 20:40:00,78.285,70.509964,7.7750397,11.180159857078404,0.925782142041562,0.0
2024-04-03 20:41:00,77.2,70.89943,6.3005676,9.553629113703312,0.8967800867778032,0.0
2024-04-03 20:42:00,75.54,71.18567,4.354332,7.8205300658738235,0.8643525919159626,0.0
2024-04-03 20:43:00,74.78,71.3929,3.3871002,6.34272011715807,0.8198218771408997,0.0
2024-04-03 20:44:00,73.850006,70.743774,3.1062317,5.263890641256422,0.7864809317195707,0.0
2024-04-03 20:45:00,35.091576,70.35588,35.264305,15.264028799086313,0.9684859556976478,0.0
2024-04-03 20:46:00,71.28999,70.06001,1.2299805,10.586012688974211,0.9159625485270609,0.0
2024-04-03 20:47:00,70.759995,69.85666,0.9033356,7.3584536497458295,0.851564284083124,0.0
2024-04-03 20:48:00,69.97,69.633606,0.33639526,5.0177675210545125,0.7775747887645581,0.0
2024-04-03 20:49:00,68.994995,69.40369,0.4086914,3.4814088161196755,0.7065540077643298,0.0
2024-04-03 20:50:00,68.155,69.148285,0.99328613,2.652034588350617,0.6588262160310573,0.0
2024-04-03 20:51:00,67.31,67.48642,0.17642212,1.8268304319472866,0.6142955012559945,0.0
2024-04-03 20:52:00,66.19,66.71173,0.5217285,1.3917964598398578,0.5951130395067367,0.0
2024-04-03 20:53:00,65.615,57.51841,8.096588,3.626727018148447,0.7154601507193423,0.0
2024-04-03 20:54:00,64.895004,56.33631,8.558693,5.270715656141934,0.7864809317195707,0.0
2024-04-03 20:55:00,64.16,56.16598,7.9940224,6.178484560556211,0.8159397122630737,0.0
2024-04-03 20:56:00,63.57,56.54129,7.0287094,6.461892844244506,0.8227905914592373,0.0
2024-04-03 20:57:00,35.091576,56.386673,21.295097,11.406294346521078,0.9280657684402832,0.0
2024-04-03 20:58:00,35.091576,56.202072,21.110497,14.641028404679417,0.9630052523407171,0.0
2024-04-03 20:59:00,61.18,55.85712,5.32288,11.53497886687287,0.9303493948390044,0.0
2024-04-03 21:00:00,60.769997,57.922905,2.8470917,8.63901646951681,0.8807947019867549,0.0
2024-04-03 21:01:00,60.055,63.871056,3.8160553,7.031362745628394,0.8424297784882393,0.0
2024-04-03 21:02:00,59.415,56.10231,3.3126907,5.79180540870669,0.8038364923498516,0.0
2024-04-03 21:03:00,58.75,54.701492,4.0485077,5.210706169281023,0.7846540306005937,0.0
2024-04-03 21:04:00,58.3,52.869644,5.430355,5.2839224701945104,0.787166019639187,0.0
2024-04-03 21:05:00,35.091576,51.961746,16.87017,9.14600517788358,0.8919844713404887,0.0
2024-04-03 21:06:00,56.79,51.49835,5.2916527,7.861221011736841,0.8657227677551953,0.0
2024-04-03 21:07:00,56.43,51.492126,4.937874,6.8867719546019055,0.837862525690797,0.0
2024-04-03 21:08:00,55.91,51.64583,4.2641716,6.012571836515203,0.8102306462662708,0.0
2024-04-03 21:09:00,55.15,51.814873,3.3351288,5.120090819070032,0.7819136789221284,0.0
2024-04-03 21:10:00,54.965,51.935276,3.0297241,4.423301919744604,0.7517698104590089,0.0
2024-04-03 21:11:00,35.091576,51.414787,16.323212,8.389938503137028,0.8757707239095684,0.0
2024-04-03 21:12:00,53.69,50.922615,2.7673836,6.5157535272378375,0.8259876684174469,0.0
2024-04-03 21:13:00,53.489998,50.767868,2.7221298,5.25121229208434,0.7857958437999544,0.0
2024-04-03 21:14:00,54.045,50.73678,3.30822,4.603548164612216,0.7593057775747888,0.0
2024-04-03 21:15:00,54.445,50.781143,3.6638565,4.290317611857363,0.7460607444622059,0.0
2024-04-03 21:16:00,55.26,50.84014,4.419857,4.33349741628707,0.7488010961406714,0.0
2024-04-03 21:17:00,55.699997,50.306602,5.3933945,4.686796434262995,0.7638730303722311,0.0
2024-04-03 21:18:00,55.93,49.90704,6.0229607,5.132184510455929,0.7823704042018725,0.0
2024-04-03 21:19:00,56.47,49.609108,6.8608932,5.708420756807859,0.7999543274720256,0.0
2024-04-03 21:20:00,56.690002,49.330856,7.359146,6.258662543926594,0.8189084265814113,0.0
2024-04-03 21:21:00,35.091576,49.399776,14.308201,8.941841974678276,0.8869604932633022,0.0
2024-04-03 21:22:00,35.091576,49.421127,14.329552,10.737745215377966,0.9189312628453985,0.0
2024-04-03 21:23:00,35.091576,54.037865,18.94629,13.473926497751979,0.952957296186344,0.0
2024-04-03 21:24:00,35.091576,50.318375,15.226799,14.058217335578144,0.9582096369034026,0.0
2024-04-03 21:25:00,53.91,50.063564,3.8464355,10.654290072677096,0.9168759990865495,0.0
2024-04-03 21:26:00,54.345,50.178066,4.166935,8.491838370798403,0.8780543503082896,0.0
2024-04-03 21:27:00,54.86,49.824993,5.0350075,7.339561406134482,0.851564284083124,0.0
2024-04-03 21:28:00,55.04,48.199814,6.840187,7.173103295007625,0.8465403060059374,0.0
2024-04-03 21:29:00,55.08,45.915146,9.164856,7.8370208490155004,0.865266042475451,0.0
2024-04-03 21:30:00,54.879997,43.475037,11.404961,9.026334110118407,0.8899292075816396,0.0
2024-04-03 21:31:00,54.824997,43.272717,11.55228,9.868316215420736,0.9020324274948618,0.0
2024-04-03 21:32:00,54.61,43.50552,11.104481,10.280371058083226,0.9088833066910253,0.0
2024-04-03 21:33:00,35.091576,43.73024,8.638664,9.733135453923975,0.900433889015757,0.0
2024-04-03 21:34:00,56.67,43.86469,12.805309,10.757193401167417,0.9189312628453985,0.0
2024-04-03 21:35:00,57.35,43.98395,13.366047,11.626811235950804,0.9310344827586207,0.0
2024-04-03 21:36:00,59.934998,44.09455,15.840446,13.031356314689859,0.9481616807490295,0.0
2024-04-03 21:37:00,61.204998,44.16668,17.038319,14.36701042113764,0.9607216259419958,0.0
2024-04-03 21:38:00,61.96,44.32701,17.632988,15.455669606116501,0.970541219456497,0.0
2024-04-03 21:39:00,35.091576,43.961586,8.87001,13.260449862736522,0.9513587577072391,0.0
2024-04-03 21:40:00,66.43,44.36234,22.067661,16.19618700362448,0.9757935601735556,0.0
2024-04-03 21:41:00,66.149994,44.89558,21.254414,17.88226253732843,0.9819593514501027,0.0
2024-04-03 21:42:00,67.575,45.526047,22.04895,19.271158423323122,0.9885818680063941,0.0
2024-04-03 21:43:00,70.75,46.249207,24.500793,21.014370101225833,0.9924640328842201,0.9
2024-04-03 21:44:00,35.091576,47.13493,12.043354,18.024031412291833,0.9831011646494634,0.0
2024-04-03 21:45:00,74.71,46.787727,27.922272,21.323444851033095,0.9931491208038364,0.9
2024-04-03 21:46:00,76.78,46.99188,29.78812,24.145003323947194,0.9965745604019183,0.9
2024-04-03 21:47:00,77.25,48.03998,29.210018,25.833341601951126,0.9972596483215346,0.9
2024-04-03 21:48:00,79.81,47.95496,31.855038,27.84057363103708,0.9977163736012788,0.7
2024-04-03 21:49:00,81.02,48.590103,32.429893,29.370346918575503,0.997944736241151,0.9
2024-04-03 21:50:00,81.595,48.05227,33.542732,30.761142025306846,0.998173098881023,0.9
2024-04-03 21:51:00,82.28,48.551517,33.72848,31.750255114446105,0.998173098881023,0.9
2024-04-03 21:52:00,35.091576,49.49131,14.3997345,25.96674824198751,0.9972596483215346,0.5
2024-04-03 21:53:00,84.399994,49.486176,34.91382,28.949104947783344,0.9977163736012788,0.9
2024-04-03 21:54:00,85.925,49.469204,36.4558,31.4513363327833,0.998173098881023,0.7
2024-04-03 21:55:00,35.091576,49.325615,14.234039,25.712237324069076,0.9972596483215346,0.5
2024-04-03 21:56:00,89.16,49.92239,39.237614,30.220696108705557,0.998173098881023,0.9
2024-04-03 21:57:00,88.83,50.931847,37.898155,32.77984914327115,0.998173098881023,0.9
2024-04-03 21:58:00,88.57001,50.848083,37.721924,34.42720737155577,0.998173098881023,0.9
2024-04-03 21:59:00,90.82,51.54658,39.27342,36.04261105654174,0.998173098881023,0.7
2024-04-03 22:00:00,93.994995,52.05179,41.943207,38.009476300064286,0.998173098881023,0.9
2024-04-03 22:01:00,95.31,51.528458,43.78154,39.933497505706924,0.9984014615208952,0.9
2024-04-03 22:02:00,95.65,51.9265,43.723503,41.19683270806894,0.9984014615208952,0.9
2024-04-03 22:03:00,96.104996,52.77768,43.327316,41.90699390010586,0.9984014615208952,0.9
2024-04-03 22:04:00,96.46001,53.47449,42.985516,42.266501131564716,0.9984014615208952,0.9
2024-04-03 22:05:00,97.24,53.542652,43.697346,42.74344933225734,0.9984014615208952,0.9
2024-04-03 22:06:00,99.32,53.8645,45.4555,43.64746674030373,0.9984014615208952,0.9
2024-04-03 22:07:00,99.62,54.36521,45.25479,44.18324158012436,0.9984014615208952,0.7
2024-04-03 22:08:00,99.58,55.434235,44.145767,44.170750124054265,0.9984014615208952,0.9
2024-04-03 22:09:00,99.01,56.307327,42.702675,43.6813917046104,0.9984014615208952,0.9
2024-04-03 22:10:00,98.755,56.796837,41.95816,43.106981269870474,0.9984014615208952,0.7
2024-04-03 22:11:00,98.585,56.784958,41.80004,42.67133457949048,0.9984014615208952,0.9
2024-04-03 22:12:00,98.32,57.22484,41.09516,42.14594353232308,0.9984014615208952,0.9
2024-04-03 22:13:00,95.869995,57.70588,38.164116,40.81866765680263,0.9984014615208952,0.9
2024-04-03 22:14:00,96.950005,58.16156,38.788445,40.14192661088275,0.9984014615208952,0.9
2024-04-03 22:15:00,98.305,58.620995,39.684006,39.989286319690066,0.9984014615208952,0.9
2024-04-03 22:16:00,98.765,59.047485,39.717514,39.89869555915536,0.9984014615208952,0.9
2024-04-03 22:17:00,98.69,59.458298,39.231705,39.67636527674159,0.9984014615208952,0.9
2024-04-03 22:18:00,99.035,60.382805,38.6522,39.33497644832903,0.998173098881023,0.9
2024-04-03 22:19:00,98.9,60.543694,38.356308,39.008753626685504,0.998173098881023,0.9
2024-04-03 22:20:00,98.485,61.084816,37.400185,38.47256396157289,0.998173098881023,0.9
2024-04-03 22:21:00,100.065,61.61236,38.452644,38.46592409043011,0.998173098881023,0.9
2024-04-03 22:22:00,102.76,61.890434,40.869568,39.267138683984655,0.998173098881023,0.9
2024-04-03 22:23:00,35.091576,62.73391,27.642334,35.39220378411477,0.998173098881023,0.5
2024-04-03 22:24:00,104.685005,63.42241,41.262596,37.34900123286688,0.998173098881023,0.9
2024-04-03 22:25:00,104.689995,63.609825,41.08017,38.59272404782271,0.998173098881023,0.9
2024-04-03 22:26:00,104.27,64.10434,40.165657,39.11703504636749,0.998173098881023,0.9
2024-04-03 22:27:00,102.71,64.074394,38.635605,38.956558317044475,0.998173098881023,0.9
2024-04-03 22:28:00,102.175,64.63937,37.53563,38.4829153021833,0.998173098881023,0.9
2024-04-03 22:29:00,103.990005,63.73007,40.259937,39.075255963581185,0.998173098881023,0.9
2024-04-03 22:30:00,106.105,63.976852,42.12815,40.092887622367925,0.9984014615208952,0.9
2024-04-03 22:31:00,108.18,64.39165,43.788353,41.32470940368148,0.9984014615208952,0.9
2024-04-03 22:32:00,107.71,64.62424,43.085762,41.911726943762915,0.9984014615208952,0.9
2024-04-03 22:33:00,107.909996,65.170586,42.73941,42.18762142930549,0.9984014615208952,0.9
2024-04-03 22:34:00,109.909996,65.503334,44.406662,42.927301615305225,0.9984014615208952,0.9
2024-04-03 22:35:00,110.6,65.45655,45.143448,43.66601703552901,0.9984014615208952,0.9
2024-04-03 22:36:00,35.091576,65.7626,30.671028,39.334354069421686,0.998173098881023,0.5
2024-04-03 22:37:00,111.0,66.27089,44.72911,41.13260628553894,0.9984014615208952,0.9
2024-04-03 22:38:00,110.69,66.58012,44.109886,42.12503291350383,0.9984014615208952,0.7
2024-04-03 22:39:00,110.78001,66.53233,44.247673,42.83257962055855,0.9984014615208952,0.9
2024-04-03 22:40:00,110.645004,66.728584,43.91642,43.19385974134242,0.9984014615208952,0.9
2024-04-03 22:41:00,110.84,66.69737,44.142624,43.51011446135068,0.9984014615208952,0.9
2024-04-03 22:42:00,110.740005,65.699844,45.04016,44.020130018504624,0.9984014615208952,0.9
2024-04-03 22:43:00,110.22,65.848434,44.371567,44.13727560315673,0.9984014615208952,0.9
2024-04-03 22:44:00,110.985,65.93657,45.04843,44.440994200932614,0.9984014615208952,0.9
2024-04-03 22:45:00,112.880005,66.360565,46.51944,45.13380936637695,0.9984014615208952,0.9
2024-04-03 22:46:00,113.84,66.97454,46.865456,45.71102478673177,0.9984014615208952,0.9
2024-04-03 22:47:00,113.9,67.583664,46.316338,45.912795719637586,0.9984014615208952,0.9
2024-04-03 22:48:00,35.091576,67.95734,32.86576,41.56378408083261,0.9984014615208952,0.5
2024-04-03 22:49:00,35.091576,68.515274,33.4237,38.85042219565273,0.998173098881023,0.5
2024-04-03 22:50:00,117.079994,68.69359,48.386406,42.02908344537656,0.9984014615208952,0.9
2024-04-03 22:51:00,35.091576,69.12851,34.036934,39.365033596559634,0.9984014615208952,0.5
2024-04-03 22:52:00,117.21,69.42962,47.78038,42.170149147380904,0.9984014615208952,0.9
2024-04-03 22:53:00,35.091576,69.75389,34.662315,39.66753788780472,0.9984014615208952,0.5
2024-04-03 22:54:00,35.091576,68.54436,33.45278,37.59595248428518,0.998173098881023,0.5
2024-04-03 22:55:00,118.07,66.08867,51.98133,42.39107861338413,0.9984014615208952,0.9
2024-04-03 22:56:00,117.905,66.89839,51.006607,45.262921427477444,0.9984014615208952,0.9
2024-04-03 22:57:00,35.091576,65.31227,30.220695,40.24884611685346,0.9984014615208952,0.5
2024-04-03 22:58:00,35.091576,65.78473,30.693153,37.063615205018195,0.998173098881023,0.5
2024-04-03 22:59:00,113.12501,64.26225,48.862755,40.996661743937906,0.9984014615208952,0.9
2024-04-03 23:00:00,110.72,61.471066,49.248936,43.747419729112906,0.9984014615208952,0.7
2024-04-03 23:01:00,108.555,62.548203,46.006798,44.50054574958439,0.9984014615208952,0.7
2024-04-03 23:02:00,107.560005,64.44452,43.115486,44.03885921472944,0.9984014615208952,0.7
2024-04-03 23:03:00,35.091576,63.349712,28.258137,38.778618392908825,0.998173098881023,0.5
2024-04-03 23:04:00,112.035,60.68811,51.346893,42.96804336545485,0.9984014615208952,0.7
2024-04-03 23:05:00,35.091576,60.916492,25.824917,37.25366785683644,0.998173098881023,0.5
2024-04-03 23:06:00,35.091576,62.49993,27.408356,33.971897142187835,0.998173098881023,0.5
2024-04-03 23:07:00,35.091576,65.731804,30.640228,32.86134085195335,0.998173098881023,0.5
2024-04-03 23:08:00,111.08,68.839714,42.240288,35.98765649488948,0.998173098881023,0.7
2024-04-03 23:09:00,108.92,67.54422,41.37578,37.78369706267372,0.998173098881023,0.7
2024-04-03 23:10:00,107.775,69.67328,38.101723,37.88970561421087,0.998173098881023,0.7
2024-04-03 23:11:00,106.335,67.64447,38.69053,38.15664669935022,0.998173098881023,0.7
2024-04-03 23:12:00,35.091576,64.353714,29.262138,35.19181058846655,0.998173098881023,0.5
2024-04-03 23:13:00,35.091576,61.121193,26.029617,32.13774616216781,0.998173098881023,0.5
2024-04-03 23:14:00,100.02,63.04424,36.975758,33.750416641070856,0.998173098881023,0.7
2024-04-03 23:15:00,35.091576,64.45282,29.361244,32.28735916126729,0.998173098881023,0.5
2024-04-03 23:16:00,97.22,65.57554,31.644463,32.07306030266127,0.998173098881023,0.7
2024-04-03 23:17:00,100.979996,66.43167,34.548325,32.89814839676116,0.998173098881023,0.7
2024-04-03 23:18:00,106.82,65.24423,41.575768,35.79068810353739,0.998173098881023,0.7
2024-04-03 23:19:00,134.35,62.889305,71.4607,47.680692398614774,0.9984014615208952,0.9
2024-04-03 23:20:00,35.091576,63.47605,28.384476,41.24862016841246,0.9984014615208952,0.5
2024-04-03 23:21:00,136.62,61.939537,74.68046,52.39256613522419,0.9986298241607673,0.7
2024-04-03 23:22:00,132.69,65.53659,67.15341,57.31284804522759,0.9988581868006394,0.7
2024-04-03 23:23:00,126.115,67.36192,58.753075,57.792923578817096,0.9988581868006394,0.9
2024-04-03 23:24:00,120.26,68.841286,51.418716,55.66818786276609,0.9988581868006394,0.9
2024-04-03 23:25:00,35.091576,70.13231,35.040733,48.79236968764484,0.9986298241607673,0.5
2024-04-03 23:26:00,35.091576,69.01044,33.91886,43.83453358814995,0.9984014615208952,0.5
2024-04-03 23:27:00,106.700005,69.49836,37.201645,41.62357069125362,0.9984014615208952,0.7
2024-04-03 23:28:00,103.64001,70.66142,32.978584,38.74190855735267,0.998173098881023,0.7
2024-04-03 23:29:00,35.091576,70.99985,35.90827,37.79736296808538,0.998173098881023,0.5
2024-04-03 23:30:00,35.091576,70.909485,35.81791,37.13754505896448,0.998173098881023,0.5
2024-04-03 23:31:00,35.091576,69.044106,33.95253,36.075873341718506,0.998173098881023,0.5
2024-04-03 23:32:00,91.869995,66.36793,25.502068,32.55127141645166,0.998173098881023,0.7
2024-04-03 23:33:00,90.43,66.35062,24.079384,29.72730889433366,0.998173098881023,0.7
2024-04-03 23:34:00,35.091576,66.73799,31.646416,30.367011166372183,0.998173098881023,0.5
2024-04-03 23:35:00,35.091576,65.19691,30.105331,30.279784584547603,0.998173098881023,0.5
2024-04-03 23:36:00,35.091576,62.656593,27.565018,29.37486228976351,0.997944736241151,0.5
2024-04-03 23:37:00,35.091576,59.92498,24.833405,27.861043040180885,0.9977163736012788,0.5
2024-04-03 23:38:00,91.134995,60.45398,30.681015,28.801033698336738,0.9977163736012788,0.7
2024-04-03 23:39:00,35.091576,61.592407,26.500832,28.034299666892462,0.9977163736012788,0.5
2024-04-03 23:40:00,94.935,60.4385,34.4965,30.18836581389836,0.998173098881023,0.7
2024-04-03 23:41:00,95.09,58.18181,36.908188,32.428306498002556,0.998173098881023,0.7
2024-04-03 23:42:00,35.091576,55.70082,20.609245,28.488619432099362,0.9977163736012788,0.5
2024-04-03 23:43:00,35.091576,53.20327,18.111694,25.02964440004541,0.9972596483215346,0.5
2024-04-03 23:44:00,95.9,56.88309,39.01691,29.692066451023116,0.998173098881023,0.7
2024-04-03 23:45:00,96.41,55.59031,40.819695,33.401275807029734,0.998173098881023,0.7
2024-04-03 23:46:00,96.67,56.6323,40.037697,35.613416150812796,0.998173098881023,0.7
2024-04-03 23:47:00,96.75,58.61802,38.13198,36.45293773254056,0.998173098881023,0.9
2024-04-03 23:48:00,96.840004,57.649693,39.19031,37.36539563232196,0.998173098881023,0.9
2024-04-03 23:49:00,35.091576,55.10376,20.012184,31.58099180257011,0.998173098881023,0.5
2024-04-03 23:50:00,96.83,57.383953,39.44605,34.2026774472375,0.998173098881023,0.7
2024-04-03 23:51:00,96.655,59.001923,37.653076,35.35281035545,0.998173098881023,0.7
2024-04-03 23:52:00,96.645004,60.20487,36.440136,35.715252222236856,0.998173098881023,0.7
2024-04-03 23:53:00,96.66,61.23276,35.427242,35.61924890784215,0.998173098881023,0.9
2024-04-03 23:54:00,35.091576,62.07161,26.980034,32.739510563398674,0.998173098881023,0.5
2024-04-03 23:55:00,35.091576,61.296913,26.205338,30.56145288373714,0.998173098881023,0.5
2024-04-03 23:56:00,95.509995,61.35402,34.155975,31.759627036423723,0.998173098881023,0.9
2024-04-03 23:57:00,94.7,60.913376,33.78662,32.43529172219915,0.998173098881023,0.7
2024-04-03 23:58:00,94.46,61.442963,33.017036,32.629206627462196,0.998173098881023,0.7
2024-04-03 23:59:00,94.21001,62.180874,32.029133,32.429182032647326,0.998173098881023,0.7
2024-04-04 00:00:00,94.380005,60.986717,33.393288,32.75055057466202,0.998173098881023,0.7
2024-04-04 00:01:00,35.091576,58.164158,23.072582,29.524561131399032,0.998173098881023,0.5
2024-04-04 00:02:00,98.85,58.62191,40.22809,33.092403547234774,0.998173098881023,0.9
2024-04-04 00:03:00,99.61,59.32966,40.280342,35.48838306550678,0.998173098881023,0.9
2024-04-04 00:04:00,98.51,60.27514,38.234863,36.403876470754525,0.998173098881023,0.7
2024-04-04 00:05:00,96.04,60.990456,35.049545,35.95243274319833,0.998173098881023,0.7
2024-04-04 00:06:00,96.520004,61.392776,35.127228,35.67736442319993,0.998173098881023,0.7
2024-04-04 00:07:00,98.19,60.23573,37.954273,36.43633402342561,0.998173098881023,0.9
2024-04-04 00:08:00,100.585,60.451668,40.13333,37.66866644855978,0.998173098881023,0.9
2024-04-04 00:09:00,35.091576,61.186554,26.094978,33.8107704098797,0.998173098881023,0.5
2024-04-04 00:10:00,35.091576,61.87745,26.785873,31.469138077615114,0.998173098881023,0.5
2024-04-04 00:11:00,101.07,62.51422,38.55578,33.83135155288274,0.998173098881023,0.9
2024-04-04 00:12:00,101.015,62.843517,38.171482,35.27806173064904,0.998173098881023,0.9
2024-04-04 00:13:00,100.83,62.556545,38.273457,36.276526678261476,0.998173098881023,0.9
2024-04-04 00:14:00,35.091576,62.62525,27.533676,33.362243167994635,0.998173098881023,0.5
2024-04-04 00:15:00,100.29,61.65104,38.63896,35.121149375993824,0.998173098881023,0.9
2024-04-04 00:16:00,100.315,58.94723,41.36777,37.20335663355643,0.998173098881023,0.7
2024-04-04 00:17:00,100.175,59.272507,40.902496,38.43640320166783,0.998173098881023,0.9
2024-04-04 00:18:00,35.091576,59.681892,24.590317,33.821041058598865,0.998173098881023,0.5
2024-04-04 00:19:00,99.9,60.239086,39.660915,35.7676658306512,0.998173098881023,0.9
2024-04-04 00:20:00,99.9,59.38817,40.511833,37.349054950740125,0.998173098881023,0.9
2024-04-04 00:21:00,35.091576,59.78366,24.692085,33.13006505586451,0.998173098881023,0.5
2024-04-04 00:22:00,99.46,60.246353,39.213646,35.15792534892921,0.998173098881023,0.9
2024-04-04 00:23:00,99.39,60.75367,38.63633,36.317393449579114,0.998173098881023,0.7
2024-04-04 00:24:00,99.305,59.948513,39.356487,37.33042472444272,0.998173098881023,0.7
2024-04-04 00:25:00,99.17,60.21187,38.95813,37.872993110565986,0.998173098881023,0.7
2024-04-04 00:26:00,98.73,60.548447,38.181557,37.97584764093071,0.998173098881023,0.7
2024-04-04 00:27:00,97.265,59.481514,37.783485,37.91172689815303,0.998173098881023,0.7
2024-04-04 00:28:00,97.74,59.707527,38.03247,37.95197483314369,0.998173098881023,0.7
2024-04-04 00:29:00,98.01,60.013756,37.996246,37.96673200139267,0.998173098881023,0.7
2024-04-04 00:30:00,98.12,60.379692,37.74031,37.89125822391022,0.998173098881023,0.7
2024-04-04 00:31:00,98.19,60.814377,37.375626,37.719380686057335,0.998173098881023,0.7
2024-04-04 00:32:00,98.085,61.69049,36.39451,37.27775657797703,0.998173098881023,0.7
2024-04-04 00:33:00,99.905,62.193996,37.711002,37.4221718352692,0.998173098881023,0.7
2024-04-04 00:34:00,101.12,62.502552,38.61745,37.820598128216574,0.998173098881023,0.9
2024-04-04 00:35:00,102.575,62.793793,39.781204,38.474133493355325,0.998173098881023,0.9
2024-04-04 00:36:00,102.76,63.01335,39.74665,38.89830589417048,0.998173098881023,0.7
2024-04-04 00:37:00,102.455,63.593037,38.861965,38.88619232259477,0.998173098881023,0.9
2024-04-04 00:38:00,101.98,63.590008,38.389996,38.720793406713575,0.998173098881023,0.9
2024-04-04 00:39:00,101.635,64.042656,37.592346,38.34464433494447,0.998173098881023,0.9
2024-04-04 00:40:00,101.425,63.839874,37.58513,38.09147248468955,0.998173098881023,0.9
2024-04-04 00:41:00,101.04,63.813488,37.226513,37.80315262610488,0.998173098881023,0.9
2024-04-04 00:42:00,100.905,63.811012,37.093987,37.566763921146745,0.998173098881023,0.9
2024-04-04 00:43:00,100.61,63.820595,36.789406,37.3076445550158,0.998173098881023,0.9
2024-04-04 00:44:00,98.62,63.896168,34.723835,36.44637470049556,0.998173098881023,0.9
2024-04-04 00:45:00,99.05,63.95346,35.096542,35.99643058646319,0.998173098881023,0.9
2024-04-04 00:46:00,35.091576,64.018105,28.926529,33.639796701196815,0.998173098881023,0.5
2024-04-04 00:47:00,99.27,64.18262,35.08738,34.12232428598668,0.998173098881023,0.9
2024-04-04 00:48:00,99.17,64.2663,34.9037,34.38278345139997,0.998173098881023,0.7
2024-04-04 00:49:00,99.020004,64.833595,34.18641,34.31732529979399,0.998173098881023,0.7
2024-04-04 00:50:00,99.11,64.9644,34.1456,34.26008332160745,0.998173098881023,0.7
2024-04-04 00:51:00,35.091576,64.99265,29.901077,32.80708130457424,0.998173098881023,0.5
2024-04-04 00:52:00,97.89,64.11165,33.77835,33.13083781307554,0.998173098881023,0.7
2024-04-04 00:53:00,96.48,64.123924,32.35608,32.87258490923786,0.998173098881023,0.7
2024-04-04 00:54:00,95.39,64.18739,31.202606,32.31592533988253,0.998173098881023,0.7
2024-04-04 00:55:00,92.81,64.67169,28.138306,30.923385447942522,0.998173098881023,0.7
2024-04-04 00:56:00,35.091576,65.07031,29.978737,30.60850259110882,0.998173098881023,0.5
2024-04-04 00:57:00,88.89,63.82747,25.06253,28.759845233265256,0.9977163736012788,0.7
2024-04-04 00:58:00,87.134995,63.17344,23.961555,27.160415315829184,0.9977163736012788,0.7
2024-04-04 00:59:00,85.51,62.694267,22.815735,25.712188498313207,0.9972596483215346,0.7
2024-04-04 01:00:00,84.134995,62.249687,21.885307,24.436561436212713,0.9965745604019183,0.7
2024-04-04 01:01:00,35.091576,61.842243,26.750668,25.20793014814897,0.9972596483215346,0.5
2024-04-04 01:02:00,81.335,60.78236,20.552639,23.656166434622104,0.996117835122174,0.7
2024-04-04 01:03:00,79.990005,60.250393,19.739613,22.350648482863306,0.9947476592829413,0.7
2024-04-04 01:04:00,78.725,60.004097,18.720901,21.140732818328143,0.9926923955240923,0.7
2024-04-04 01:05:00,77.41499,59.780067,17.634926,19.972130492980483,0.990180406485499,0.7
2024-04-04 01:06:00,76.255005,59.67043,16.584576,18.842945546345714,0.9865266042475451,0.7
2024-04-04 01:07:00,75.05,58.724953,16.32505,18.003647148898445,0.9828728020095913,0.7
2024-04-04 01:08:00,73.935,57.997948,15.93705,17.31478138783985,0.9805891756108701,0.7
2024-04-04 01:09:00,72.765,57.72728,15.03772,16.555760834080736,0.9778488239324047,0.7
2024-04-04 01:10:00,35.091576,57.504875,22.4133,18.508273742902784,0.9849280657684403,0.0
2024-04-04 01:11:00,70.615,57.30539,13.309608,16.77538531509274,0.9787622744918931,0.7
2024-04-04 01:12:00,69.555,57.098904,12.456097,15.335622426451803,0.9689426809773921,0.7
2024-04-04 01:13:00,35.091576,56.890358,21.798782,17.490009067178807,0.9810459008906143,0.0
2024-04-04 01:14:00,67.25,56.6764,10.573601,15.184539634466862,0.9678008677780315,0.7
2024-04-04 01:15:00,66.259995,56.44156,9.818436,13.395838312626347,0.9522722082667275,0.7
2024-04-04 01:16:00,65.93,55.668037,10.261963,12.351213171959232,0.9399406257136332,0.7
2024-04-04 01:17:00,64.77,54.98706,9.782936,11.495120813369958,0.9298926695592601,0.7
2024-04-04 01:18:00,64.17,54.656105,9.513893,10.834711584727108,0.9207581639643754,0.7
2024-04-04 01:19:00,64.945,53.63396,11.311039,10.993487380133828,0.9223567024434802,0.7
2024-04-04 01:20:00,66.795,52.924217,13.870781,11.952585235030625,0.9346882849965745,0.7
2024-04-04 01:21:00,69.02,52.714157,16.30584,13.40367000287849,0.9525005709065997,0.7
2024-04-04 01:22:00,70.034996,52.66682,17.368176,14.725171837449594,0.9646037908198218,0.7
2024-04-04 01:23:00,35.091576,52.6621,17.570526,15.673623265982021,0.9721397579356017,0.0
2024-04-04 01:24:00,77.44,53.17263,24.267372,18.5382062211039,0.9849280657684403,0.9
2024-04-04 01:25:00,77.785,53.474163,24.31084,20.46241768296575,0.9906371317652432,0.7
2024-04-04 01:26:00,78.34,53.64538,24.694618,21.87315119700972,0.994062571363325,0.9
2024-04-04 01:27:00,79.615005,53.559914,26.055092,23.267131417309866,0.996117835122174,0.9
2024-04-04 01:28:00,82.15,52.676468,29.473534,25.335932154996943,0.9972596483215346,0.7
2024-04-04 01:29:00,83.78,51.553467,32.226532,27.632798764138588,0.9977163736012788,0.9
2024-04-04 01:30:00,35.091576,51.179752,16.088177,23.784591418524034,0.9965745604019183,0.5
2024-04-04 01:31:00,85.380005,50.887474,34.49253,27.353904553267327,0.9977163736012788,0.9
2024-04-04 01:32:00,85.385,51.046097,34.338905,29.682238147002437,0.998173098881023,0.9
2024-04-04 01:33:00,85.01,57.92022,27.089783,28.818086336282875,0.9977163736012788,0.9
2024-04-04 01:34:00,86.08,60.151714,25.928288,27.854820059556424,0.9977163736012788,0.9
2024-04-04 01:35:00,35.091576,59.143177,24.051601,26.587080509674987,0.9974880109614067,0.5
2024-04-04 01:36:00,90.93,57.213898,33.716103,28.963421206482547,0.9977163736012788,0.9
2024-04-04 01:37:00,35.091576,56.69877,21.607193,26.511345135376388,0.9974880109614067,0.5
2024-04-04 01:38:00,35.091576,56.233566,21.14199,24.72156031079129,0.9968029230417904,0.5
2024-04-04 01:39:00,35.091576,55.57528,20.483704,23.308941411621277,0.996117835122174,0.5
2024-04-04 01:40:00,91.825,54.314804,37.510193,28.042691898112103,0.9977163736012788,0.9
2024-04-04 01:41:00,35.091576,52.494186,17.40261,24.4959981916776,0.9965745604019183,0.5
2024-04-04 01:42:00,91.990005,52.634712,39.355293,29.449096552426997,0.998173098881023,0.9
2024-04-04 01:43:00,35.091576,50.749706,15.658131,24.85210791686865,0.9968029230417904,0.5
2024-04-04 01:44:00,35.091576,48.046745,12.95517,20.886461837157228,0.992235670244348,0.5
2024-04-04 01:45:00,90.82,45.20094,45.61906,29.130661396890627,0.9977163736012788,0.7
2024-04-04 01:46:00,91.7,46.710648,44.98935,34.416890719671876,0.998173098881023,0.9
2024-04-04 01:47:00,35.091576,46.26208,11.170506,26.6680956543418,0.9974880109614067,0.5
2024-04-04 01:48:00,35.091576,47.86612,12.774544,22.036911690296883,0.9942909340031971,0.5
2024-04-04 01:49:00,35.091576,47.401352,12.309776,18.79453322891537,0.9858415163279287,0.0
2024-04-04 01:50:00,97.29,45.51909,51.770912,29.786659542746968,0.998173098881023,0.7
2024-04-04 01:51:00,97.22,46.966415,50.253586,36.60896830030788,0.998173098881023,0.9
2024-04-04 01:52:00,97.14,49.1061,48.0339,40.41727927173846,0.9984014615208952,0.7
2024-04-04 01:53:00,35.091576,49.0232,13.931625,31.588727969895956,0.998173098881023,0.5
2024-04-04 01:54:00,96.89,47.334503,49.555496,37.57765071853741,0.998173098881023,0.7
2024-04-04 01:55:00,96.815,45.09321,51.721794,42.2923651884976,0.9984014615208952,0.9
2024-04-04 01:56:00,96.715,47.47989,49.235107,44.6066125996234,0.9984014615208952,0.7
2024-04-04 01:57:00,35.091576,49.89956,14.807983,34.67373619922811,0.998173098881023,0.5
2024-04-04 01:58:00,96.78,52.02613,44.75387,38.03378016716119,0.998173098881023,0.7
2024-04-04 01:59:00,95.005005,52.084896,42.92011,39.662556376496134,0.9984014615208952,0.7
2024-04-04 02:00:00,35.091576,53.49865,18.407074,32.577395575867214,0.998173098881023,0.5
2024-04-04 02:01:00,92.770004,54.78955,37.980453,34.37841488098179,0.998173098881023,0.9
2024-04-04 02:02:00,91.380005,55.966194,35.41381,34.72354683064802,0.998173098881023,0.7
2024-04-04 02:03:00,91.745,55.59353,36.151474,35.19952255343983,0.998173098881023,0.7
2024-04-04 02:04:00,93.35,55.664528,37.68547,36.02817189597812,0.998173098881023,0.7
2024-04-04 02:05:00,93.75,56.478386,37.271614,36.44265262222109,0.998173098881023,0.7
2024-04-04 02:06:00,96.350006,55.578236,40.77177,37.8856919072457,0.998173098881023,0.7
2024-04-04 02:07:00,97.244995,55.893143,41.351852,39.04107874382787,0.998173098881023,0.9
2024-04-04 02:08:00,96.47,56.56145,39.90855,39.33023591670231,0.998173098881023,0.7
2024-04-04 02:09:00,96.755,57.366974,39.388023,39.34949840328982,0.9984014615208952,0.7
2024-04-04 02:10:00,35.091576,58.176033,23.084457,33.92781806801353,0.998173098881023,0.5
2024-04-04 02:11:00,101.729996,58.08456,43.645435,37.167023823093004,0.998173098881023,0.9
2024-04-04 02:12:00,102.235,58.616013,43.618988,39.31767856109846,0.998173098881023,0.7
2024-04-04 02:13:00,102.2,58.789154,43.410843,40.68206667256825,0.9984014615208952,0.9
2024-04-04 02:14:00,101.915,59.163204,42.751797,41.37197668918287,0.9984014615208952,0.9
2024-04-04 02:15:00,35.091576,59.0429,23.951324,35.56509261375213,0.998173098881023,0.5
2024-04-04 02:16:00,104.235,58.236397,45.998604,39.042929682768346,0.998173098881023,0.9
2024-04-04 02:17:00,105.82001,58.27333,47.546677,41.87751200042629,0.9984014615208952,0.9
2024-04-04 02:18:00,105.81,58.67799,47.132008,43.62901053324318,0.9984014615208952,0.9
2024-04-04 02:19:00,35.091576,59.081596,23.99002,37.082680606146496,0.998173098881023,0.5
2024-04-04 02:20:00,105.1,59.464878,45.63512,39.933493868046234,0.9984014615208952,0.9
2024-04-04 02:21:00,104.725,58.668816,46.056183,41.9743901991402,0.9984014615208952,0.9
2024-04-04 02:22:00,103.54,58.886776,44.653225,42.86733511444959,0.9984014615208952,0.9
2024-04-04 02:23:00,35.091576,59.30435,24.212776,36.64914880432707,0.998173098881023,0.5
2024-04-04 02:24:00,99.955,59.834305,40.120697,37.80633154337951,0.998173098881023,0.9
2024-04-04 02:25:00,35.091576,59.091244,23.999668,33.20411040269897,0.998173098881023,0.5
2024-04-04 02:26:00,100.17,59.531532,40.638466,35.68222889558187,0.998173098881023,0.7
2024-04-04 02:27:00,102.015,60.30432,41.71068,37.69171196391656,0.998173098881023,0.7
2024-04-04 02:28:00,103.59,61.370758,42.21924,39.20088740302771,0.998173098881023,0.9
2024-04-04 02:29:00,103.225,60.49485,42.73015,40.377307707161705,0.9984014615208952,0.9
2024-04-04 02:30:00,102.065,60.407417,41.657585,40.80406685278879,0.9984014615208952,0.7
2024-04-04 02:31:00,100.17,58.910088,41.25991,40.95601476302456,0.9984014615208952,0.7
2024-04-04 02:32:00,97.805,59.46591,38.33909,40.08370598866351,0.9984014615208952,0.7
2024-04-04 02:33:00,35.091576,60.452053,25.360477,35.175963141612264,0.998173098881023,0.5
2024-04-04 02:34:00,35.091576,61.122242,26.030666,32.12753087818096,0.998173098881023,0.5
2024-04-04 02:35:00,91.869995,61.349396,30.5206,31.5918870405321,0.998173098881023,0.7
2024-04-04 02:36:00,90.16,61.27237,28.887634,30.690469452802652,0.998173098881023,0.7
2024-04-04 02:37:00,88.79,61.215603,27.574398,29.6517789821256,0.998173098881023,0.7
2024-04-04 02:38:00,87.0,61.186836,25.813164,28.372240573858477,0.9977163736012788,0.7
2024-04-04 02:39:00,35.091576,60.25702,25.165443,27.303308189375706,0.9977163736012788,0.5
2024-04-04 02:40:00,87.425,58.121452,29.30355,27.97005569965542,0.9977163736012788,0.7
2024-04-04 02:41:00,88.09,57.682938,30.407059,28.782390038377052,0.9977163736012788,0.7
2024-04-04 02:42:00,87.5,57.990932,29.509068,29.024615870718165,0.9977163736012788,0.7
2024-04-04 02:43:00,35.091576,58.317394,23.225819,27.091683458489847,0.9977163736012788,0.5
2024-04-04 02:44:00,85.86,58.800568,27.059433,27.080933300126045,0.9977163736012788,0.7
2024-04-04 02:45:00,35.091576,57.988255,22.896679,25.686181841604213,0.9972596483215346,0.5
2024-04-04 02:46:00,84.3,58.015568,26.284435,25.88559965180841,0.9972596483215346,0.7
2024-04-04 02:47:00,83.365,58.774456,24.590542,25.453913714405477,0.9972596483215346,0.7
2024-04-04 02:48:00,81.655,59.133957,22.521042,24.476289766309385,0.9965745604019183,0.7
2024-04-04 02:49:00,79.520004,58.112827,21.407177,23.45325216801811,0.996117835122174,0.7
2024-04-04 02:50:00,78.22,58.112373,20.107628,22.33804406822952,0.9947476592829413,0.7
2024-04-04 02:51:00,76.78,56.616844,20.163155,21.613080912836608,0.9936058460835807,0.7
2024-04-04 02:52:00,75.85,55.823547,20.026451,21.08420431217102,0.9926923955240923,0.7
2024-04-04 02:53:00,75.17,55.7157,19.4543,20.54090285036662,0.9913222196848596,0.7
2024-04-04 02:54:00,35.091576,55.809086,20.71751,20.599771974707306,0.9913222196848596,0.5
2024-04-04 02:55:00,35.091576,55.954544,20.862968,20.687504131412943,0.9915505823247317,0.5
2024-04-04 02:56:00,35.091576,56.06425,20.972675,20.782561195437406,0.9917789449646038,0.5
2024-04-04 02:57:00,69.82,56.158894,13.661106,18.408742833497985,0.9849280657684403,0.7
2024-04-04 02:58:00,69.215,56.205925,13.009071,16.60885233903121,0.9778488239324047,0.7
2024-04-04 02:59:00,68.38,56.2386,12.141396,15.11970008230336,0.9673441424982873,0.7
2024-04-04 03:00:00,35.091576,55.643486,20.55191,16.930436854999115,0.9792189997716374,0.0
2024-04-04 03:01:00,66.515,53.644844,12.870155,15.577009681490296,0.9709979447362411,0.7
2024-04-04 03:02:00,35.091576,51.159428,16.067852,15.740623794414756,0.9728248458552181,0.0
2024-04-04 03:03:00,64.675,50.8732,13.801804,15.094350392565568,0.9671157798584151,0.7
2024-04-04 03:04:00,64.45,57.664528,6.785469,12.324723280102308,0.9397122630737611,0.7
2024-04-04 03:05:00,64.7,57.30193,7.3980675,10.682504678189952,0.9177894496460379,0.7
2024-04-04 03:06:00,64.89,57.338295,7.5517044,9.638904587706062,0.8986069878967801,0.7
2024-04-04 03:07:00,64.869995,57.36109,7.5089035,8.928904226276698,0.88673213062343,0.7
2024-04-04 03:08:00,64.7,55.97534,8.724655,8.860821201306862,0.884905229504453,0.7
2024-04-04 03:09:00,64.78999,57.193283,7.59671,8.439450869230617,0.876912537108929,0.7
