devicetime,actual_deg,pred_deg,resid_deg,dev,score01,rule01
2024-12-01 11:32:58,94.16361,71.434456,22.729156,22.729156494140625,1.0,0.0
2024-12-01 11:32:59,94.13919,71.43435,22.704842,22.72105153401693,1.0,0.0
2024-12-01 11:32:59,94.13919,71.43424,22.704948,22.715683831108944,1.0,0.0
2024-12-01 11:33:00,94.16361,71.43414,22.72947,22.720278987178098,1.0,0.0
2024-12-01 11:33:00,94.16361,71.434044,22.729568,22.72337548526717,1.0,0.0
2024-12-01 11:33:01,94.21245,71.43399,22.778458,22.741736204045303,1.0,0.0
2024-12-01 11:33:01,94.21245,71.43395,22.778496,22.753989398888276,1.0,0.0
2024-12-01 11:33:02,94.16361,71.43392,22.72969,22.74588978317812,1.0,0.0
2024-12-01 11:33:02,94.16361,71.4339,22.729713,22.740497668765883,1.0,0.0
2024-12-01 11:33:03,94.21245,71.43385,22.778595,22.75319676941163,1.0,0.0
2024-12-01 11:33:03,94.21245,71.43381,22.77864,22.76167809529786,1.0,0.0
2024-12-01 11:33:04,94.11478,71.43376,22.681015,22.734790401748054,1.0,0.0
2024-12-01 11:33:04,94.11478,71.433716,22.68106,22.71688053150391,1.0,0.0
2024-12-01 11:33:05,94.21245,71.4337,22.778748,22.737502873867193,1.0,0.0
2024-12-01 11:33:05,94.21245,71.43368,22.77877,22.75125873150391,1.0,0.0
2024-12-01 11:33:06,94.04151,71.43363,22.60788,22.7034657005599,1.0,0.0
2024-12-01 11:33:06,94.04151,71.43356,22.607948,22.671626568114153,1.0,0.0
2024-12-01 11:33:07,94.090355,71.43349,22.656868,22.66670703906178,1.0,0.0
2024-12-01 11:33:07,94.090355,71.4334,22.656952,22.66345532747348,1.0,0.0
2024-12-01 11:33:08,93.992676,71.43335,22.559326,22.628745608940655,1.0,0.0
2024-12-01 11:33:08,93.992676,71.43331,22.559364,22.60561851224299,1.0,0.0
2024-12-01 11:33:09,93.89499,71.43329,22.4617,22.557645821313038,1.0,0.0
2024-12-01 11:33:09,93.89499,71.43327,22.461716,22.525669113622754,1.0,0.0
2024-12-01 11:33:10,93.84615,71.433266,22.412888,22.488075266829235,1.0,0.0
2024-12-01 11:33:10,93.84615,71.43324,22.41291,22.46302033169475,1.0,0.0
2024-12-01 11:33:11,93.77289,71.43325,22.339638,22.421892806579052,1.0,0.0
2024-12-01 11:33:11,93.77289,71.43326,22.33963,22.39447191337041,1.0,0.0
2024-12-01 11:33:12,93.870575,71.43329,22.437286,22.408743401231316,1.0,0.0
2024-12-01 11:33:12,93.870575,71.43333,22.437248,22.418245010814367,1.0,0.0
2024-12-01 11:33:13,93.91941,71.433395,22.486015,22.440835113817652,1.0,0.0
2024-12-01 11:33:13,93.91941,71.43346,22.485954,22.455874837434425,1.0,0.0
2024-12-01 11:33:14,93.77289,71.43352,22.33937,22.417040134135974,1.0,0.0
2024-12-01 11:33:14,93.77289,71.43358,22.33931,22.39112998688492,1.0,0.0
2024-12-01 11:33:15,93.60195,71.43361,22.168343,22.316867521367293,1.0,0.0
2024-12-01 11:33:15,93.60195,71.433624,22.168327,22.267354124759187,1.0,0.0
2024-12-01 11:33:16,93.84615,71.43366,22.41249,22.31573303141498,1.0,0.0
2024-12-01 11:33:16,93.84615,71.43369,22.41246,22.347975463326133,1.0,0.0
2024-12-01 11:33:17,93.69963,71.4337,22.26593,22.320627034144508,1.0,0.0
2024-12-01 11:33:17,93.69963,71.4337,22.26593,22.302394748023424,1.0,0.0
2024-12-01 11:33:19,93.748474,71.433716,22.314758,22.306515932276035,1.0,0.0
2024-12-01 11:33:19,93.72405,71.43375,22.290306,22.301112651953556,1.0,0.0
2024-12-01 11:33:19,93.748474,71.43375,22.314728,22.305651029036746,1.0,0.0
2024-12-01 11:33:19,93.72405,71.43374,22.290314,22.30053859292554,1.0,0.0
2024-12-01 11:33:21,93.65079,71.43372,22.217064,22.272713696553225,1.0,0.0
2024-12-01 11:33:21,93.65079,71.43372,22.217064,22.25416376563835,1.0,0.0
2024-12-01 11:33:22,93.62637,71.433716,22.192657,22.233661667326608,1.0,0.0
2024-12-01 11:33:22,93.62637,71.43374,22.192635,22.219985972390916,1.0,0.0
2024-12-01 11:33:23,93.40659,71.43375,21.972847,22.137606309881704,1.0,0.0
2024-12-01 11:33:23,93.40659,71.43378,21.972816,22.082676362349524,1.0,0.0
2024-12-01 11:33:24,93.528694,71.433754,22.09494,22.086764303415308,1.0,0.0
2024-12-01 11:33:24,93.528694,71.43373,22.094963,22.089497226853695,1.0,0.0
2024-12-01 11:33:27,93.431015,71.433754,21.997261,22.058751833690224,1.0,0.0
2024-12-01 11:33:27,93.431015,71.433784,21.99723,22.038244732388534,1.0,0.0
2024-12-01 11:33:28,93.33333,71.4338,21.899529,21.992005989398347,1.0,0.0
2024-12-01 11:33:28,93.33333,71.43381,21.89952,21.96117761760671,1.0,0.0
2024-12-01 11:33:29,93.308914,71.4338,21.875114,21.932489892043797,1.0,0.0
2024-12-01 11:33:29,93.308914,71.43379,21.875122,21.91336728480003,1.0,0.0
2024-12-01 11:33:30,93.23566,71.43381,21.80185,21.876194644944814,1.0,0.0
2024-12-01 11:33:30,93.23566,71.43383,21.801826,21.851405255646803,1.0,0.0
2024-12-01 11:33:31,93.35775,71.43383,21.92392,21.875576729675995,1.0,0.0
2024-12-01 11:33:31,93.35775,71.43382,21.923927,21.891693588826968,1.0,0.0
2024-12-01 11:33:32,93.40659,71.43382,21.97277,21.91871928952397,1.0,0.0
2024-12-01 11:33:32,93.40659,71.43382,21.97277,21.93673642332197,1.0,0.0
2024-12-01 11:33:33,93.26007,71.4338,21.826271,21.89991463459095,1.0,0.0
2024-12-01 11:33:33,93.26007,71.43378,21.826294,21.87537440483147,1.0,0.0
2024-12-01 11:33:34,93.23566,71.43376,21.801895,21.850881317088167,1.0,0.0
2024-12-01 11:33:34,93.23566,71.43376,21.801895,21.834552591925966,1.0,0.0
2024-12-01 11:33:35,93.38217,71.43373,21.94844,21.87251524520325,1.0,0.0
2024-12-01 11:33:35,93.38217,71.433716,21.948456,21.89782876698446,1.0,0.0
2024-12-01 11:33:36,93.13797,71.433685,21.704285,21.833314067312557,1.0,0.0
2024-12-01 11:33:36,93.13797,71.43367,21.7043,21.79030935379431,1.0,0.0
2024-12-01 11:33:37,93.21123,71.43365,21.77758,21.786066322939696,1.0,0.0
2024-12-01 11:33:37,93.21123,71.433624,21.777603,21.78324526509782,1.0,0.0
2024-12-01 11:33:38,93.26007,71.4336,21.82647,21.79765331719412,1.0,0.0
2024-12-01 11:33:38,93.26007,71.43357,21.8265,21.80726885778436,1.0,0.0
2024-12-01 11:33:39,93.40659,71.433525,21.973068,21.86253531762447,1.0,0.0
2024-12-01 11:33:39,93.40659,71.43348,21.973114,21.899394882973606,1.0,0.0
2024-12-01 11:33:40,93.26007,71.43343,21.826637,21.875142344671207,1.0,0.0
2024-12-01 11:33:40,93.26007,71.43339,21.826683,21.858989244592003,1.0,0.0
2024-12-01 11:33:41,93.01587,71.43333,21.582542,21.766840302872534,1.0,0.0
2024-12-01 11:33:41,93.01587,71.433266,21.582603,21.70542802011164,1.0,0.0
2024-12-01 11:33:42,93.16239,71.43322,21.729172,21.713342597717656,1.0,0.0
2024-12-01 11:33:42,93.16239,71.4332,21.729195,21.718626612182867,1.0,0.0
2024-12-01 11:33:43,93.23566,71.43316,21.802498,21.74658369604509,1.0,0.0
2024-12-01 11:33:43,93.23566,71.433105,21.802551,21.765239553873812,1.0,0.0
2024-12-01 11:33:44,93.089134,71.43307,21.656067,21.72884866742629,1.0,0.0
2024-12-01 11:33:44,93.089134,71.433044,21.65609,21.70459570585581,1.0,0.0
2024-12-01 11:33:45,93.13797,71.432976,21.704994,21.704728537790594,1.0,0.0
2024-12-01 11:33:45,93.13797,71.432915,21.705055,21.704837437465866,1.0,0.0
2024-12-01 11:33:46,92.991455,71.43286,21.558594,21.65608954164391,1.0,0.0
2024-12-01 11:33:46,92.991455,71.432816,21.55864,21.623606203218337,1.0,0.0
2024-12-01 11:33:47,93.18681,71.43276,21.754051,21.667087871644256,1.0,0.0
2024-12-01 11:33:47,93.18681,71.43272,21.754097,21.696090909383933,1.0,0.0
2024-12-01 11:33:48,93.113556,71.43265,21.680908,21.691030007297623,1.0,0.0
2024-12-01 11:33:48,93.113556,71.432594,21.680962,21.68767387449399,1.0,0.0
2024-12-01 11:33:49,93.26007,71.432526,21.827545,21.734297638334535,1.0,0.0
2024-12-01 11:33:50,92.89377,71.43246,21.461311,21.643302205667034,1.0,0.0
2024-12-01 11:33:51,92.89377,71.43238,21.461388,21.582664015203804,1.0,0.0
2024-12-01 11:33:52,93.16239,71.43231,21.73008,21.631802560428838,1.0,0.0
2024-12-01 11:33:53,92.94261,71.432236,21.510376,21.591327032473394,1.0,0.0
2024-12-01 11:33:54,92.79609,71.43217,21.363922,21.515525394695807,1.0,0.0
2024-12-01 11:33:55,93.13797,71.432106,21.705864,21.57897158067611,1.0,0.0
2024-12-01 11:33:56,92.91819,71.432045,21.486145,21.548029393627825,1.0,0.0
2024-12-01 11:33:57,92.84493,71.431984,21.412949,21.50300246521803,1.0,0.0
2024-12-01 11:33:58,92.77167,71.43189,21.339775,21.448593338628427,1.0,0.0
2024-12-01 11:33:59,92.96703,71.4318,21.535233,21.477473073734057,1.0,0.0
2024-12-01 11:34:00,92.89377,71.43171,21.462059,21.472335056154737,1.0,0.0
2024-12-01 11:34:01,92.89377,71.4316,21.462166,21.468945314943003,1.0,0.0
2024-12-01 11:34:03,93.113556,71.43151,21.682045,21.53997853759872,1.0,0.0
2024-12-01 11:34:04,92.96703,71.43144,21.535591,21.53851606689524,1.0,0.0
2024-12-01 11:34:05,92.74725,71.431404,21.31585,21.464293812663236,1.0,0.0
2024-12-01 11:34:06,92.74725,71.43135,21.315903,21.41483011176247,1.0,0.0
2024-12-01 11:34:07,92.869354,71.43133,21.438026,21.4225622172492,1.0,0.0
2024-12-01 11:34:08,92.869354,71.4313,21.438057,21.427727126766396,1.0,0.0
2024-12-01 11:34:09,92.649574,71.43125,21.218323,21.357925669146347,1.0,0.0
2024-12-01 11:34:10,92.649574,71.43123,21.218346,21.31139899346085,1.0,0.0
2024-12-01 11:34:11,92.869354,71.43124,21.438118,21.35363865595958,1.0,0.0
2024-12-01 11:34:12,92.649574,71.431244,21.21833,21.308535898406646,1.0,0.0
2024-12-01 11:34:13,92.649574,71.43123,21.218346,21.27847247963438,1.0,0.0
2024-12-01 11:34:14,92.57631,71.43122,21.145088,21.234011051689848,1.0,0.0
2024-12-01 11:34:15,92.84493,71.43121,21.41372,21.293913760208596,1.0,0.0
2024-12-01 11:34:16,92.84493,71.43123,21.413704,21.333843812958076,1.0,0.0
2024-12-01 11:34:17,92.50305,71.431206,21.071846,21.246511211405647,1.0,0.0
2024-12-01 11:34:18,92.77167,71.43121,21.340454,21.2778255081246,1.0,0.0
2024-12-01 11:34:19,92.84493,71.43123,21.413704,21.323118311568745,1.0,0.0
2024-12-01 11:34:20,92.62515,71.43124,21.193916,21.28005098131276,1.0,0.0
2024-12-01 11:34:21,92.47863,71.43124,21.047394,21.202498587151215,1.0,0.0
2024-12-01 11:34:22,92.551895,71.43123,21.120667,21.17522122606956,1.0,0.0
2024-12-01 11:34:23,92.551895,71.43124,21.120659,21.157033775550282,1.0,0.0
2024-12-01 11:34:24,92.551895,71.43124,21.120659,21.14490880853743,1.0,0.0
2024-12-01 11:34:25,92.40537,71.431206,20.974167,21.087994829064016,1.0,0.0
2024-12-01 11:34:26,92.40537,71.4312,20.974174,21.05005471921325,1.0,0.0
2024-12-01 11:34:27,92.47863,71.431206,21.047424,21.049177918277586,1.0,0.0
2024-12-01 11:34:28,92.38095,71.4312,20.949753,21.01603621472412,1.0,0.0
2024-12-01 11:34:29,92.60073,71.4312,21.169533,21.06720173510905,1.0,0.0
2024-12-01 11:34:30,92.33211,71.43122,20.900887,21.011763335287547,1.0,0.0
2024-12-01 11:34:31,92.40537,71.43122,20.974152,20.999226093967742,1.0,0.0
2024-12-01 11:34:32,92.40537,71.431244,20.974129,20.99086030369334,1.0,0.0
2024-12-01 11:34:33,92.47863,71.431244,21.047386,21.00970225894009,1.0,0.0
2024-12-01 11:34:34,92.47863,71.431244,21.047386,21.022263562437928,1.0,0.0
2024-12-01 11:34:35,92.45421,71.43124,21.022972,21.022499743936486,1.0,0.0
2024-12-01 11:34:36,92.45421,71.43123,21.02298,21.022659741400368,1.0,0.0
2024-12-01 11:34:39,92.45421,71.43121,21.022995,21.022771492639308,1.0,0.0
2024-12-01 11:34:40,92.38095,71.43119,20.94976,20.99843447409678,1.0,0.0
2024-12-01 11:34:41,92.38095,71.431175,20.949776,20.982214881331448,1.0,0.0
2024-12-01 11:34:42,92.01465,71.43117,20.58348,20.849303532541278,1.0,0.0
2024-12-01 11:34:43,92.23443,71.43115,20.803276,20.83396104236476,1.0,0.0
2024-12-01 11:34:45,92.16117,71.43112,20.73005,20.799323739343436,1.0,0.0
2024-12-01 11:34:46,92.16117,71.43108,20.730087,20.776244919653436,1.0,0.0
2024-12-01 11:34:47,92.08791,71.43102,20.65689,20.736460236149167,1.0,0.0
2024-12-01 11:34:48,92.23443,71.430954,20.803474,20.758798299522624,1.0,0.0
2024-12-01 11:34:49,92.16117,71.43091,20.730263,20.749286451797637,1.0,0.0
2024-12-01 11:34:50,92.08791,71.43085,20.657066,20.71854641627004,1.0,0.0
2024-12-01 11:34:51,92.08791,71.43081,20.657104,20.698065774909196,1.0,0.0
2024-12-01 11:34:52,91.74603,71.43077,20.315262,20.570464463546237,1.0,0.0
2024-12-01 11:34:53,91.94139,71.43077,20.51062,20.550516348093325,1.0,0.0
2024-12-01 11:34:54,92.03907,71.43077,20.6083,20.569777317185917,1.0,0.0
2024-12-01 11:34:55,91.86813,71.43076,20.43737,20.525641644888267,1.0,0.0
2024-12-01 11:34:56,91.67277,71.43077,20.241997,20.431093351637752,1.0,0.0
2024-12-01 11:34:57,91.79487,71.430786,20.364082,20.408756346567095,1.0,0.0
2024-12-01 11:34:58,91.94139,71.43079,20.510597,20.442703307379368,1.0,0.0
2024-12-01 11:34:59,91.86813,71.430786,20.437347,20.44091800895604,1.0,0.0
2024-12-01 11:35:00,91.74603,71.43077,20.315262,20.399032619577465,1.0,0.0
2024-12-01 11:35:01,91.74603,71.43076,20.31527,20.371111569789925,1.0,0.0
2024-12-01 11:35:02,91.52625,71.43076,20.09549,20.279237547177658,1.0,0.0
2024-12-01 11:35:03,91.59951,71.43077,20.16874,20.24240480440099,1.0,0.0
2024-12-01 11:35:04,91.81929,71.43078,20.388512,20.29110708883894,1.0,0.0
2024-12-01 11:35:05,91.67277,71.43076,20.242004,20.274739524069712,1.0,0.0
2024-12-01 11:35:06,91.74603,71.43076,20.31527,20.288249506118092,1.0,0.0
2024-12-01 11:35:07,91.74603,71.430786,20.315247,20.29724853142248,1.0,0.0
2024-12-01 11:35:08,91.59951,71.4308,20.168709,20.254401954704832,1.0,0.0
2024-12-01 11:35:09,91.59951,71.4308,20.168709,20.2258375702264,1.0,0.0
2024-12-01 11:35:10,91.59951,71.4308,20.168709,20.206794647240777,1.0,0.0
2024-12-01 11:35:11,91.52625,71.43079,20.095459,20.16968275961885,1.0,0.0
2024-12-01 11:35:12,91.52625,71.43078,20.095474,20.144946587467256,1.0,0.0
2024-12-01 11:35:13,91.59951,71.43078,20.168732,20.15287495479588,1.0,0.0
2024-12-01 11:35:14,91.59951,71.43078,20.168732,20.158160533014964,1.0,0.0
2024-12-01 11:35:15,91.59951,71.430786,20.168724,20.161681708696175,1.0,0.0
2024-12-01 11:35:16,91.59951,71.43079,20.168716,20.164026616018806,1.0,0.0
2024-12-01 11:35:17,91.45299,71.43081,20.022179,20.11674396064665,1.0,0.0
2024-12-01 11:35:18,91.45299,71.430824,20.022163,20.08521710413553,1.0,0.0
2024-12-01 11:35:19,91.08669,71.430824,19.655869,19.94210091284817,1.0,0.0
2024-12-01 11:35:20,91.08669,71.43083,19.65586,19.84668757552508,1.0,0.0
2024-12-01 11:35:22,91.03785,71.43085,19.607002,19.76679246978365,1.0,0.0
2024-12-01 11:35:23,91.03785,71.430855,19.606995,19.713526522824516,1.0,0.0
2024-12-01 11:35:24,91.03785,71.430855,19.606995,19.678015891518427,1.0,0.0
2024-12-01 11:35:25,91.03785,71.430855,19.606995,19.65434213731437,1.0,0.0
2024-12-01 11:35:26,90.89133,71.43088,19.46045,19.58971116445958,1.0,0.0
2024-12-01 11:35:27,90.89133,71.4309,19.460426,19.546616219828522,1.0,0.0
2024-12-01 11:35:28,90.96459,71.43091,19.533684,19.542305405504173,1.0,0.0
2024-12-01 11:35:29,90.96459,71.43091,19.533684,19.53943152928794,1.0,0.0
2024-12-01 11:35:30,91.11111,71.43091,19.680199,19.58635390933649,1.0,0.0
2024-12-01 11:35:31,91.11111,71.43092,19.680183,19.617630409772506,1.0,0.0
2024-12-01 11:35:32,90.74481,71.43093,19.31388,19.516380579985057,1.0,0.0
2024-12-01 11:35:33,90.74481,71.43093,19.31388,19.44888069346009,1.0,0.0
2024-12-01 11:35:34,90.81807,71.43095,19.387123,19.428294831610113,1.0,0.0
2024-12-01 11:35:35,90.81807,71.43096,19.387108,19.414565837447107,1.0,0.0
2024-12-01 11:35:36,90.74481,71.43096,19.31385,19.38099402590875,1.0,0.0
2024-12-01 11:35:37,90.74481,71.43096,19.31385,19.35861281821651,1.0,0.0
2024-12-01 11:35:38,90.59829,71.43095,19.167343,19.29485625869382,1.0,0.0
2024-12-01 11:35:39,90.59829,71.43095,19.167343,19.252351885678692,1.0,0.0
2024-12-01 11:35:40,90.59829,71.43095,19.167343,19.22401563700194,1.0,0.0
2024-12-01 11:35:41,90.59829,71.430954,19.167336,19.205122261419262,1.0,0.0
2024-12-01 11:35:42,90.52503,71.43094,19.094093,19.16811261519748,1.0,0.0
2024-12-01 11:35:43,90.52503,71.43092,19.094109,19.14344460397931,1.0,0.0
2024-12-01 11:35:44,90.52503,71.43092,19.094109,19.1269992631672,1.0,0.0
2024-12-01 11:35:45,90.52503,71.43092,19.094109,19.11603570262579,1.0,0.0
2024-12-01 11:35:46,90.549446,71.43095,19.1185,19.116857053703654,1.0,0.0
2024-12-01 11:35:47,90.549446,71.43097,19.118477,19.117396991694363,1.0,0.0
2024-12-01 11:35:48,90.06105,71.43097,18.630081,18.954958386715514,1.0,0.0
2024-12-01 11:35:49,90.06105,71.43096,18.630089,18.846668526527793,1.0,0.0
2024-12-01 11:35:52,90.329666,71.43098,18.89869,18.864008774358375,1.0,0.0
2024-12-01 11:35:53,90.18315,71.430984,18.752167,18.82672809892121,1.0,0.0
2024-12-01 11:35:54,89.91453,71.43097,18.483559,18.712338284209192,1.0,0.0
2024-12-01 11:35:55,89.98779,71.43095,18.556847,18.66050772902358,1.0,0.0
2024-12-01 11:35:56,89.98779,71.43094,18.556854,18.62595656869801,1.0,0.0
2024-12-01 11:35:57,89.98779,71.43093,18.556862,18.60292500494581,1.0,0.0
2024-12-01 11:35:58,89.98779,71.43095,18.556847,18.58756554284799,1.0,0.0
2024-12-01 11:35:59,90.06105,71.43097,18.630081,18.601737420817933,1.0,0.0
2024-12-01 11:36:00,90.06105,71.431,18.63005,18.61117516693852,1.0,0.0
2024-12-01 11:36:01,89.98779,71.43102,18.55677,18.593040219528024,1.0,0.0
2024-12-01 11:36:02,89.98779,71.431046,18.556747,18.580942625193163,1.0,0.0
2024-12-01 11:36:04,89.768005,71.43105,18.336952,18.49961248661966,1.0,0.0
2024-12-01 11:36:05,89.768005,71.43105,18.336952,18.445392394237327,1.0,0.0
2024-12-01 11:36:06,89.62149,71.431046,18.190445,18.360409911587908,1.0,0.0
2024-12-01 11:36:07,89.62149,71.43104,18.190453,18.30375746628647,1.0,0.0
2024-12-01 11:36:08,89.645905,71.43102,18.214882,18.2741322765152,1.0,0.0
2024-12-01 11:36:09,89.645905,71.43101,18.214897,18.25438723626404,1.0,0.0
2024-12-01 11:36:10,89.27961,71.431015,17.848595,18.119123046018476,1.0,0.0
2024-12-01 11:36:11,89.27961,71.43103,17.84858,18.028941832925078,1.0,0.0
2024-12-01 11:36:12,89.57265,71.43105,18.141594,18.066492532985208,1.0,0.0
2024-12-01 11:36:13,89.57265,71.431076,18.141571,18.091518703630765,1.0,0.0
2024-12-01 11:36:14,89.42613,71.4311,17.995033,18.059356890473897,1.0,0.0
2024-12-01 11:36:15,89.42613,71.43111,17.995026,18.03791313857114,1.0,0.0
2024-12-01 11:36:16,89.27961,71.431114,17.848495,17.97477392018024,1.0,0.0
2024-12-01 11:36:17,89.27961,71.43112,17.848488,17.93267856478813,1.0,0.0
2024-12-01 11:36:18,89.08424,71.43111,17.653137,17.839498112202506,1.0,0.0
2024-12-01 11:36:19,89.08424,71.43109,17.653152,17.777382896741777,1.0,0.0
2024-12-01 11:36:20,89.08424,71.43109,17.653152,17.73597275310129,1.0,0.0
2024-12-01 11:36:21,89.08424,71.43108,17.65316,17.70836853380581,1.0,0.0
2024-12-01 11:36:22,89.27961,71.43111,17.848503,17.755080060134866,1.0,0.0
2024-12-01 11:36:23,89.27961,71.43113,17.84848,17.786213448293037,1.0,0.0
2024-12-01 11:36:24,89.206345,71.431175,17.77517,17.78253208971489,1.0,0.0
2024-12-01 11:36:25,89.206345,71.43122,17.775124,17.78006259187373,1.0,0.0
2024-12-01 11:36:26,89.27961,71.431244,17.848366,17.802830322479622,1.0,0.0
2024-12-01 11:36:27,89.27961,71.431274,17.848335,17.817998637024175,1.0,0.0
2024-12-01 11:36:28,89.27961,71.43131,17.848297,17.828098131062994,1.0,0.0
2024-12-01 11:36:29,89.27961,71.43135,17.848259,17.83481841143132,1.0,0.0
2024-12-01 11:36:30,89.01099,71.43138,17.579605,17.749747308467235,1.0,0.0
2024-12-01 11:36:31,89.01099,71.43142,17.579567,17.69302052416696,1.0,0.0
2024-12-01 11:36:32,88.79121,71.43148,17.359726,17.58192233349412,1.0,0.0
2024-12-01 11:36:33,88.79121,71.43154,17.359665,17.507836527993476,1.0,0.0
2024-12-01 11:36:34,88.86447,71.4316,17.432869,17.482847337835494,1.0,0.0
2024-12-01 11:36:35,88.86447,71.43167,17.4328,17.46616498954658,1.0,0.0
2024-12-01 11:36:36,88.71795,71.43172,17.286232,17.406187324574024,1.0,0.0
2024-12-01 11:36:37,88.71795,71.43177,17.286179,17.366184412671746,1.0,0.0
2024-12-01 11:36:38,89.01099,71.43182,17.579163,17.437177140999914,1.0,0.0
2024-12-01 11:36:39,89.01099,71.431885,17.579102,17.484485281499943,1.0,0.0
2024-12-01 11:36:41,88.86447,71.43196,17.43251,17.46716031299215,1.0,0.0
2024-12-01 11:36:42,88.86447,71.43207,17.432404,17.45557473014581,1.0,0.0
2024-12-01 11:36:43,88.57143,71.432175,17.139252,17.350133723092,1.0,0.0
2024-12-01 11:36:44,88.57143,71.4323,17.13913,17.279799028285293,1.0,0.0
2024-12-01 11:36:45,88.52258,71.43242,17.090164,17.216587413713633,1.0,0.0
2024-12-01 11:36:46,88.52258,71.43254,17.090042,17.17440564722836,1.0,0.0
2024-12-01 11:36:47,88.449326,71.43267,17.016655,17.121822087572816,1.0,0.0
2024-12-01 11:36:48,88.449326,71.43281,17.016518,17.086720604768598,1.0,0.0
2024-12-01 11:36:49,88.59585,71.43292,17.162926,17.112122309917346,1.0,0.0
2024-12-01 11:36:50,88.59585,71.433044,17.162804,17.129016089912348,1.0,0.0
2024-12-01 11:36:51,88.644684,71.43317,17.211517,17.156516504603026,1.0,0.0
2024-12-01 11:36:52,88.644684,71.43329,17.211395,17.174809424292643,1.0,0.0
2024-12-01 11:36:53,88.37607,71.43344,16.942627,17.097415267236762,1.0,0.0
2024-12-01 11:36:54,88.37607,71.43359,16.942474,17.045768299902633,1.0,0.0
2024-12-01 11:36:55,88.30281,71.43376,16.86905,16.9868618906903,1.0,0.0
2024-12-01 11:36:56,88.30281,71.43394,16.868874,16.94753245919067,1.0,0.0
2024-12-01 11:36:57,88.449326,71.43413,17.015198,16.970087557429196,1.0,0.0
2024-12-01 11:36:58,88.449326,71.43432,17.015007,16.985060711300456,1.0,0.0
2024-12-01 11:36:59,88.52258,71.43451,17.088074,17.019398384356556,1.0,0.0
2024-12-01 11:37:00,88.52258,71.4347,17.087883,17.042226588106196,1.0,0.0
2024-12-01 11:37:01,88.52258,71.43489,17.087692,17.057381812318194,1.0,0.0
2024-12-01 11:37:02,88.52258,71.43505,17.087532,17.067431889364475,1.0,0.0
2024-12-01 11:37:05,88.37607,71.435165,16.940903,17.025255496229963,1.0,0.0
2024-12-01 11:37:06,88.30281,71.43526,16.867554,16.97268823446581,1.0,0.0
2024-12-01 11:37:07,88.30281,71.43533,16.867477,16.937617961974603,1.0,0.0
2024-12-01 11:37:08,88.37607,71.43542,16.94065,16.938628954630204,1.0,0.0
2024-12-01 11:37:09,88.37607,71.43554,16.940529,16.93926225962977,1.0,0.0
2024-12-01 11:37:10,88.30281,71.43566,16.86715,16.91522462409563,1.0,0.0
2024-12-01 11:37:11,88.30281,71.43579,16.86702,16.899156300503858,1.0,0.0
2024-12-01 11:37:12,88.30281,71.43595,16.86686,16.888390679014293,1.0,0.0
2024-12-01 11:37:13,88.30281,71.43613,16.866684,16.88115510599651,1.0,0.0
2024-12-01 11:37:14,88.449326,71.43631,17.013016,16.925108653021113,1.0,0.0
2024-12-01 11:37:15,88.449326,71.436485,17.01284,16.95435252567944,1.0,0.0
2024-12-01 11:37:16,88.449326,71.43668,17.012642,16.97378231936572,1.0,0.0
2024-12-01 11:37:17,88.449326,71.43691,17.012413,16.986659221211262,1.0,0.0
2024-12-01 11:37:18,88.449326,71.437126,17.0122,16.995172614759333,1.0,0.0
2024-12-01 11:37:19,88.449326,71.437294,17.012032,17.00079226156482,1.0,0.0
2024-12-01 11:37:20,88.449326,71.43743,17.011894,17.004492916401286,1.0,0.0
2024-12-01 11:37:21,88.449326,71.43755,17.011772,17.00691932952143,1.0,0.0
2024-12-01 11:37:23,88.449326,71.43765,17.011673,17.00850387755856,1.0,0.0
2024-12-01 11:37:24,88.449326,71.43776,17.011566,17.0095246390755,1.0,0.0
2024-12-01 11:37:25,88.449326,71.43791,17.011414,17.010154284123253,1.0,0.0
2024-12-01 11:37:26,88.449326,71.43805,17.011276,17.01052827112123,1.0,0.0
2024-12-01 11:37:27,88.644684,71.4382,17.206482,17.075846158612073,1.0,0.0
2024-12-01 11:37:28,88.644684,71.43837,17.206314,17.11933546804607,1.0,0.0
2024-12-01 11:37:29,88.71795,71.438515,17.279434,17.172701713397903,1.0,0.0
2024-12-01 11:37:30,88.71795,71.43866,17.27929,17.208230890800426,1.0,0.0
2024-12-01 11:37:31,88.669106,71.4388,17.230309,17.2155901047719,1.0,0.0
2024-12-01 11:37:31,88.669106,71.43893,17.230179,17.22045301418387,1.0,0.0
2024-12-01 11:37:32,88.669106,71.43901,17.230095,17.22366697934524,1.0,0.0
2024-12-01 11:37:32,88.669106,71.43912,17.229988,17.225774018945003,1.0,0.0
2024-12-01 11:37:33,88.79121,71.4393,17.351906,17.267817953547972,1.0,0.0
2024-12-01 11:37:33,88.79121,71.43951,17.3517,17.295778578732502,1.0,0.0
2024-12-01 11:37:34,88.79121,71.43968,17.351524,17.31436050349745,1.0,0.0
2024-12-01 11:37:34,88.79121,71.43981,17.351395,17.326705220105072,1.0,0.0
2024-12-01 11:37:35,88.71795,71.439926,17.278023,17.310477735441143,1.0,0.0
2024-12-01 11:37:35,88.71795,71.440025,17.277924,17.299626351622223,1.0,0.0
2024-12-01 11:37:36,88.71795,71.4402,17.277748,17.292333603718202,1.0,0.0
2024-12-01 11:37:36,88.71795,71.44039,17.277557,17.28740819349443,1.0,0.0
2024-12-01 11:37:37,88.93773,71.440575,17.497154,17.3573235409429,1.0,0.0
2024-12-01 11:37:37,88.93773,71.44074,17.496986,17.403877823681988,1.0,0.0
2024-12-01 11:37:38,88.93773,71.44091,17.496819,17.43485806328148,1.0,0.0
2024-12-01 11:37:38,88.93773,71.44106,17.496666,17.455460693717605,1.0,0.0
2024-12-01 11:37:39,89.01099,71.4412,17.569786,17.49356915307085,1.0,0.0
2024-12-01 11:37:39,89.01099,71.44132,17.569664,17.518934102535518,1.0,0.0
2024-12-01 11:37:40,89.01099,71.441444,17.569542,17.53580337874113,1.0,0.0
2024-12-01 11:37:40,89.01099,71.44156,17.569427,17.547011415905544,1.0,0.0
2024-12-01 11:37:41,88.86447,71.441666,17.422806,17.505609539314634,1.0,0.0
2024-12-01 11:37:41,88.86447,71.44176,17.422714,17.477977770675903,1.0,0.0
2024-12-01 11:37:42,88.86447,71.44188,17.422592,17.45951590147925,1.0,0.0
2024-12-01 11:37:42,88.86447,71.44199,17.422478,17.447169841708824,1.0,0.0
2024-12-01 11:37:43,88.93773,71.4421,17.495628,17.46332268011708,1.0,0.0
2024-12-01 11:37:43,88.93773,71.4422,17.49553,17.474058178346283,1.0,0.0
2024-12-01 11:37:44,88.93773,71.442276,17.495453,17.48118974585065,1.0,0.0
2024-12-01 11:37:44,88.93773,71.44234,17.495392,17.485923779134808,1.0,0.0
2024-12-01 11:37:45,89.08424,71.44239,17.641853,17.537900296929717,1.0,0.0
2024-12-01 11:37:45,89.08424,71.44245,17.641792,17.572530963740906,1.0,0.0
2024-12-01 11:37:46,89.08424,71.442535,17.641708,17.595590100501752,1.0,0.0
2024-12-01 11:37:46,89.08424,71.44261,17.641632,17.61093742702721,1.0,0.0
2024-12-01 11:37:47,89.08424,71.44268,17.641563,17.621146089860588,1.0,0.0
2024-12-01 11:37:47,89.08424,71.44274,17.641502,17.627931520030756,1.0,0.0
2024-12-01 11:37:48,89.08424,71.442795,17.641449,17.63243733822363,1.0,0.0
2024-12-01 11:37:48,89.08424,71.44283,17.64141,17.63542850136133,1.0,0.0
2024-12-01 11:37:49,89.08424,71.44288,17.641365,17.63740735133073,1.0,0.0
2024-12-01 11:37:49,89.08424,71.442924,17.64132,17.6387113258546,1.0,0.0
2024-12-01 11:37:50,89.08424,71.44301,17.641235,17.639552667757236,1.0,0.0
2024-12-01 11:37:50,89.08424,71.443085,17.64116,17.64008813104389,1.0,0.0
2024-12-01 11:37:51,89.27961,71.44311,17.836502,17.705559445761033,1.0,0.0
2024-12-01 11:37:51,89.27961,71.44311,17.836502,17.749206988905794,1.0,0.0
2024-12-01 11:37:52,89.27961,71.443054,17.836555,17.778323152922873,1.0,0.0
2024-12-01 11:37:52,89.27961,71.44298,17.836632,17.797759360249366,1.0,0.0
2024-12-01 11:37:53,89.27961,71.44297,17.83664,17.81071937493187,1.0,0.0
2024-12-01 11:37:53,89.27961,71.44301,17.836601,17.819346669062654,1.0,0.0
2024-12-01 11:37:54,89.35287,71.44308,17.90979,17.849494459062605,1.0,0.0
2024-12-01 11:37:54,89.35287,71.443146,17.909721,17.869570097545644,1.0,0.0
2024-12-01 11:37:55,89.42613,71.443245,17.982887,17.907342487719234,1.0,0.0
2024-12-01 11:37:55,89.42613,71.44334,17.982796,17.932493563590167,1.0,0.0
2024-12-01 11:37:56,89.42613,71.44339,17.982742,17.94924314558355,1.0,0.0
2024-12-01 11:37:56,89.42613,71.44343,17.982704,17.960396817921588,1.0,0.0
2024-12-01 11:37:58,89.42613,71.44346,17.982674,17.967822426954235,1.0,0.0
2024-12-01 11:37:58,89.42613,71.44347,17.982666,17.97277028984449,1.0,0.0
2024-12-01 11:37:59,89.49939,71.44348,18.055908,18.00048292760466,1.0,0.0
2024-12-01 11:37:59,89.49939,71.44349,18.0559,18.018955476313266,1.0,0.0
2024-12-01 11:38:00,89.49939,71.44352,18.05587,18.031260336259628,1.0,0.0
2024-12-01 11:38:00,89.49939,71.44354,18.055847,18.039455946829335,1.0,0.0
2024-12-01 11:38:01,89.49939,71.44357,18.055817,18.0449095146831,1.0,0.0
2024-12-01 11:38:01,89.49939,71.4436,18.055786,18.048535054059567,1.0,0.0
2024-12-01 11:38:02,89.54823,71.44365,18.104584,18.06721794945117,1.0,0.0
2024-12-01 11:38:02,89.54823,71.443695,18.104538,18.07965795425651,1.0,0.0
2024-12-01 11:38:03,89.62149,71.44373,18.177757,18.112357723898874,1.0,0.0
2024-12-01 11:38:03,89.62149,71.443756,18.177734,18.134149940932584,1.0,0.0
2024-12-01 11:38:04,89.69475,71.44376,18.250984,18.173094691253233,1.0,0.0
2024-12-01 11:38:04,89.69475,71.44376,18.250984,18.199057858133667,1.0,0.0
2024-12-01 11:38:05,89.69475,71.443794,18.250954,18.216356463527916,1.0,0.0
2024-12-01 11:38:05,89.69475,71.44382,18.25093,18.227881237729548,1.0,0.0
2024-12-01 11:38:06,89.69475,71.443855,18.250893,18.235551704873085,1.0,0.0
2024-12-01 11:38:06,89.69475,71.4439,18.250847,18.24065009084638,1.0,0.0
2024-12-01 11:38:07,89.69475,71.44394,18.250809,18.244036299171025,1.0,0.0
2024-12-01 11:38:07,89.69475,71.44397,18.250778,18.246283598861414,1.0,0.0
2024-12-01 11:38:08,89.768005,71.444,18.324005,18.272190774891985,1.0,0.0
2024-12-01 11:38:08,89.768005,71.44403,18.323975,18.28945205305299,1.0,0.0
2024-12-01 11:38:09,89.84127,71.44407,18.397202,18.325368548063974,1.0,0.0
2024-12-01 11:38:09,89.84127,71.44411,18.397163,18.349300162413744,1.0,0.0
2024-12-01 11:38:10,89.91453,71.444115,18.470413,18.389671177611767,1.0,0.0
2024-12-01 11:38:10,89.91453,71.44411,18.47042,18.416587730875293,1.0,0.0
2024-12-01 11:38:11,89.91453,71.44413,18.470398,18.43452447032311,1.0,0.0
2024-12-01 11:38:11,89.91453,71.44415,18.470375,18.44647466722713,1.0,0.0
2024-12-01 11:38:12,89.91453,71.44415,18.470375,18.45444146516314,1.0,0.0
2024-12-01 11:38:12,89.91453,71.44415,18.470375,18.459752663787146,1.0,0.0
2024-12-01 11:38:13,89.98779,71.44418,18.54361,18.487704982238306,1.0,0.0
2024-12-01 11:38:13,89.98779,71.44422,18.543571,18.506327145548195,1.0,0.0
2024-12-01 11:38:14,90.13431,71.444244,18.690063,18.56757258921963,1.0,0.0
2024-12-01 11:38:14,90.13431,71.44426,18.690048,18.608397798737567,1.0,0.0
2024-12-01 11:38:15,90.13431,71.44428,18.690025,18.635606975688326,1.0,0.0
2024-12-01 11:38:15,90.13431,71.4443,18.69001,18.653741340725812,1.0,0.0
2024-12-01 11:38:18,90.13431,71.444275,18.690033,18.665838546812,1.0,0.0
2024-12-01 11:38:18,90.13431,71.44424,18.690071,18.673916066527013,1.0,0.0
2024-12-01 11:38:19,90.25641,71.44429,18.812119,18.71998355444249,1.0,0.0
2024-12-01 11:38:19,90.25641,71.44436,18.81205,18.750672324869214,1.0,0.0
2024-12-01 11:38:20,90.25641,71.4444,18.812012,18.771118789496143,1.0,0.0
2024-12-01 11:38:20,90.25641,71.44443,18.811981,18.784739593388053,1.0,0.0
2024-12-01 11:38:21,90.40293,71.44445,18.95848,18.842653340579016,1.0,0.0
2024-12-01 11:38:21,90.40293,71.444466,18.958466,18.88125741910997,1.0,0.0
2024-12-01 11:38:22,90.40293,71.44449,18.958443,18.90698584206941,1.0,0.0
2024-12-01 11:38:22,90.40293,71.44451,18.95842,18.924130494647837,1.0,0.0
2024-12-01 11:38:23,90.329666,71.444534,18.885132,18.911130941744393,1.0,0.0
2024-12-01 11:38:23,90.329666,71.44456,18.885109,18.902456943747566,1.0,0.0
2024-12-01 11:38:24,90.329666,71.4446,18.885063,18.896659019627286,1.0,0.0
2024-12-01 11:38:24,90.329666,71.44466,18.88501,18.892775934959857,1.0,0.0
2024-12-01 11:38:25,90.549446,71.444695,19.104752,18.96343448561126,1.0,0.0
2024-12-01 11:38:25,90.549446,71.44473,19.104713,19.010527470387977,1.0,0.0
2024-12-01 11:38:26,90.549446,71.444756,19.10469,19.041915164177922,1.0,0.0
2024-12-01 11:38:26,90.549446,71.44477,19.104675,19.0628352071082,1.0,0.0
2024-12-01 11:38:27,90.549446,71.444786,19.10466,19.076776816132032,1.0,0.0
2024-12-01 11:38:27,90.549446,71.44479,19.104652,19.086068679016407,1.0,0.0
2024-12-01 11:38:28,90.549446,71.44482,19.10463,19.092255624878128,1.0,0.0
2024-12-01 11:38:28,90.549446,71.44483,19.104614,19.096375169189585,1.0,0.0
2024-12-01 11:38:29,90.67155,71.44485,19.2267,19.139816722493578,1.0,0.0
2024-12-01 11:38:29,90.67155,71.44487,19.226677,19.168770128635042,1.0,0.0
2024-12-01 11:38:30,90.67155,71.44487,19.226677,19.18807239939602,1.0,0.0
2024-12-01 11:38:30,90.67155,71.44487,19.226677,19.20094057990334,1.0,0.0
2024-12-01 11:38:31,90.84249,71.44487,19.397621,19.266500771530612,1.0,0.0
2024-12-01 11:38:31,90.84249,71.44488,19.397614,19.310205022817286,1.0,0.0
2024-12-01 11:38:32,90.84249,71.4449,19.39759,19.339333560947203,1.0,0.0
2024-12-01 11:38:32,90.84249,71.44492,19.397568,19.358744956972615,1.0,0.0
2024-12-01 11:38:33,91.03785,71.44495,19.592903,19.436797683717423,1.0,0.0
2024-12-01 11:38:33,91.03785,71.44497,19.59288,19.488825205486094,1.0,0.0
2024-12-01 11:38:34,91.03785,71.445,19.59285,19.523500047472503,1.0,0.0
2024-12-01 11:38:34,91.03785,71.44502,19.592827,19.546608979402244,1.0,0.0
2024-12-01 11:38:35,91.18437,71.445045,19.739326,19.61084814528509,1.0,0.0
2024-12-01 11:38:35,91.18437,71.44507,19.739304,19.653666626479122,1.0,0.0
2024-12-01 11:38:36,91.18437,71.44508,19.739288,19.68220719434546,1.0,0.0
2024-12-01 11:38:36,91.18437,71.44509,19.73928,19.701231696458173,1.0,0.0
2024-12-01 11:38:37,91.57509,71.4451,20.12999,19.844151005646594,1.0,0.0
2024-12-01 11:38:37,91.57509,71.44511,20.129982,19.939428001974033,1.0,0.0
2024-12-01 11:38:38,91.67277,71.445145,20.227623,20.03549299659597,1.0,0.0
2024-12-01 11:38:38,91.67277,71.44518,20.227585,20.099523610686376,1.0,0.0
2024-12-01 11:38:39,91.79487,71.44522,20.349648,20.182898247781804,1.0,0.0
2024-12-01 11:38:39,91.79487,71.445244,20.349625,20.238473709784223,1.0,0.0
2024-12-01 11:38:40,91.89255,71.44521,20.447334,20.308093903039744,1.0,0.0
2024-12-01 11:38:40,91.89255,71.445175,20.447372,20.354520080867644,1.0,0.0
2024-12-01 11:38:42,92.16117,71.44514,20.716034,20.475024699094057,1.0,0.0
2024-12-01 11:38:42,92.16117,71.44511,20.716064,20.555371283771038,1.0,0.0
2024-12-01 11:38:43,92.551895,71.445076,21.10682,20.739187240124703,1.0,0.0
2024-12-01 11:38:43,92.551895,71.44506,21.106834,20.861736297290168,1.0,0.0
2024-12-01 11:38:44,92.60073,71.44504,21.155693,20.95972188292652,1.0,0.0
2024-12-01 11:38:44,92.60073,71.44502,21.155708,21.025050692947108,1.0,0.0
2024-12-01 11:38:45,92.60073,71.44502,21.155708,21.068603232960832,1.0,0.0
2024-12-01 11:38:46,92.79609,71.44502,21.351067,21.16275768509238,1.0,0.0
2024-12-01 11:38:47,92.94261,71.44499,21.49762,21.274378333030338,1.0,0.0
2024-12-01 11:38:48,93.089134,71.444954,21.64418,21.397645654637415,1.0,0.0
2024-12-01 11:38:49,93.35775,71.44495,21.912804,21.569364986392394,1.0,0.0
2024-12-01 11:38:50,93.60195,71.444954,22.156998,21.76524255114962,1.0,0.0
2024-12-01 11:38:51,93.748474,71.44496,22.303513,21.944665891847144,1.0,0.0
2024-12-01 11:38:52,93.968254,71.44498,22.523277,22.137536355469713,1.0,0.0
2024-12-01 11:38:53,94.13919,71.44498,22.694214,22.32309552604231,1.0,0.0
2024-12-01 11:38:54,94.23688,71.44499,22.791885,22.479358809353727,1.0,0.0
2024-12-01 11:38:55,94.407814,71.445,22.962814,22.640510649920714,1.0,0.0
2024-12-01 11:38:56,94.79853,71.44498,23.353554,22.878191690604694,1.0,0.0
2024-12-01 11:38:57,94.969475,71.44496,23.524513,23.093632208612767,1.0,0.0
2024-12-01 11:38:58,95.14041,71.444954,23.695457,23.294240625240544,1.0,0.0
2024-12-01 11:38:59,95.38461,71.44494,23.939674,23.5093852093075,1.0,0.0
2024-12-01 11:39:00,95.48229,71.44495,24.037346,23.685372101615158,1.0,0.0
2024-12-01 11:39:01,95.726494,71.44492,24.28157,23.88410487926688,1.0,0.0
2024-12-01 11:39:02,95.848595,71.44491,24.403687,24.057298760657087,1.0,0.0
2024-12-01 11:39:03,96.0928,71.44488,24.647919,24.254172074162017,1.0,0.0
2024-12-01 11:39:04,96.48351,71.44483,25.038681,24.51567505953249,1.0,0.0
2024-12-01 11:39:05,96.727715,71.4448,25.282913,24.771421109024267,1.0,0.0
2024-12-01 11:39:06,96.849815,71.44473,25.405083,24.98264164022842,1.0,0.0
2024-12-01 11:39:07,97.069595,71.44467,25.624924,25.19673566217051,1.0,0.0
2024-12-01 11:39:08,97.26495,71.44463,25.82032,25.404597151245188,1.0,0.0
2024-12-01 11:39:09,97.58241,71.44458,26.137833,25.649008981363984,1.0,0.0
2024-12-01 11:39:10,97.77778,71.44453,26.333252,25.877089971950994,1.0,0.0
2024-12-01 11:39:11,98.09524,71.44444,26.650795,26.134991642270716,1.0,0.0
2024-12-01 11:39:12,98.266174,71.44437,26.821808,26.36393038195652,1.0,0.0
2024-12-01 11:39:13,98.43712,71.4443,26.99282,26.573560501219717,1.0,0.0
2024-12-01 11:39:14,98.55922,71.44422,27.114998,26.754039622069655,1.0,0.0
2024-12-01 11:39:15,98.80342,71.444084,27.359337,26.95580536572222,1.0,0.0
2024-12-01 11:39:17,98.99878,71.443985,27.554794,27.15546834765596,1.0,0.0
2024-12-01 11:39:18,99.31624,71.44388,27.87236,27.39443230826804,1.0,0.0
2024-12-01 11:39:19,99.48718,71.44376,28.043419,27.61076116693781,1.0,0.0
2024-12-01 11:39:20,99.65812,71.44365,28.21447,27.811997414514533,1.0,0.0
2024-12-01 11:39:21,99.829056,71.44349,28.385567,28.00318718015162,1.0,0.0
2024-12-01 11:39:22,100.14652,71.44334,28.703186,28.23652013181983,1.0,0.0
2024-12-01 11:39:23,100.51282,71.44318,29.069641,28.514227125640307,1.0,0.0
2024-12-01 11:39:24,100.56166,71.44301,29.118652,28.715702198343543,1.0,0.0
2024-12-01 11:39:25,100.65934,71.4428,29.216537,28.882647290757678,1.0,0.0
2024-12-01 11:39:26,100.80586,71.44263,29.363235,29.04284335171606,1.0,0.0
2024-12-01 11:39:27,100.9768,71.442444,29.534355,29.206680622335448,1.0,0.0
2024-12-01 11:39:28,101.221,71.44223,29.77877,29.397377230482746,1.0,0.0
2024-12-01 11:39:31,101.221,71.44201,29.778992,29.52458205339475,1.0,0.0
2024-12-01 11:39:32,102.12454,71.441795,30.682747,29.910636997998843,1.0,0.0
2024-12-01 11:39:33,102.22222,71.44157,30.780655,30.200642967741416,1.0,0.0
2024-12-01 11:39:34,102.588524,71.441376,31.147148,30.51614468926902,1.0,0.0
2024-12-01 11:39:35,102.588524,71.44117,31.147354,30.7265478348382,1.0,0.0
2024-12-01 11:39:36,102.73505,71.44099,31.29406,30.915718474364795,1.0,0.0
2024-12-01 11:39:37,102.88156,71.44081,31.44075,31.09072902359997,1.0,0.0
2024-12-01 11:39:38,103.02808,71.44059,31.587494,31.25631731456144,1.0,0.0
2024-12-01 11:39:39,103.1746,71.4404,31.7342,31.415611384349553,1.0,0.0
2024-12-01 11:39:40,103.39438,71.4402,31.954178,31.59513354171481,1.0,0.0
2024-12-01 11:39:41,103.51648,71.439995,32.076485,31.7555839212018,1.0,0.0
2024-12-01 11:39:42,103.663,71.43983,32.223175,31.911447630410578,1.0,0.0
2024-12-01 11:39:43,104.00488,71.43967,32.565216,32.1293704417581,1.0,0.0
2024-12-01 11:39:44,104.07814,71.43953,32.63861,32.29911724111999,1.0,0.0
2024-12-01 11:39:45,104.20024,71.43939,32.76085,32.45302782708781,1.0,0.0
2024-12-01 11:39:46,104.54212,71.439255,33.102867,32.669640926880156,1.0,0.0
2024-12-01 11:39:47,105.07936,71.439125,33.640236,32.993172584879744,1.0,0.0
2024-12-01 11:39:48,105.0061,71.439026,33.567078,33.18447426882608,1.0,0.0
2024-12-01 11:39:49,105.0061,71.43892,33.567184,33.31204432863145,1.0,0.0
2024-12-01 11:39:50,105.05495,71.43881,33.616135,33.4134077669392,1.0,0.0
2024-12-01 11:39:51,105.22588,71.43871,33.78717,33.53799531467822,1.0,0.0
2024-12-01 11:39:52,105.32356,71.438614,33.88495,33.653646453275066,1.0,0.0
2024-12-01 11:39:53,105.44566,71.438515,34.00715,33.77148054974197,1.0,0.0
2024-12-01 11:39:54,105.54335,71.43843,34.10492,33.88262684435924,1.0,0.0
2024-12-01 11:39:55,105.811966,71.43837,34.373596,34.04628329337491,1.0,0.0
2024-12-01 11:39:56,105.9829,71.43831,34.544594,34.212386799261665,1.0,0.0
2024-12-01 11:39:57,106.15385,71.43826,34.715584,34.38011913326429,1.0,0.0
2024-12-01 11:39:58,106.17827,71.43823,34.740036,34.50009142575692,1.0,0.0
2024-12-01 11:39:58,106.17827,71.43821,34.74006,34.58008058347988,1.0,0.0
2024-12-01 11:39:58,106.17827,71.43819,34.74008,34.63341431802304,1.0,0.0
2024-12-01 11:39:59,106.349205,71.43816,34.91104,34.72595663193724,1.0,0.0
2024-12-01 11:39:59,106.349205,71.43813,34.91107,34.787661680406075,1.0,0.0
2024-12-01 11:39:59,106.349205,71.438095,34.91111,34.82881109504285,1.0,0.0
2024-12-01 11:40:01,106.73993,71.43807,35.301857,34.98649306157154,1.0,0.0
2024-12-01 11:40:01,106.73993,71.43806,35.301872,35.091619458853685,1.0,0.0
2024-12-01 11:40:01,106.73993,71.43805,35.30188,35.16170626683996,1.0,0.0
2024-12-01 11:40:02,106.691086,71.43805,35.253036,35.192149677567784,1.0,0.0
2024-12-01 11:40:02,106.691086,71.43806,35.25303,35.21244274158816,1.0,0.0
2024-12-01 11:40:02,106.691086,71.438065,35.25302,35.22596890780357,1.0,0.0
2024-12-01 11:40:03,106.71551,71.438034,35.277473,35.24313708843806,1.0,0.0
2024-12-01 11:40:03,106.71551,71.43799,35.27752,35.25459780098345,1.0,0.0
2024-12-01 11:40:03,106.71551,71.43795,35.277557,35.26225099167126,1.0,0.0
2024-12-01 11:40:04,106.93529,71.43791,35.497375,35.34062582387459,1.0,0.0
2024-12-01 11:40:04,106.93529,71.43789,35.4974,35.392883341404676,1.0,0.0
2024-12-01 11:40:04,106.93529,71.43787,35.49742,35.42772931581926,1.0,0.0
2024-12-01 11:40:05,107.03297,71.43787,35.5951,35.48351967815685,1.0,0.0
2024-12-01 11:40:05,107.03297,71.43787,35.5951,35.520713253048584,1.0,0.0
2024-12-01 11:40:05,107.03297,71.43787,35.5951,35.545508969643066,1.0,0.0
2024-12-01 11:40:06,107.106224,71.437874,35.66835,35.586456053004234,1.0,0.0
2024-12-01 11:40:06,107.106224,71.437874,35.66835,35.61375410857835,1.0,0.0
2024-12-01 11:40:06,107.106224,71.43788,35.668343,35.631950269162914,1.0,0.0
2024-12-01 11:40:07,107.130646,71.437904,35.69274,35.65221397745627,1.0,0.0
2024-12-01 11:40:07,107.130646,71.43792,35.692726,35.66571803005549,1.0,0.0
2024-12-01 11:40:07,107.130646,71.437935,35.69271,35.674715645525275,1.0,0.0
2024-12-01 11:40:08,107.30159,71.437935,35.863655,35.73769546046086,1.0,0.0
2024-12-01 11:40:08,107.30159,71.43793,35.863663,35.77968454688276,1.0,0.0
2024-12-01 11:40:08,107.30159,71.43792,35.86367,35.80767981429554,1.0,0.0
2024-12-01 11:40:09,107.448105,71.437935,36.01017,35.87517653716708,1.0,0.0
2024-12-01 11:40:09,107.448105,71.43795,36.010155,35.92016926615175,1.0,0.0
2024-12-01 11:40:09,107.448105,71.437965,36.01014,35.950159332545184,1.0,0.0
2024-12-01 11:40:10,107.39926,71.437965,35.961296,35.953871582211114,1.0,0.0
2024-12-01 11:40:10,107.39926,71.43796,35.961304,35.95634895845325,1.0,0.0
2024-12-01 11:40:10,107.39926,71.43796,35.961304,35.95800054261467,1.0,0.0
2024-12-01 11:40:11,107.667885,71.43796,36.229927,36.04864271607254,1.0,0.0
2024-12-01 11:40:11,107.667885,71.437965,36.22992,36.109068288579614,1.0,0.0
2024-12-01 11:40:11,107.667885,71.43798,36.229904,36.14934691732131,1.0,0.0
2024-12-01 11:40:12,107.81441,71.438,36.376404,36.22503254774546,1.0,0.0
2024-12-01 11:40:12,107.81441,71.43803,36.37638,36.27548200530036,1.0,0.0
2024-12-01 11:40:12,107.81441,71.43805,36.376358,36.3091073476091,1.0,0.0
2024-12-01 11:40:13,108.107445,71.43806,36.669388,36.42920083753367,1.0,0.0
2024-12-01 11:40:13,108.107445,71.43806,36.669388,36.509263164150056,1.0,0.0
2024-12-01 11:40:13,108.107445,71.43805,36.669395,36.562640591692485,1.0,0.0
2024-12-01 11:40:14,108.25397,71.43805,36.815918,36.64706638404499,1.0,0.0
2024-12-01 11:40:14,108.25397,71.43805,36.815918,36.70335024561333,1.0,0.0
2024-12-01 11:40:14,108.25397,71.43804,36.815926,36.740875363123735,1.0,0.0
2024-12-01 11:40:15,108.107445,71.43804,36.669403,36.71705126747312,1.0,0.0
2024-12-01 11:40:15,108.107445,71.438034,36.66941,36.70117108017088,1.0,0.0
2024-12-01 11:40:15,108.107445,71.43803,36.66942,36.69058683176757,1.0,0.0
2024-12-01 11:40:16,108.205124,71.43801,36.767113,36.71609546515624,1.0,0.0
2024-12-01 11:40:16,108.205124,71.437996,36.767128,36.73310630701172,1.0,0.0
2024-12-01 11:40:16,108.205124,71.43798,36.767143,36.74445195451172,1.0,0.0
2024-12-01 11:40:17,108.205124,71.437996,36.767128,36.7520106332487,1.0,0.0
2024-12-01 11:40:17,108.205124,71.43803,36.767097,36.75703957988065,1.0,0.0
2024-12-01 11:40:17,108.205124,71.43805,36.767075,36.76038458157408,1.0,0.0
2024-12-01 11:40:18,108.35165,71.438065,36.91358,36.81145033709757,1.0,0.0
2024-12-01 11:40:18,108.35165,71.43808,36.913567,36.845489087850204,1.0,0.0
2024-12-01 11:40:18,108.35165,71.43809,36.91356,36.86817904522045,1.0,0.0
2024-12-01 11:40:19,108.35165,71.4381,36.913544,36.88330059720426,1.0,0.0
2024-12-01 11:40:19,108.35165,71.43811,36.913536,36.89337908872862,1.0,0.0
2024-12-01 11:40:19,108.35165,71.43812,36.91353,36.90009553994669,1.0,0.0
2024-12-01 11:40:20,108.54701,71.43812,37.108894,36.969695142679306,1.0,0.0
2024-12-01 11:40:20,108.54701,71.43812,37.108894,37.016094877834384,1.0,0.0
2024-12-01 11:40:20,108.54701,71.43812,37.108894,37.04702803460444,1.0,0.0
2024-12-01 11:40:21,108.766785,71.438126,37.32866,37.14090504227536,1.0,0.0
2024-12-01 11:40:21,108.766785,71.43814,37.328644,37.203484627792946,1.0,0.0
2024-12-01 11:40:21,108.766785,71.438156,37.32863,37.24519926520832,1.0,0.0
2024-12-01 11:40:22,108.669106,71.43819,37.23092,37.24043913823133,1.0,0.0
2024-12-01 11:40:22,108.669106,71.43821,37.230896,37.23725809085214,1.0,0.0
2024-12-01 11:40:22,108.669106,71.438225,37.23088,37.235132306336325,1.0,0.0
2024-12-01 11:40:23,108.81563,71.43821,37.37742,37.28256104357969,1.0,0.0
2024-12-01 11:40:23,108.81563,71.438194,37.377434,37.31418528800495,1.0,0.0
2024-12-01 11:40:23,108.81563,71.43817,37.377457,37.335275747016325,1.0,0.0
2024-12-01 11:40:24,109.13309,71.43818,37.69491,37.455153212040834,1.0,0.0
2024-12-01 11:40:24,109.13309,71.438194,37.694893,37.53506643579415,1.0,0.0
2024-12-01 11:40:24,109.13309,71.43821,37.694878,37.58833683203334,1.0,0.0
2024-12-01 11:40:25,109.13309,71.43824,37.694847,37.6238402570001,1.0,0.0
2024-12-01 11:40:25,109.13309,71.43826,37.694824,37.6475015775834,1.0,0.0
2024-12-01 11:40:25,109.13309,71.43828,37.69481,37.66327070504258,1.0,0.0
2024-12-01 11:40:26,109.10867,71.43828,37.670395,37.6656454358487,1.0,0.0
2024-12-01 11:40:26,109.10867,71.43827,37.670403,37.66723113285096,1.0,0.0
2024-12-01 11:40:26,109.10867,71.43826,37.67041,37.668290807317305,1.0,0.0
2024-12-01 11:40:27,109.30403,71.43828,37.865753,37.73411159615425,1.0,0.0
2024-12-01 11:40:27,109.30403,71.4383,37.86573,37.777984492651015,1.0,0.0
2024-12-01 11:40:27,109.30403,71.43832,37.865715,37.807228004052504,1.0,0.0
2024-12-01 11:40:28,109.45055,71.43833,38.012215,37.87555688958318,1.0,0.0
2024-12-01 11:40:28,109.45055,71.43835,38.0122,37.92110439367394,1.0,0.0
2024-12-01 11:40:28,109.45055,71.43835,38.0122,37.95146939640112,1.0,0.0
2024-12-01 11:40:29,109.4017,71.43835,37.963356,37.955431603622884,1.0,0.0
2024-12-01 11:40:29,109.4017,71.43835,37.963356,37.95807307510406,1.0,0.0
2024-12-01 11:40:29,109.4017,71.43834,37.963364,37.959836599223024,1.0,0.0
2024-12-01 11:40:30,109.62149,71.43834,38.18315,38.03427481452108,1.0,0.0
2024-12-01 11:40:30,109.62149,71.43834,38.18315,38.083900291386456,1.0,0.0
2024-12-01 11:40:30,109.62149,71.43833,38.18316,38.116986485761544,1.0,0.0
2024-12-01 11:40:31,109.52381,71.43834,38.085472,38.106481692818896,1.0,0.0
2024-12-01 11:40:31,109.52381,71.43835,38.085464,38.09947595439229,1.0,0.0
2024-12-01 11:40:31,109.52381,71.438354,38.085457,38.09480291897637,1.0,0.0
2024-12-01 11:40:32,109.49939,71.43836,38.061028,38.083544454936074,1.0,0.0
2024-12-01 11:40:32,109.49939,71.43838,38.061012,38.07603372597952,1.0,0.0
2024-12-01 11:40:32,109.49939,71.43838,38.061012,38.07102657334182,1.0,0.0
2024-12-01 11:40:33,109.47497,71.438385,38.036583,38.05954536448699,1.0,0.0
2024-12-01 11:40:33,109.47497,71.43839,38.036575,38.051888682118935,1.0,0.0
2024-12-01 11:40:33,109.47497,71.4384,38.036568,38.046781684075384,1.0,0.0
2024-12-01 11:40:34,109.670334,71.438416,38.23192,38.108493901037235,1.0,0.0
2024-12-01 11:40:34,109.670334,71.43842,38.23191,38.1496328358803,1.0,0.0
2024-12-01 11:40:34,109.670334,71.43843,38.231903,38.17705624931082,1.0,0.0
2024-12-01 11:40:36,109.768005,71.43845,38.32955,38.227888065133,1.0,0.0
2024-12-01 11:40:36,109.768005,71.43848,38.32953,38.26176831295325,1.0,0.0
2024-12-01 11:40:36,109.768005,71.4385,38.329506,38.28434751543889,1.0,0.0
2024-12-01 11:40:37,109.91453,71.43852,38.476006,38.348233528359,1.0,0.0
2024-12-01 11:40:37,109.91453,71.438545,38.475983,38.390816574244546,1.0,0.0
2024-12-01 11:40:37,109.91453,71.43856,38.475967,38.41920018523855,1.0,0.0
2024-12-01 11:40:38,110.109886,71.438576,38.67131,38.5032369317606,1.0,0.0
2024-12-01 11:40:38,110.109886,71.43858,38.671303,38.55925888631045,1.0,0.0
2024-12-01 11:40:38,110.109886,71.43859,38.671295,38.596604312878846,1.0,0.0
2024-12-01 11:40:39,110.231995,71.438576,38.79342,38.66220917001168,1.0,0.0
2024-12-01 11:40:39,110.231995,71.43856,38.793434,38.70595082769659,1.0,0.0
2024-12-01 11:40:39,110.231995,71.438545,38.79345,38.735117019082885,1.0,0.0
2024-12-01 11:40:40,110.18315,71.43853,38.74462,38.73828510500708,1.0,0.0
2024-12-01 11:40:40,110.18315,71.438515,38.744637,38.7404022485529,1.0,0.0
2024-12-01 11:40:40,110.18315,71.4385,38.74465,38.74181876384647,1.0,0.0
2024-12-01 11:40:41,110.085464,71.43848,38.646988,38.710208480910666,1.0,0.0
2024-12-01 11:40:41,110.085464,71.43846,38.647003,38.68914004521649,1.0,0.0
2024-12-01 11:40:41,110.085464,71.438446,38.64702,38.67509950768339,1.0,0.0
2024-12-01 11:40:44,110.18315,71.43845,38.744698,38.69829886205586,1.0,0.0
2024-12-01 11:40:44,110.18315,71.43846,38.74469,38.71376255517266,1.0,0.0
2024-12-01 11:40:44,110.18315,71.43848,38.744675,38.72406659765417,1.0,0.0
2024-12-01 11:40:45,110.37851,71.4385,38.94001,38.79604775536971,1.0,0.0
2024-12-01 11:40:45,110.37851,71.43853,38.93998,38.8440250213207,1.0,0.0
2024-12-01 11:40:45,110.37851,71.43855,38.939957,38.87600223589349,1.0,0.0
2024-12-01 11:40:46,110.54945,71.43855,39.1109,38.95430178356441,1.0,0.0
2024-12-01 11:40:46,110.54945,71.438545,39.11091,39.0065040251432,1.0,0.0
2024-12-01 11:40:46,110.54945,71.43854,39.110916,39.041308062660576,1.0,0.0
2024-12-01 11:40:47,110.57387,71.43853,39.135338,39.07265131830367,1.0,0.0
2024-12-01 11:40:47,110.57387,71.43853,39.135338,39.09354682206573,1.0,0.0
2024-12-01 11:40:47,110.57387,71.43853,39.135338,39.107477157907105,1.0,0.0
2024-12-01 11:40:48,110.525024,71.438545,39.08648,39.10047783427531,1.0,0.0
2024-12-01 11:40:48,110.525024,71.43855,39.08647,39.09580907538927,1.0,0.0
2024-12-01 11:40:48,110.525024,71.43856,39.086464,39.09269402633373,1.0,0.0
2024-12-01 11:40:49,110.72039,71.43857,39.281822,39.1557367524191,1.0,0.0
2024-12-01 11:40:49,110.72039,71.43857,39.281822,39.197765236476016,1.0,0.0
2024-12-01 11:40:49,110.72039,71.438576,39.281815,39.225781682715784,1.0,0.0
2024-12-01 11:40:50,110.45177,71.43857,39.0132,39.15492073932354,1.0,0.0
2024-12-01 11:40:50,110.45177,71.43856,39.013206,39.10768265352689,1.0,0.0
2024-12-01 11:40:50,110.45177,71.43856,39.013206,39.07619059632913,1.0,0.0
2024-12-01 11:40:51,110.84249,71.438545,39.403946,39.18544237183661,1.0,0.0
2024-12-01 11:40:51,110.84249,71.43854,39.403954,39.25827943197311,1.0,0.0
2024-12-01 11:40:51,110.84249,71.43853,39.40396,39.30684001519562,1.0,0.0
2024-12-01 11:40:52,110.57387,71.438545,39.135323,39.24966753373067,1.0,0.0
2024-12-01 11:40:52,110.57387,71.43856,39.135307,39.21154745982436,1.0,0.0
2024-12-01 11:40:52,110.57387,71.43858,39.135284,39.186126447825615,1.0,0.0
2024-12-01 11:40:53,110.74481,71.43858,39.30623,39.226160511115516,1.0,0.0
2024-12-01 11:40:53,110.74481,71.438576,39.306236,39.252852429773625,1.0,0.0
2024-12-01 11:40:53,110.74481,71.43857,39.306244,39.270649585343875,1.0,0.0
2024-12-01 11:40:54,111.03785,71.438576,39.599274,39.380190950776125,1.0,0.0
2024-12-01 11:40:54,111.03785,71.43858,39.599266,39.45321598459945,1.0,0.0
2024-12-01 11:40:54,111.03785,71.43859,39.59926,39.501896797350156,1.0,0.0
2024-12-01 11:40:55,110.94017,71.43859,39.50158,39.50179095978943,1.0,0.0
2024-12-01 11:40:55,110.94017,71.43858,39.501587,39.501722944547126,1.0,0.0
2024-12-01 11:40:55,110.94017,71.438576,39.501595,39.501680144183766,1.0,0.0
2024-12-01 11:40:56,110.94017,71.43857,39.501602,39.5016541537397,1.0,0.0
2024-12-01 11:40:56,110.94017,71.43855,39.501617,39.50164191304001,1.0,0.0
2024-12-01 11:40:56,110.94017,71.438545,39.501625,39.50163629570506,1.0,0.0
2024-12-01 11:40:57,111.15995,71.43854,39.721413,39.57489508336718,1.0,0.0
2024-12-01 11:40:57,111.15995,71.438545,39.721405,39.62373173201041,1.0,0.0
2024-12-01 11:40:57,111.15995,71.438545,39.721405,39.65628949777257,1.0,0.0
2024-12-01 11:40:58,111.25763,71.43854,39.81909,39.71055693080672,1.0,0.0
2024-12-01 11:40:58,111.25763,71.43853,39.8191,39.74673776262766,1.0,0.0
2024-12-01 11:40:58,111.25763,71.43853,39.8191,39.770858317174955,1.0,0.0
2024-12-01 11:40:59,111.40415,71.43852,39.96563,39.83578207066221,1.0,0.0
2024-12-01 11:40:59,111.40415,71.438515,39.965637,39.87906711611856,1.0,0.0
2024-12-01 11:40:59,111.40415,71.43851,39.965645,39.90792635622097,1.0,0.0
2024-12-01 11:41:00,111.30647,71.4385,39.867973,39.894608680026224,1.0,0.0
2024-12-01 11:41:00,111.30647,71.43849,39.86798,39.88573277236124,1.0,0.0
2024-12-01 11:41:00,111.30647,71.43849,39.86798,39.87981550058458,1.0,0.0
2024-12-01 11:41:01,111.25763,71.43848,39.819153,39.859594611066804,1.0,0.0
2024-12-01 11:41:01,111.25763,71.43846,39.819168,39.84611910431798,1.0,0.0
2024-12-01 11:41:01,111.25763,71.43845,39.819176,39.8371379762836,1.0,0.0
2024-12-01 11:41:02,111.18437,71.43846,39.74591,39.80672886569948,1.0,0.0
2024-12-01 11:41:02,111.18437,71.43848,39.745895,39.78645103904705,1.0,0.0
2024-12-01 11:41:02,111.18437,71.438484,39.745888,39.772929944813924,1.0,0.0
2024-12-01 11:41:03,111.47741,71.4385,40.03891,39.86158993391241,1.0,0.0
2024-12-01 11:41:03,111.47741,71.438515,40.038895,39.92069150704838,1.0,0.0
2024-12-01 11:41:03,111.47741,71.43853,40.03888,39.96008746954267,1.0,0.0
2024-12-01 11:41:04,111.28204,71.43853,39.843513,39.92122947595163,1.0,0.0
2024-12-01 11:41:04,111.28204,71.43852,39.84352,39.89532669002244,1.0,0.0
2024-12-01 11:41:04,111.28204,71.438515,39.84353,39.878060709201165,1.0,0.0
2024-12-01 11:41:05,111.086685,71.43851,39.64818,39.80143317299609,1.0,0.0
2024-12-01 11:41:05,111.086685,71.43849,39.648193,39.7503532351224,1.0,0.0
2024-12-01 11:41:05,111.086685,71.438484,39.6482,39.71630248633811,1.0,0.0
2024-12-01 11:41:06,111.23321,71.438484,39.794724,39.74244282780614,1.0,0.0
2024-12-01 11:41:06,111.23321,71.438484,39.794724,39.759869722118154,1.0,0.0
2024-12-01 11:41:06,111.23321,71.43849,39.794716,39.77148510852799,1.0,0.0
2024-12-01 11:41:07,111.45299,71.43852,40.014465,39.85247851636241,1.0,0.0
2024-12-01 11:41:07,111.45299,71.438545,40.014442,39.90646649219083,1.0,0.0
2024-12-01 11:41:07,111.45299,71.43856,40.014427,39.94245338981342,1.0,0.0
2024-12-01 11:41:08,111.33089,71.43858,39.892303,39.92573674880791,1.0,0.0
2024-12-01 11:41:08,111.33089,71.4386,39.89229,39.914587235207875,1.0,0.0
2024-12-01 11:41:08,111.33089,71.438614,39.892273,39.90714913987817,1.0,0.0
2024-12-01 11:41:09,111.33089,71.43861,39.89228,39.902192952789875,1.0,0.0
2024-12-01 11:41:09,111.33089,71.4386,39.89229,39.89889137119586,1.0,0.0
2024-12-01 11:41:09,111.33089,71.43858,39.892303,39.896695403062864,1.0,0.0
2024-12-01 11:41:10,111.550674,71.43858,40.11209,39.96849395685962,1.0,0.0
2024-12-01 11:41:10,111.550674,71.43858,40.11209,40.01635965939079,1.0,0.0
2024-12-01 11:41:10,111.550674,71.43858,40.11209,40.0482701277449,1.0,0.0
2024-12-01 11:41:11,111.47741,71.438576,40.038834,40.04512462455129,1.0,0.0
2024-12-01 11:41:11,111.47741,71.43857,40.03884,40.04303016555373,1.0,0.0
2024-12-01 11:41:11,111.47741,71.43856,40.03885,40.04163640268686,1.0,0.0
2024-12-01 11:41:12,111.550674,71.43851,40.112167,40.06514672125739,1.0,0.0
2024-12-01 11:41:13,111.77045,71.43845,40.331993,40.154095515180714,1.0,0.0
2024-12-01 11:41:14,111.50183,71.43841,40.063423,40.12387139569991,1.0,0.0
2024-12-01 11:41:15,111.550674,71.43792,40.112755,40.12016587105906,1.0,0.0
2024-12-01 11:41:16,111.42857,71.43741,39.991165,40.07716563441698,1.0,0.0
2024-12-01 11:41:18,111.62393,71.437,40.186935,40.11375556454622,1.0,0.0
2024-12-01 11:41:18,111.69719,71.43661,40.260582,40.1626976997691,1.0,0.0
2024-12-01 11:41:20,111.77045,71.43622,40.33423,40.219874638387736,1.0,0.0
2024-12-01 11:41:21,111.62393,71.43587,40.188065,40.20927128399026,1.0,0.0
2024-12-01 11:41:22,111.74603,71.43558,40.310455,40.24299929674872,1.0,0.0
2024-12-01 11:41:23,111.672775,71.43533,40.237442,40.241146870033006,1.0,0.0
2024-12-01 11:41:24,111.74603,71.435135,40.310898,40.26439718907149,1.0,0.0
2024-12-01 11:41:25,111.86813,71.43496,40.433174,40.32065617048126,1.0,0.0
2024-12-01 11:41:26,111.57509,71.4348,40.14029,40.26053388253438,1.0,0.0
2024-12-01 11:41:27,111.77045,71.43465,40.3358,40.285622645322405,1.0,0.0
2024-12-01 11:41:28,111.47741,71.434525,40.042885,40.204710039101656,1.0,0.0
2024-12-01 11:41:29,111.59951,71.43442,40.165092,40.191504182155015,1.0,0.0
2024-12-01 11:41:30,111.30647,71.43431,39.87216,40.08505674318147,1.0,0.0
2024-12-01 11:41:31,111.648346,71.4342,40.21415,40.1280876538202,1.0,0.0
2024-12-01 11:41:32,111.550674,71.434105,40.11657,40.12424827556113,1.0,0.0
2024-12-01 11:41:33,111.672775,71.434006,40.23877,40.162422027457424,1.0,0.0
2024-12-01 11:41:34,111.526245,71.43392,40.092323,40.13905578604584,1.0,0.0
2024-12-01 11:41:35,111.42857,71.433815,39.99476,40.09095672601624,1.0,0.0
2024-12-01 11:41:36,111.47741,71.43374,40.04367,40.07519470210978,1.0,0.0
2024-12-01 11:41:37,111.37973,71.43363,39.9461,40.03216257728543,1.0,0.0
2024-12-01 11:41:38,111.28204,71.433586,39.848457,39.97092749699888,1.0,0.0
2024-12-01 11:41:39,111.30647,71.433624,39.87285,39.938234501579984,1.0,0.0
2024-12-01 11:41:40,111.13553,71.43353,39.701996,39.85948828425645,1.0,0.0
2024-12-01 11:41:41,110.964584,71.43346,39.531128,39.75003483273347,1.0,0.0
2024-12-01 11:41:42,111.42857,71.43336,39.995216,39.831762011698615,1.0,0.0
2024-12-01 11:41:43,111.30647,71.433266,39.873207,39.8455770385608,1.0,0.0
2024-12-01 11:41:44,110.91575,71.43319,39.48256,39.724571093741055,1.0,0.0
2024-12-01 11:41:45,111.13553,71.43312,39.702408,39.71718334146539,1.0,0.0
2024-12-01 11:41:46,110.74481,71.43307,39.311745,39.582037124290736,1.0,0.0
2024-12-01 11:41:47,110.69597,71.43304,39.26293,39.47566869077065,1.0,0.0
2024-12-01 11:41:48,110.647125,71.43296,39.214165,39.388500705142675,1.0,0.0
2024-12-01 11:41:49,110.50061,71.432915,39.067696,39.281565675987046,1.0,0.0
2024-12-01 11:41:50,110.45177,71.43289,39.018875,39.194002158014804,1.0,0.0
2024-12-01 11:41:51,110.18315,71.43286,38.75029,39.04609807767393,1.0,0.0
2024-12-01 11:41:53,110.18315,71.432846,38.750305,38.94750044370971,1.0,0.0
2024-12-01 11:41:54,110.30525,71.432846,38.872406,38.922468964426265,1.0,0.0
2024-12-01 11:41:56,110.30525,71.432816,38.872437,38.90579148409668,1.0,0.0
2024-12-01 11:41:57,109.91453,71.43277,38.48176,38.76444702862305,1.0,0.0
2024-12-01 11:41:58,109.69475,71.432755,38.261993,38.59696248848308,1.0,0.0
2024-12-01 11:41:59,109.52381,71.432755,38.091057,38.428327266898876,1.0,0.0
2024-12-01 11:42:00,109.37729,71.43277,37.94452,38.26705785892217,1.0,0.0
2024-12-01 11:42:01,109.25519,71.43277,37.82242,38.11884464357833,1.0,0.0
2024-12-01 11:42:02,109.15751,71.432785,37.724724,37.98747103435821,1.0,0.0
2024-12-01 11:42:03,109.25519,71.43318,37.822006,37.932316098100785,1.0,0.0
2024-12-01 11:42:04,109.01099,71.43362,37.57737,37.814000628714325,1.0,0.0
2024-12-01 11:42:06,108.91331,71.43422,37.479088,37.702363029006165,1.0,0.0
2024-12-01 11:42:07,108.71795,71.43482,37.283127,37.56261762968901,1.0,0.0
2024-12-01 11:42:08,108.424904,71.435295,36.98961,37.371614674675484,1.0,0.0
2024-12-01 11:42:09,108.424904,71.43569,36.989212,37.244147128494596,1.0,0.0
2024-12-01 11:42:10,107.96092,71.435974,36.52495,37.00441412570213,1.0,0.0
2024-12-01 11:42:11,107.81441,71.43622,36.37819,36.79567244610611,1.0,0.0
2024-12-01 11:42:12,108.107445,71.43641,36.671036,36.754126886271266,1.0,0.0
2024-12-01 11:42:13,107.74115,71.436584,36.304565,36.60427306741001,1.0,0.0
2024-12-01 11:42:14,107.59463,71.43673,36.157898,36.45548136134626,1.0,0.0
2024-12-01 11:42:15,107.30159,71.436874,35.864716,36.2585594329548,1.0,0.0
2024-12-01 11:42:16,107.228325,71.43703,35.791298,36.10280559283575,1.0,0.0
2024-12-01 11:42:17,107.008545,71.43718,35.571365,35.925658847372276,1.0,0.0
2024-12-01 11:42:18,106.71551,71.437294,35.278214,35.70984373190704,1.0,0.0
2024-12-01 11:42:19,106.691086,71.43742,35.253662,35.55778319106303,1.0,0.0
2024-12-01 11:42:20,106.5934,71.437546,35.155853,35.423806551203484,1.0,0.0
2024-12-01 11:42:21,106.49573,71.437675,35.058052,35.30188838846509,1.0,0.0
2024-12-01 11:42:22,106.32478,71.43776,34.887024,35.163600234237144,1.0,0.0
2024-12-01 11:42:23,106.15385,71.437904,34.715942,35.01438095042893,1.0,0.0
2024-12-01 11:42:24,105.9829,71.43806,34.544846,34.85786916063752,1.0,0.0
2024-12-01 11:42:25,105.811966,71.438194,34.37377,34.69650332958517,1.0,0.0
2024-12-01 11:43:40,97.46031,71.438324,26.021988,31.804998191403136,1.0,0.0
2024-12-01 11:43:41,97.558,71.43845,26.119545,29.90984712190548,1.0,0.0
2024-12-01 11:43:42,97.04517,71.43861,25.606567,28.47542054220782,1.0,0.0
2024-12-01 11:43:43,97.02075,71.43875,25.582,27.510947272279175,1.0,0.0
2024-12-01 11:43:44,97.48473,71.4389,26.04583,27.022574772502523,1.0,0.0
2024-12-01 11:43:45,97.3138,71.43905,25.874748,26.639965924995174,1.0,0.0
2024-12-01 11:43:46,97.289375,71.43887,25.850502,26.37681128805017,1.0,0.0
2024-12-01 11:43:47,97.24054,71.438614,25.801926,26.185182745093343,1.0,0.0
2024-12-01 11:43:48,97.09402,71.43847,25.655548,26.008637861963273,1.0,0.0
2024-12-01 11:43:49,97.411476,71.4384,25.973076,25.996783863541925,1.0,0.0
2024-12-01 11:43:50,97.02075,71.43855,25.5822,25.858588941254517,1.0,0.0
2024-12-01 11:43:51,96.80098,71.438835,25.362144,25.693107450907963,1.0,0.0
2024-12-01 11:43:52,96.89866,71.43913,25.459526,25.615246987942548,1.0,0.0
2024-12-01 11:43:53,96.99634,71.43941,25.55693,25.595808172625766,1.0,0.0
2024-12-01 11:43:54,97.04517,71.43963,25.605545,25.599053796398948,1.0,0.0
2024-12-01 11:43:55,96.80098,71.43978,25.361198,25.519768672696955,1.0,0.0
2024-12-01 11:43:56,96.70329,71.439896,25.263397,25.43431152073026,1.0,0.0
2024-12-01 11:43:57,96.53236,71.44003,25.092323,25.32031544822773,1.0,0.0
2024-12-01 11:43:58,96.630035,71.44005,25.189987,25.276872693024217,1.0,0.0
2024-12-01 11:43:59,96.82539,71.44004,25.385353,25.313032824809117,1.0,0.0
2024-12-01 11:44:00,96.77656,71.43995,25.336609,25.320891512112333,1.0,0.0
2024-12-01 11:44:01,96.60561,71.4399,25.16571,25.269164491147805,1.0,0.0
2024-12-01 11:44:02,96.36141,71.43986,24.921555,25.153294515908435,1.0,0.0
2024-12-01 11:44:03,96.45909,71.43982,25.019272,25.10862029413427,1.0,0.0
2024-12-01 11:44:05,96.337,71.439735,24.897263,25.038167720503576,1.0,0.0
2024-12-01 11:44:06,96.31258,71.439606,24.87297,24.98310200735395,1.0,0.0
2024-12-01 11:44:07,96.55678,71.43947,25.11731,25.02783786167347,1.0,0.0
2024-12-01 11:44:08,96.288155,71.439354,24.8488,24.968158794175544,1.0,0.0
2024-12-01 11:44:09,96.38583,71.439285,24.946548,24.960955350088383,1.0,0.0
2024-12-01 11:44:10,96.36141,71.439186,24.922226,24.94804555077507,1.0,0.0
2024-12-01 11:44:11,96.23932,71.43909,24.800232,24.898774345047965,1.0,0.0
2024-12-01 11:44:12,96.190475,71.439,24.751472,24.84967372108016,1.0,0.0
2024-12-01 11:44:13,96.36141,71.438866,24.922546,24.873964609626356,1.0,0.0
2024-12-01 11:44:14,96.04395,71.43878,24.605171,24.784366807622,1.0,0.0
2024-12-01 11:44:15,95.99512,71.43864,24.55648,24.708404674319617,1.0,0.0
2024-12-01 11:44:16,96.04395,71.43838,24.605576,24.67412830338756,1.0,0.0
2024-12-01 11:44:17,96.068375,71.438126,24.630249,24.65950187673754,1.0,0.0
2024-12-01 11:44:18,96.14163,71.437904,24.703728,24.674243825214354,1.0,0.0
2024-12-01 11:44:19,95.67766,71.437645,24.240013,24.529500257662434,1.0,0.0
2024-12-01 11:44:20,95.628815,71.43735,24.191467,24.416822600160373,1.0,0.0
2024-12-01 11:44:21,95.726494,71.43714,24.289352,24.374332539104312,1.0,0.0
2024-12-01 11:44:22,95.628815,71.43696,24.191856,24.31350715416199,1.0,0.0
2024-12-01 11:44:23,95.65324,71.436935,24.216301,24.28110509089315,1.0,0.0
2024-12-01 11:44:24,95.750916,71.43708,24.313835,24.292015108609757,1.0,0.0
2024-12-01 11:44:25,95.38461,71.43724,23.947372,24.17713421791432,1.0,0.0
2024-12-01 11:44:26,95.750916,71.43731,24.313606,24.222624899345224,1.0,0.0
2024-12-01 11:44:27,95.60439,71.437485,24.166908,24.204052687616873,1.0,0.0
2024-12-01 11:44:28,95.48229,71.43748,24.044815,24.150973479570105,1.0,0.0
2024-12-01 11:44:29,95.33577,71.43731,23.89846,24.066802449107936,1.0,0.0
2024-12-01 11:44:30,95.55556,71.43714,24.118416,24.084006910245137,1.0,0.0
2024-12-01 11:44:31,95.23809,71.43688,23.801208,23.989740772194676,1.0,0.0
2024-12-01 11:44:32,95.23809,71.4366,23.80149,23.92699077602692,1.0,0.0
2024-12-01 11:44:33,95.33577,71.43637,23.899399,23.917793451921593,1.0,0.0
2024-12-01 11:44:34,95.33577,71.43623,23.899536,23.91170767888523,1.0,0.0
2024-12-01 11:44:35,95.21368,71.436295,23.777382,23.866932418247707,1.0,0.0
2024-12-01 11:44:36,95.21368,71.43638,23.777298,23.837054270042742,1.0,0.0
2024-12-01 11:44:38,95.36019,71.43667,23.923523,23.865877163101413,1.0,0.0
2024-12-01 11:44:39,95.36019,71.43697,23.923218,23.88499069988011,1.0,0.0
2024-12-01 11:44:40,95.116,71.4372,23.678795,23.816258753533354,1.0,0.0
2024-12-01 11:44:41,95.116,71.437355,23.678642,23.770386593338642,1.0,0.0
2024-12-01 11:44:42,95.36019,71.43748,23.922714,23.821162473358577,1.0,0.0
2024-12-01 11:44:43,95.36019,71.43753,23.92266,23.85499525811796,1.0,0.0
2024-12-01 11:44:44,95.116,71.43741,23.678589,23.796193127807808,1.0,0.0
2024-12-01 11:44:45,95.116,71.43728,23.678719,23.757034940836718,1.0,0.0
2024-12-01 11:44:46,94.94505,71.43721,23.507843,23.673970966417187,1.0,0.0
2024-12-01 11:44:47,94.94505,71.43714,23.507912,23.61861787165443,1.0,0.0
2024-12-01 11:44:48,95.23809,71.43691,23.801178,23.679471240608162,1.0,0.0
2024-12-01 11:44:49,95.23809,71.43662,23.801468,23.72013679224138,1.0,0.0
2024-12-01 11:44:50,94.871796,71.436325,23.43547,23.62524805517915,1.0,0.0
2024-12-01 11:44:51,94.871796,71.43606,23.435738,23.562077906740527,1.0,0.0
2024-12-01 11:46:04,94.04151,71.43585,22.60566,23.24327176611478,1.0,0.0
2024-12-01 11:46:05,94.188034,71.43578,22.75225,23.079598067872094,1.0,0.0
2024-12-01 11:46:06,94.33455,71.435875,22.898674,23.019290048991554,1.0,0.0
2024-12-01 11:46:07,94.11478,71.43607,22.678703,22.90576113536286,1.0,0.0
2024-12-01 11:46:08,94.26129,71.436264,22.825027,22.878849912182012,1.0,0.0
2024-12-01 11:46:09,94.188034,71.43644,22.751595,22.836431455940353,1.0,0.0
2024-12-01 11:46:10,94.188034,71.43572,22.752312,22.80839153947456,1.0,0.0
2024-12-01 11:46:11,94.04151,71.43476,22.60675,22.74117785574346,1.0,0.0
2024-12-01 11:46:12,94.310135,71.43394,22.876198,22.78618450880944,1.0,0.0
2024-12-01 11:46:13,94.188034,71.43335,22.754684,22.775684488620357,1.0,0.0
2024-12-01 11:46:14,94.11478,71.43291,22.68187,22.744412828025553,1.0,0.0
2024-12-01 11:46:15,94.310135,71.43257,22.877563,22.78879637753787,1.0,0.0
2024-12-01 11:46:16,93.82173,71.43233,22.389404,22.65566568398358,1.0,0.0
2024-12-01 11:46:17,93.89499,71.43217,22.462822,22.591384442805463,1.0,0.0
2024-12-01 11:46:18,94.04151,71.43202,22.60949,22.5974194421763,1.0,0.0
2024-12-01 11:46:19,94.11478,71.43191,22.682869,22.62590261395738,1.0,0.0
2024-12-01 11:46:20,93.89499,71.431854,22.463135,22.571646664513253,1.0,0.0
2024-12-01 11:46:21,93.82173,71.43183,22.3899,22.511064512182013,1.0,0.0
2024-12-01 11:46:23,93.89499,71.431854,22.463135,22.495087929996345,1.0,0.0
2024-12-01 11:46:24,93.968254,71.43188,22.536377,22.508850937705898,1.0,0.0
2024-12-01 11:46:25,93.89499,71.43193,22.463058,22.493586782363828,1.0,0.0
2024-12-01 11:46:26,94.090355,71.431984,22.658371,22.548514845469114,1.0,0.0
2024-12-01 11:46:27,94.090355,71.43207,22.658287,22.585105579759357,1.0,0.0
2024-12-01 11:46:28,94.11478,71.43217,22.68261,22.61760690587473,1.0,0.0
2024-12-01 11:46:29,93.67522,71.43221,22.243004,22.492739218988103,1.0,0.0
2024-12-01 11:46:30,93.82173,71.432274,22.389458,22.458312046870976,1.0,0.0
2024-12-01 11:46:31,93.748474,71.43225,22.316223,22.4109490794244,1.0,0.0
2024-12-01 11:46:32,93.89499,71.43217,22.462822,22.42824003976601,1.0,0.0
2024-12-01 11:46:33,93.62637,71.43209,22.194283,22.35025420375677,1.0,0.0
2024-12-01 11:46:34,93.89499,71.432014,22.462975,22.387827651951127,1.0,0.0
2024-12-01 11:46:35,93.82173,71.43199,22.38974,22.388465098045543,1.0,0.0
2024-12-01 11:46:36,94.04151,71.43196,22.60955,22.462160224055104,1.0,0.0
2024-12-01 11:46:37,93.40659,71.43197,21.974625,22.299648360633093,1.0,0.0
2024-12-01 11:46:38,93.968254,71.43195,22.5363,22.378532460148627,1.0,0.0
2024-12-01 11:46:39,93.60195,71.4319,22.170052,22.309038831668097,1.0,0.0
2024-12-01 11:46:40,93.67522,71.43183,22.243385,22.287154326092534,1.0,0.0
2024-12-01 11:46:41,93.528694,71.431816,22.096878,22.223728901314296,1.0,0.0
2024-12-01 11:46:42,94.01709,71.43182,22.585266,22.34424130530328,1.0,0.0
2024-12-01 11:46:43,93.82173,71.43186,22.38987,22.359450766849324,1.0,0.0
2024-12-01 11:46:44,93.748474,71.4319,22.316574,22.345158543459448,1.0,0.0
2024-12-01 11:46:45,93.60195,71.43197,22.169983,22.286766665691715,1.0,0.0
2024-12-01 11:46:46,93.528694,71.43199,22.096703,22.223411969022344,1.0,0.0
2024-12-01 11:46:47,93.40659,71.43196,21.974632,22.14048540040943,1.0,0.0
2024-12-01 11:46:48,93.60195,71.4319,22.170052,22.150340791841963,1.0,0.0
2024-12-01 11:46:49,93.47985,71.43187,22.047981,22.11622094863032,1.0,0.0
2024-12-01 11:46:50,93.528694,71.431816,22.096878,22.109773316339485,1.0,0.0
2024-12-01 11:46:51,93.40659,71.43181,21.974785,22.064777161251065,1.0,0.0
2024-12-01 11:46:52,93.33333,71.4318,21.901527,22.01036057576243,1.0,0.0
2024-12-01 11:46:53,93.528694,71.4318,22.096893,22.03920482069058,1.0,0.0
2024-12-01 11:46:54,93.40659,71.43178,21.974815,22.01774167001117,1.0,0.0
2024-12-01 11:46:55,93.26007,71.43178,21.828293,21.95459206223401,1.0,0.0
2024-12-01 11:46:56,93.33333,71.43176,21.901566,21.936916558741945,1.0,0.0
2024-12-01 11:46:57,93.40659,71.43178,21.974815,21.949549495378747,1.0,0.0
2024-12-01 11:46:58,93.33333,71.43179,21.901535,21.93354467497906,1.0,0.0
2024-12-01 11:46:59,93.33333,71.43179,21.901535,21.922874794712605,1.0,0.0
2024-12-01 11:47:00,93.47985,71.431786,22.048065,21.964604924990695,1.0,0.0
2024-12-01 11:47:01,93.18681,71.4318,21.755013,21.89474078739614,1.0,0.0
2024-12-01 11:47:02,93.67522,71.431816,22.2434,22.010960716174253,1.0,0.0
2024-12-01 11:47:03,93.04029,71.43182,21.608467,21.876796178133098,1.0,0.0
2024-12-01 11:47:04,93.38217,71.43181,21.950363,21.90131850514863,1.0,0.0
2024-12-01 11:47:05,93.33333,71.431816,21.901512,21.901383052097785,1.0,0.0
2024-12-01 11:47:06,93.40659,71.43182,21.97477,21.925845232160242,1.0,0.0
2024-12-01 11:47:08,93.04029,71.43178,21.608513,21.82006778091282,1.0,0.0
2024-12-01 11:47:09,93.33333,71.431755,21.901573,21.84723624765933,1.0,0.0
2024-12-01 11:47:10,92.96703,71.43173,21.535301,21.743257901271583,1.0,0.0
2024-12-01 11:47:11,93.40659,71.4317,21.974892,21.820469155046943,1.0,0.0
2024-12-01 11:47:12,93.33333,71.43169,21.901642,21.847526718599006,1.0,0.0
2024-12-01 11:47:13,93.33333,71.43167,21.901657,21.865570180563402,1.0,0.0
2024-12-01 11:47:14,93.113556,71.43168,21.681877,21.80433916578576,1.0,0.0
2024-12-01 11:47:15,92.96703,71.43169,21.535347,21.714675105478268,1.0,0.0
2024-12-01 11:47:16,93.26007,71.43171,21.828362,21.752570574062336,1.0,0.0
2024-12-01 11:47:17,92.96703,71.4317,21.535332,21.680157624732963,1.0,0.0
2024-12-01 11:47:18,93.113556,71.4317,21.681854,21.680723165837602,1.0,0.0
2024-12-01 11:47:19,93.26007,71.4317,21.82837,21.729938490766735,1.0,0.0
2024-12-01 11:47:20,92.74725,71.431694,21.31556,21.591812122913502,1.0,0.0
2024-12-01 11:47:21,92.96703,71.43172,21.535316,21.572980237704055,1.0,0.0
2024-12-01 11:47:22,92.89377,71.43171,21.462059,21.536006498801402,1.0,0.0
2024-12-01 11:47:23,93.18681,71.43171,21.755104,21.609039020848073,1.0,0.0
2024-12-01 11:47:24,93.113556,71.43171,21.681847,21.633308220116163,1.0,0.0
2024-12-01 11:47:25,93.18681,71.431694,21.75512,21.673911921320933,1.0,0.0
2024-12-01 11:47:26,92.82051,71.43169,21.388824,21.57888276851083,1.0,0.0
2024-12-01 11:47:27,92.89377,71.43167,21.462097,21.539954234996806,1.0,0.0
2024-12-01 11:47:28,92.69841,71.43166,21.266747,21.44888499699657,1.0,0.0
2024-12-01 11:47:29,92.84493,71.43164,21.413292,21.43702064171516,1.0,0.0
2024-12-01 11:47:29,92.84493,71.43162,21.413315,21.42911870092209,1.0,0.0
2024-12-01 11:47:30,92.47863,71.431595,21.047035,21.30175753970978,1.0,0.0
2024-12-01 11:47:30,92.47863,71.431595,21.047035,21.216850098901574,1.0,0.0
2024-12-01 11:47:31,92.69841,71.431595,21.266815,21.233505127783342,1.0,0.0
2024-12-01 11:47:31,92.69841,71.431595,21.266815,21.244608480371188,1.0,0.0
2024-12-01 11:47:32,92.551895,71.43158,21.120316,21.20317750416673,1.0,0.0
2024-12-01 11:47:32,92.551895,71.431564,21.12033,21.175561939626782,1.0,0.0
2024-12-01 11:47:33,92.74725,71.43155,21.315704,21.222276074985565,1.0,0.0
2024-12-01 11:47:33,92.74725,71.43154,21.315712,21.25342137502293,1.0,0.0
2024-12-01 11:47:34,92.89377,71.431526,21.462242,21.323028292170235,1.0,0.0
2024-12-01 11:47:34,92.89377,71.43151,21.462257,21.369437989864792,1.0,0.0
2024-12-01 11:47:35,92.77167,71.43151,21.340157,21.359677511635123,1.0,0.0
2024-12-01 11:47:35,92.77167,71.4315,21.340164,21.35317306928019,1.0,0.0
2024-12-01 11:47:36,92.62515,71.43147,21.19368,21.3000086493769,1.0,0.0
2024-12-01 11:47:36,92.62515,71.43145,21.193703,21.264573332169235,1.0,0.0
2024-12-01 11:47:37,92.82051,71.43143,21.389084,21.306076842214388,1.0,0.0
2024-12-01 11:47:37,92.82051,71.431404,21.389107,21.333753478305688,1.0,0.0
2024-12-01 11:47:38,92.89377,71.43137,21.462395,21.37663389032228,1.0,0.0
2024-12-01 11:47:38,92.89377,71.43136,21.46241,21.405225917929698,1.0,0.0
2024-12-01 11:47:39,92.551895,71.43136,21.120537,21.310329546686205,1.0,0.0
2024-12-01 11:47:39,92.551895,71.431366,21.12053,21.247062756059034,1.0,0.0
2024-12-01 11:47:40,92.62515,71.43134,21.19381,21.22931167379847,1.0,0.0
2024-12-01 11:47:40,92.62515,71.43132,21.193832,21.217485248352627,1.0,0.0
2024-12-01 11:47:41,92.62515,71.43132,21.193832,21.209600964722064,1.0,0.0
2024-12-01 11:47:41,92.62515,71.431305,21.193848,21.204349861898045,1.0,0.0
2024-12-01 11:47:42,92.69841,71.43129,21.26712,21.225273361708073,1.0,0.0
2024-12-01 11:47:42,92.69841,71.431274,21.267136,21.239227447844446,1.0,0.0
2024-12-01 11:47:43,92.551895,71.43125,21.120644,21.19969950380385,1.0,0.0
2024-12-01 11:47:43,92.551895,71.431244,21.120651,21.17335008424163,1.0,0.0
2024-12-01 11:47:44,92.69841,71.43125,21.267159,21.204619558928016,1.0,0.0
2024-12-01 11:47:44,92.69841,71.43126,21.26715,21.225463332254094,1.0,0.0
2024-12-01 11:47:45,92.47863,71.43124,21.047394,21.166106821112106,1.0,0.0
2024-12-01 11:47:45,92.47863,71.43121,21.047417,21.126543443078646,1.0,0.0
2024-12-01 11:47:46,92.47863,71.43119,21.04744,21.100175487117536,1.0,0.0
2024-12-01 11:47:46,92.47863,71.431175,21.047455,21.08260193607315,1.0,0.0
2024-12-01 11:47:48,92.40537,71.43117,20.974205,21.04646962974538,1.0,0.0
2024-12-01 11:47:48,92.40537,71.43116,20.974213,21.02238396865838,1.0,0.0
2024-12-01 11:47:49,92.551895,71.431145,21.12075,21.05517278818762,1.0,0.0
2024-12-01 11:47:49,92.551895,71.43114,21.120758,21.077034544338623,1.0,0.0
2024-12-01 11:47:50,92.69841,71.43113,21.26728,21.140449889096843,1.0,0.0
2024-12-01 11:47:50,92.69841,71.43113,21.26728,21.182726785602323,1.0,0.0
2024-12-01 11:47:51,92.40537,71.43114,20.974236,21.11322970195754,1.0,0.0
2024-12-01 11:47:51,92.40537,71.431145,20.974228,21.066895769729506,1.0,0.0
2024-12-01 11:47:52,92.62515,71.431145,21.194008,21.109266470998058,1.0,0.0
2024-12-01 11:47:52,92.62515,71.43115,21.194,21.137511062045583,1.0,0.0
2024-12-01 11:47:53,92.551895,71.431145,21.12075,21.131924183779088,1.0,0.0
2024-12-01 11:47:53,92.551895,71.431145,21.12075,21.12819959826809,1.0,0.0
2024-12-01 11:47:54,92.47863,71.431114,21.047516,21.10130502189227,1.0,0.0
2024-12-01 11:47:54,92.47863,71.43108,21.047546,21.08338547683443,1.0,0.0
2024-12-01 11:47:55,92.28327,71.43104,20.852234,21.00633494679587,1.0,0.0
2024-12-01 11:47:55,92.28327,71.431,20.852272,20.954980642427717,1.0,0.0
2024-12-01 11:47:56,92.47863,71.430984,21.047646,20.985868951234366,1.0,0.0
2024-12-01 11:47:56,92.47863,71.430984,21.047646,21.006461157105463,1.0,0.0
2024-12-01 11:47:57,92.40537,71.43098,20.974396,20.995772688721352,1.0,0.0
2024-12-01 11:47:57,92.40537,71.43097,20.974403,20.988649586263456,1.0,0.0
2024-12-01 11:47:58,92.28327,71.43097,20.852303,20.943200574598816,1.0,0.0
2024-12-01 11:47:58,92.28327,71.43097,20.852303,20.912901233489055,1.0,0.0
2024-12-01 11:47:59,92.47863,71.43093,21.047699,20.957833813862496,1.0,0.0
2024-12-01 11:47:59,92.47863,71.43089,21.047737,20.987801583102343,1.0,0.0
2024-12-01 11:48:00,92.13675,71.43088,20.705872,20.893824916078646,1.0,0.0
2024-12-01 11:48:00,92.13675,71.43087,20.70588,20.831176347861025,1.0,0.0
2024-12-01 11:48:01,92.35653,71.43086,20.925667,20.862673168268028,1.0,0.0
2024-12-01 11:48:01,92.35653,71.43085,20.925682,20.883676134802386,1.0,0.0
2024-12-01 11:48:02,92.40537,71.43081,20.974564,20.913971956079195,1.0,0.0
2024-12-01 11:48:02,92.40537,71.43077,20.974602,20.934181885921287,1.0,0.0
2024-12-01 11:48:03,92.40537,71.430756,20.974617,20.947660258745703,1.0,0.0
2024-12-01 11:48:03,92.40537,71.430756,20.974617,20.956645840628646,1.0,0.0
2024-12-01 11:48:04,92.210014,71.43078,20.779236,20.89750917370035,1.0,0.0
2024-12-01 11:48:04,92.210014,71.4308,20.779213,20.858077099686952,1.0,0.0
2024-12-01 11:48:05,92.210014,71.43082,20.779198,20.831783964081666,1.0,0.0
2024-12-01 11:48:05,92.210014,71.430824,20.77919,20.814252663879966,1.0,0.0
2024-12-01 11:48:06,92.06349,71.43084,20.632652,20.753719203491592,1.0,0.0
2024-12-01 11:48:06,92.06349,71.43086,20.63263,20.713355933838145,1.0,0.0
2024-12-01 11:48:07,92.13675,71.43088,20.705872,20.710861149902513,1.0,0.0
2024-12-01 11:48:07,92.13675,71.43089,20.705856,20.70919287434907,1.0,0.0
2024-12-01 11:48:29,91.86813,71.43088,20.437256,20.618547202691047,1.0,0.0
2024-12-01 11:48:29,91.86813,71.43086,20.437271,20.558121841182054,1.0,0.0
2024-12-01 11:48:29,91.86813,71.43086,20.437271,20.517838266842723,1.0,0.0
2024-12-01 11:48:30,91.86813,71.43086,20.437271,20.490982550616504,1.0,0.0
2024-12-01 11:48:30,91.86813,71.430855,20.437279,20.473081282930536,1.0,0.0
2024-12-01 11:48:30,91.86813,71.43085,20.437286,20.461149647604735,1.0,0.0
2024-12-01 11:48:31,91.72161,71.43085,20.290764,20.404354383396647,1.0,0.0
2024-12-01 11:48:31,91.72161,71.43086,20.290749,20.366485787661567,1.0,0.0
2024-12-01 11:48:31,91.72161,71.43087,20.290741,20.341237514040003,1.0,0.0
2024-12-01 11:48:32,91.23321,71.430885,19.802322,20.161599138591775,1.0,0.0
2024-12-01 11:48:32,91.23321,71.4309,19.802307,20.041835135363268,1.0,0.0
2024-12-01 11:48:32,91.23321,71.430916,19.802292,19.961987380281244,1.0,0.0
2024-12-01 11:48:33,91.79487,71.43094,20.36393,20.095968169699216,1.0,0.0
2024-12-01 11:48:33,91.79487,71.43096,20.363907,20.185281066583332,1.0,0.0
2024-12-01 11:48:33,91.79487,71.43098,20.363892,20.24481791157639,1.0,0.0
2024-12-01 11:48:34,91.72161,71.431,20.290611,20.26008236341421,1.0,0.0
2024-12-01 11:48:34,91.72161,71.43102,20.290588,20.27025103524489,1.0,0.0
2024-12-01 11:48:34,91.72161,71.431046,20.290565,20.277022520404145,1.0,0.0
2024-12-01 11:48:35,91.72161,71.43103,20.29058,20.28154193010667,1.0,0.0
2024-12-01 11:48:35,91.72161,71.431015,20.290596,20.284559956171375,1.0,0.0
2024-12-01 11:48:35,91.72161,71.431,20.290611,20.286577059810867,1.0,0.0
2024-12-01 11:48:36,91.64835,71.43099,20.217361,20.263505189939018,1.0,0.0
2024-12-01 11:48:36,91.64835,71.43098,20.217377,20.248129029620806,1.0,0.0
2024-12-01 11:48:36,91.64835,71.43098,20.217377,20.23787825607533,1.0,0.0
2024-12-01 11:48:37,91.72161,71.430984,20.290627,20.255461012676523,1.0,0.0
2024-12-01 11:48:37,91.72161,71.431,20.290611,20.267177764147633,1.0,0.0
2024-12-01 11:48:37,91.72161,71.43101,20.290604,20.274986388663528,1.0,0.0
2024-12-01 11:48:38,91.50183,71.430984,20.070847,20.206939778314748,1.0,0.0
2024-12-01 11:48:38,91.50183,71.430954,20.070877,20.161585543941605,1.0,0.0
2024-12-01 11:48:38,91.50183,71.43092,20.070908,20.131359560218883,1.0,0.0
2024-12-01 11:48:39,91.35531,71.43091,19.9244,20.062373150009204,1.0,0.0
2024-12-01 11:48:39,91.35531,71.4309,19.924408,20.016384753000928,1.0,0.0
2024-12-01 11:48:39,91.35531,71.43089,19.924416,19.985728364793587,1.0,0.0
2024-12-01 11:48:40,91.64835,71.430916,20.217438,20.062964824575936,1.0,0.0
2024-12-01 11:48:40,91.64835,71.430954,20.2174,20.114443082106614,1.0,0.0
2024-12-01 11:48:40,91.64835,71.430984,20.21737,20.14875174793436,1.0,0.0
2024-12-01 11:48:41,91.42857,71.431,19.997574,20.098359116135928,1.0,0.0
2024-12-01 11:48:41,91.42857,71.431015,19.997559,20.064758942007288,1.0,0.0
2024-12-01 11:48:41,91.42857,71.43102,19.997551,20.042356282790017,1.0,0.0
2024-12-01 11:48:42,91.15995,71.43101,19.728943,19.937885145557928,1.0,0.0
2024-12-01 11:48:42,91.15995,71.43099,19.728958,19.868242806999557,1.0,0.0
2024-12-01 11:48:42,91.15995,71.43098,19.728973,19.821819667556998,1.0,0.0
2024-12-01 11:48:43,91.30647,71.43098,19.875496,19.839711748586176,1.0,0.0
2024-12-01 11:48:43,91.30647,71.43098,19.875496,19.85163980260563,1.0,0.0
2024-12-01 11:48:43,91.30647,71.43098,19.875496,19.8595918386186,1.0,0.0
2024-12-01 11:48:44,91.08669,71.43099,19.6557,19.791628120276982,1.0,0.0
2024-12-01 11:48:44,91.08669,71.431,19.655693,19.746316431584397,1.0,0.0
2024-12-01 11:48:44,91.08669,71.431015,19.655678,19.71610355285965,1.0,0.0
2024-12-01 11:48:45,91.08669,71.431015,19.655678,19.69596163370982,1.0,0.0
2024-12-01 11:48:45,91.08669,71.431015,19.655678,19.682533687609933,1.0,0.0
2024-12-01 11:48:45,91.08669,71.431015,19.655678,19.673581723543343,1.0,0.0
2024-12-01 11:48:46,91.30647,71.43103,19.875443,19.740868650656502,1.0,0.0
2024-12-01 11:48:46,91.30647,71.431046,19.875427,19.78572151580225,1.0,0.0
2024-12-01 11:48:46,91.30647,71.43106,19.875412,19.815618339636398,1.0,0.0
2024-12-01 11:48:47,91.15995,71.43106,19.72889,19.786708714868276,1.0,0.0
2024-12-01 11:48:47,91.15995,71.43105,19.728897,19.767438174821038,1.0,0.0
2024-12-01 11:48:47,91.15995,71.43105,19.728897,19.75459114812288,1.0,0.0
2024-12-01 11:48:48,91.15995,71.43105,19.728897,19.746026463657444,1.0,0.0
2024-12-01 11:48:48,91.15995,71.431046,19.728905,19.740319217145327,1.0,0.0
2024-12-01 11:48:49,91.08669,71.431046,19.655647,19.71209523737423,1.0,0.0
2024-12-01 11:48:49,91.08669,71.43105,19.65564,19.693276707728653,1.0,0.0
2024-12-01 11:48:50,91.23321,71.43106,19.802147,19.729566775692803,1.0,0.0
2024-12-01 11:48:50,91.23321,71.431076,19.802132,19.753755068072547,1.0,0.0
2024-12-01 11:48:51,91.01343,71.431076,19.582352,19.696620606905135,1.0,0.0
2024-12-01 11:48:51,91.01343,71.431076,19.582352,19.65853096612686,1.0,0.0
2024-12-01 11:48:52,91.08669,71.43108,19.65561,19.6575570210377,1.0,0.0
2024-12-01 11:48:52,91.08669,71.43109,19.655602,19.656905181180083,1.0,0.0
2024-12-01 11:48:53,91.01343,71.43109,19.582336,19.632048929380474,1.0,0.0
2024-12-01 11:48:53,91.01343,71.43109,19.582336,19.6154780948474,1.0,0.0
2024-12-01 11:48:54,90.96459,71.43109,19.5335,19.588152287027174,1.0,0.0
2024-12-01 11:48:54,90.96459,71.43109,19.5335,19.56993508181369,1.0,0.0
2024-12-01 11:48:56,90.74481,71.4311,19.313713,19.48452774578595,1.0,0.0
2024-12-01 11:48:56,90.74481,71.43111,19.313705,19.427586978635947,1.0,0.0
2024-12-01 11:48:57,90.74481,71.4311,19.313713,19.389629010334122,1.0,0.0
2024-12-01 11:48:57,90.74481,71.43109,19.31372,19.364326241264415,1.0,0.0
2024-12-01 11:48:58,90.94017,71.43109,19.509079,19.412577154007007,1.0,0.0
2024-12-01 11:48:58,90.94017,71.43109,19.509079,19.444744429168736,1.0,0.0
2024-12-01 11:48:59,90.94017,71.43109,19.509079,19.466189279276556,1.0,0.0
2024-12-01 11:48:59,90.94017,71.43109,19.509079,19.4804858460151,1.0,0.0
2024-12-01 11:49:00,90.74481,71.43109,19.31372,19.424897465051735,1.0,0.0
2024-12-01 11:49:00,90.74481,71.4311,19.313713,19.387836001277982,1.0,0.0
2024-12-01 11:49:01,90.74481,71.4311,19.313713,19.363128358762147,1.0,0.0
2024-12-01 11:49:01,90.74481,71.43111,19.313705,19.34665405395341,1.0,0.0
2024-12-01 11:49:02,90.94017,71.431114,19.509056,19.40078806640514,1.0,0.0
2024-12-01 11:49:02,90.94017,71.431114,19.509056,19.436877408039628,1.0,0.0
2024-12-01 11:49:03,90.94017,71.43112,19.509048,19.460934425997774,1.0,0.0
2024-12-01 11:49:03,90.94017,71.43112,19.509048,19.47697243796987,1.0,0.0
2024-12-01 11:49:04,90.67155,71.43113,19.240417,19.398120785469498,1.0,0.0
2024-12-01 11:49:04,90.67155,71.43113,19.240417,19.345553017135916,1.0,0.0
2024-12-01 11:49:05,90.67155,71.4311,19.240448,19.310518010772903,1.0,0.0
2024-12-01 11:49:05,90.67155,71.431076,19.24047,19.287168969258758,1.0,0.0
2024-12-01 11:49:06,90.74481,71.431046,19.313766,19.296034806003235,1.0,0.0
2024-12-01 11:49:06,90.74481,71.43102,19.31379,19.301952993227417,1.0,0.0
2024-12-01 11:49:07,90.74481,71.431015,19.313797,19.305900994508384,1.0,0.0
2024-12-01 11:49:07,90.74481,71.43101,19.313805,19.30853553849387,1.0,0.0
2024-12-01 11:49:08,90.74481,71.431,19.313812,19.310294444282373,1.0,0.0
2024-12-01 11:49:09,90.74481,71.43099,19.31382,19.311469591272886,1.0,0.0
2024-12-01 11:49:10,90.52503,71.43101,19.094025,19.2389879469163,1.0,0.0
2024-12-01 11:49:11,90.52503,71.43102,19.09401,19.190661764415555,1.0,0.0
2024-12-01 11:49:12,90.40293,71.431046,18.971886,19.117736403327818,1.0,0.0
2024-12-01 11:49:13,90.40293,71.43106,18.97187,19.069114409672974,1.0,0.0
2024-12-01 11:49:14,90.52503,71.43108,19.093948,19.077392394534588,1.0,0.0
2024-12-01 11:49:15,90.52503,71.431114,19.093918,19.082900878582954,1.0,0.0
2024-12-01 11:49:16,90.25641,71.43115,18.825256,18.997019368274053,1.0,0.0
2024-12-01 11:49:17,90.25641,71.43118,18.825226,18.939754855542077,1.0,0.0
2024-12-01 11:49:18,90.47619,71.43121,19.044975,18.974828330615292,1.0,0.0
2024-12-01 11:49:19,90.47619,71.43125,19.044937,18.998197931673218,1.0,0.0
2024-12-01 11:49:20,90.25641,71.43126,18.82515,18.94051513315975,1.0,0.0
2024-12-01 11:49:21,90.25641,71.43126,18.82515,18.90205993415077,1.0,0.0
2024-12-01 11:49:22,89.91453,71.43126,18.483269,18.762462868698172,1.0,0.0
2024-12-01 11:49:23,89.91453,71.43127,18.483261,18.66939561526493,1.0,0.0
2024-12-01 11:49:24,90.40293,71.43128,18.97165,18.770146800150577,1.0,0.0
2024-12-01 11:49:25,90.40293,71.43128,18.97165,18.83731425674101,1.0,0.0
2024-12-01 11:49:26,90.329666,71.43129,18.898376,18.85766832610859,1.0,0.0
2024-12-01 11:49:27,90.329666,71.4313,18.898369,18.871235162555468,1.0,0.0
2024-12-01 11:49:29,90.18315,71.43133,18.751823,18.831431250134635,1.0,0.0
2024-12-01 11:49:30,90.18315,71.431366,18.751785,18.804882592863194,1.0,0.0
2024-12-01 11:49:31,90.06105,71.4314,18.629654,18.746473038796818,1.0,0.0
2024-12-01 11:49:32,90.06105,71.43142,18.629631,18.70752570669137,1.0,0.0
2024-12-01 11:49:33,89.84127,71.43142,18.409851,18.6083008292005,1.0,0.0
2024-12-01 11:49:34,89.84127,71.43142,18.409851,18.54215091087325,1.0,0.0
2024-12-01 11:49:35,89.91453,71.431435,18.483093,18.522465027821752,1.0,0.0
2024-12-01 11:49:36,89.91453,71.43145,18.483078,18.509336019524397,1.0,0.0
2024-12-01 11:49:37,89.84127,71.43147,18.409798,18.47615656916861,1.0,0.0
2024-12-01 11:49:38,89.84127,71.431496,18.409775,18.45402930620355,1.0,0.0
2024-12-01 11:49:39,89.69475,71.43155,18.263199,18.390419154982055,1.0,0.0
2024-12-01 11:49:40,89.69475,71.43161,18.263138,18.347992042448976,1.0,0.0
2024-12-01 11:49:41,89.42613,71.43166,17.994469,18.230150924620933,1.0,0.0
2024-12-01 11:49:42,89.42613,71.43172,17.994415,18.151572377481664,1.0,0.0
2024-12-01 11:49:43,89.768005,71.43179,18.336212,18.213118971055486,1.0,0.0
2024-12-01 11:49:44,89.768005,71.43187,18.336136,18.25412460212293,1.0,0.0
2024-12-01 11:49:45,89.62149,71.43194,18.189552,18.232600503791588,1.0,0.0
2024-12-01 11:49:46,89.62149,71.432,18.189491,18.218230759851945,1.0,0.0
2024-12-01 11:49:47,89.35287,71.432076,17.920792,18.119084381893487,1.0,0.0
2024-12-01 11:49:48,89.35287,71.43215,17.920715,18.052961365272743,1.0,0.0
2024-12-01 11:49:48,89.35287,71.43221,17.920654,18.008859009140163,1.0,0.0
2024-12-01 11:49:49,89.40171,71.432274,17.969437,17.995718221262713,1.0,0.0
2024-12-01 11:49:49,89.40171,71.43234,17.969368,17.986934807827488,1.0,0.0
2024-12-01 11:49:50,89.47497,71.43241,18.042557,18.005475459450096,1.0,0.0
2024-12-01 11:49:50,89.47497,71.4325,18.042465,18.017805376287043,1.0,0.0
2024-12-01 11:49:51,89.35287,71.432594,17.920273,17.985294526574176,1.0,0.0
2024-12-01 11:49:51,89.35287,71.43267,17.920197,17.963595195450495,1.0,0.0
2024-12-01 11:49:52,89.54823,71.43275,18.115486,18.014225511973507,1.0,0.0
2024-12-01 11:49:52,89.54823,71.43281,18.115425,18.0479587112701,1.0,0.0
2024-12-01 11:49:53,89.54823,71.43286,18.115372,18.07042970888059,1.0,0.0
2024-12-01 11:49:53,89.54823,71.4329,18.115334,18.085397658296696,1.0,0.0
2024-12-01 11:49:54,89.42613,71.432945,17.993187,18.054660755758995,1.0,0.0
2024-12-01 11:49:54,89.42613,71.433,17.993134,18.034151685479955,1.0,0.0
2024-12-01 11:49:55,89.47497,71.43304,18.041931,18.03674484110122,1.0,0.0
2024-12-01 11:49:55,89.47497,71.43307,18.0419,18.038463438989357,1.0,0.0
2024-12-01 11:49:56,89.42613,71.433136,17.992996,18.02330769793301,1.0,0.0
2024-12-01 11:49:56,89.42613,71.43321,17.99292,18.013178439247007,1.0,0.0
2024-12-01 11:49:57,89.13309,71.43327,17.699814,17.908723573755818,1.0,0.0
2024-12-01 11:49:57,89.13309,71.433334,17.699753,17.839066651709608,1.0,0.0
2024-12-01 11:49:58,89.69475,71.43341,18.261337,17.97982352789755,1.0,0.0
2024-12-01 11:49:58,89.69475,71.43348,18.261269,18.073638557172586,1.0,0.0
2024-12-01 11:49:59,89.47497,71.43352,18.04145,18.062909204944486,1.0,0.0
2024-12-01 11:49:59,89.47497,71.433556,18.041412,18.055743587801533,1.0,0.0
2024-12-01 11:50:00,89.47497,71.43363,18.041336,18.050941078391126,1.0,0.0
2024-12-01 11:50:00,89.47497,71.433716,18.041252,18.04771143100424,1.0,0.0
2024-12-01 11:50:01,89.62149,71.43377,18.187721,18.094381371483298,1.0,0.0
2024-12-01 11:50:01,89.62149,71.43381,18.187683,18.12548194947845,1.0,0.0
2024-12-01 11:50:02,89.27961,71.43386,17.845749,18.03223760010803,1.0,0.0
2024-12-01 11:50:02,89.27961,71.43391,17.845703,17.970059441738687,1.0,0.0
2024-12-01 11:50:04,89.42613,71.433945,17.992188,17.977435461159125,1.0,0.0
2024-12-01 11:50:04,89.42613,71.43398,17.99215,17.982340091781865,1.0,0.0
2024-12-01 11:50:05,89.35287,71.434044,17.918823,17.961167808583745,1.0,0.0
2024-12-01 11:50:05,89.35287,71.4341,17.91877,17.94703515119776,1.0,0.0
2024-12-01 11:50:06,89.42613,71.4342,17.991936,17.962002010792,1.0,0.0
2024-12-01 11:50:06,89.42613,71.4343,17.991829,17.97194431334701,1.0,0.0
2024-12-01 11:50:07,89.62149,71.4344,18.187088,18.043658879796446,1.0,0.0
2024-12-01 11:50:07,89.62149,71.43448,18.187012,18.091443159447632,1.0,0.0
2024-12-01 11:50:08,89.62149,71.43453,18.186958,18.123281543961184,1.0,0.0
2024-12-01 11:50:09,89.54823,71.43457,18.113663,18.12007526921631,1.0,0.0
2024-12-01 11:50:10,89.47497,71.434616,18.040352,18.093500802036136,1.0,0.0
2024-12-01 11:50:11,89.40171,71.43467,17.967041,18.05134753989909,1.0,0.0
2024-12-01 11:50:12,89.27961,71.43472,17.844887,17.98252728652778,1.0,0.0
2024-12-01 11:50:13,89.27961,71.43476,17.844849,17.93663440195602,1.0,0.0
2024-12-01 11:50:14,89.47497,71.43481,18.040161,17.971143312241516,1.0,0.0
2024-12-01 11:50:15,89.35287,71.43488,17.917984,17.953423544424034,1.0,0.0
2024-12-01 11:50:16,89.42613,71.43495,17.99118,17.96600916958998,1.0,0.0
2024-12-01 11:50:17,89.27961,71.43503,17.844582,17.925533314394624,1.0,0.0
2024-12-01 11:50:18,89.35287,71.43516,17.91771,17.922925326458397,1.0,0.0
2024-12-01 11:50:19,89.42613,71.43529,17.990845,17.9455651264931,1.0,0.0
2024-12-01 11:50:20,89.35287,71.43539,17.91748,17.936203573912067,1.0,0.0
2024-12-01 11:50:21,89.27961,71.43547,17.84414,17.90551541564841,1.0,0.0
2024-12-01 11:50:22,89.35287,71.43557,17.917297,17.909442731526024,1.0,0.0
2024-12-01 11:50:23,89.27961,71.43565,17.843956,17.887613818901464,1.0,0.0
2024-12-01 11:50:24,89.206345,71.435745,17.7706,17.848609001012434,1.0,0.0
2024-12-01 11:50:25,89.35287,71.4358,17.917068,17.871428827823394,1.0,0.0
2024-12-01 11:50:26,89.47497,71.435875,18.039093,17.927316891074973,1.0,0.0
2024-12-01 11:50:48,89.47497,71.43598,18.038986,17.96453999606821,1.0,0.0
2024-12-01 11:50:49,89.768005,71.436104,18.331902,18.086993847476464,1.0,0.0
2024-12-01 11:50:50,89.62149,71.436195,18.185295,18.119760933311134,1.0,0.0
2024-12-01 11:50:51,89.54823,71.4363,18.11193,18.11715090459675,1.0,0.0
2024-12-01 11:50:52,89.62149,71.43643,18.185059,18.139786800981167,1.0,0.0
2024-12-01 11:50:53,89.84127,71.43655,18.404724,18.228099241018697,1.0,0.0
2024-12-01 11:50:54,89.47497,71.43645,18.03852,18.164906431675227,1.0,0.0
2024-12-01 11:50:55,89.62149,71.43626,18.185234,18.171682311058227,1.0,0.0
2024-12-01 11:50:56,89.69475,71.43607,18.258675,18.200679747899496,1.0,0.0
2024-12-01 11:50:57,89.54823,71.43591,18.11232,18.17122648069602,1.0,0.0
2024-12-01 11:50:58,89.47497,71.43578,18.039185,18.12721251056818,1.0,0.0
2024-12-01 11:50:59,89.62149,71.43567,18.185822,18.146748851446496,1.0,0.0
2024-12-01 11:51:00,89.62149,71.43559,18.185898,18.15979851001381,1.0,0.0
2024-12-01 11:51:01,89.62149,71.43551,18.185982,18.168526256838636,1.0,0.0
2024-12-01 11:51:02,89.69475,71.43545,18.2593,18.198784248536956,1.0,0.0
2024-12-01 11:51:03,89.54823,71.43537,18.112862,18.170143376791565,1.0,0.0
2024-12-01 11:51:04,89.27961,71.435326,17.844284,18.06152360373344,1.0,0.0
2024-12-01 11:51:05,89.62149,71.43526,18.186234,18.103093575991565,1.0,0.0
2024-12-01 11:51:06,89.69475,71.435196,18.259552,18.15524638464542,1.0,0.0
2024-12-01 11:51:07,89.768005,71.435165,18.33284,18.21444424503705,1.0,0.0
2024-12-01 11:51:08,89.54823,71.435135,18.113098,18.180662211535118,1.0,0.0
2024-12-01 11:51:09,89.768005,71.4351,18.332909,18.231411017813777,1.0,0.0
2024-12-01 11:51:10,89.69475,71.43506,18.25969,18.240837122227415,1.0,0.0
2024-12-01 11:51:11,89.42613,71.435005,17.991127,18.15760041953833,1.0,0.0
2024-12-01 11:51:12,89.84127,71.43495,18.406319,18.240506501209147,1.0,0.0
2024-12-01 11:51:13,89.84127,71.43489,18.40638,18.29579756737511,1.0,0.0
2024-12-01 11:51:14,89.98779,71.43484,18.552956,18.381516920730544,1.0,0.0
2024-12-01 11:51:15,89.62149,71.4348,18.186691,18.31657504188026,1.0,0.0
2024-12-01 11:51:16,89.69475,71.43475,18.259995,18.297714863532153,1.0,0.0
2024-12-01 11:51:17,89.62149,71.434685,18.186806,18.260745150720656,1.0,0.0
2024-12-01 11:51:18,89.768005,71.43461,18.333397,18.284962404354136,1.0,0.0
2024-12-01 11:51:19,89.84127,71.434525,18.406746,18.325556906450934,1.0,0.0
2024-12-01 11:51:21,89.54823,71.43442,18.113815,18.254976373506352,1.0,0.0
2024-12-01 11:51:21,89.84127,71.43433,18.406937,18.30562979750684,1.0,0.0
2024-12-01 11:51:23,89.768005,71.43425,18.333755,18.31500502939258,1.0,0.0
2024-12-01 11:51:24,89.47497,71.43418,18.040787,18.223598933983077,1.0,0.0
2024-12-01 11:51:25,89.69475,71.43409,18.260658,18.235952044042104,1.0,0.0
2024-12-01 11:51:26,89.62149,71.43399,18.1875,18.21980136269474,1.0,0.0
2024-12-01 11:51:27,89.84127,71.433914,18.407356,18.28231966253217,1.0,0.0
2024-12-01 11:51:28,89.84127,71.43382,18.407448,18.324029046668585,1.0,0.0
2024-12-01 11:51:29,89.35287,71.43371,17.919159,18.18907234296135,1.0,0.0
2024-12-01 11:51:30,89.91453,71.43365,18.48088,18.286341807742463,1.0,0.0
2024-12-01 11:51:31,89.84127,71.43357,18.4077,18.32679440014862,1.0,0.0
2024-12-01 11:51:32,89.62149,71.4335,18.187988,18.280525693849082,1.0,0.0
2024-12-01 11:51:33,89.69475,71.43345,18.2613,18.274116840332983,1.0,0.0
2024-12-01 11:51:34,89.62149,71.43337,18.188118,18.245450553874335,1.0,0.0
2024-12-01 11:51:35,89.47497,71.43345,18.04152,18.17747342426258,1.0,0.0
2024-12-01 11:51:36,89.47497,71.43355,18.04142,18.132122277145108,1.0,0.0
2024-12-01 11:51:37,89.69475,71.433685,18.261063,18.175102392120177,1.0,0.0
2024-12-01 11:51:38,89.84127,71.43383,18.40744,18.25254832326241,1.0,0.0
2024-12-01 11:51:39,89.62149,71.43403,18.187462,18.230852833184056,1.0,0.0
2024-12-01 11:51:40,89.62149,71.43422,18.187271,18.216325594844058,1.0,0.0
2024-12-01 11:51:41,89.84127,71.43449,18.406784,18.279811749101768,1.0,0.0
2024-12-01 11:51:42,89.62149,71.43477,18.186722,18.248781766653785,1.0,0.0
2024-12-01 11:51:43,89.84127,71.435104,18.406166,18.301243203322578,1.0,0.0
2024-12-01 11:51:44,89.35287,71.4354,17.917465,18.173317205535366,1.0,0.0
2024-12-01 11:51:45,89.768005,71.43568,18.332329,18.226321069152483,1.0,0.0
2024-12-01 11:51:46,89.69475,71.435936,18.258812,18.237151362996187,1.0,0.0
2024-12-01 11:51:47,89.62149,71.4362,18.185287,18.219863400526105,1.0,0.0
2024-12-01 11:51:47,89.62149,71.43642,18.185074,18.208266884530424,1.0,0.0
2024-12-01 11:51:48,89.62149,71.43659,18.184898,18.2004773818419,1.0,0.0
2024-12-01 11:51:48,89.62149,71.43675,18.184738,18.19523097428783,1.0,0.0
2024-12-01 11:51:49,89.40171,71.43687,17.964844,18.118435232858555,1.0,0.0
2024-12-01 11:51:49,89.40171,71.43699,17.964722,18.067197381801538,1.0,0.0
2024-12-01 11:51:50,89.42613,71.43708,17.989052,18.04114886081691,1.0,0.0
2024-12-01 11:51:50,89.42613,71.43718,17.988953,18.02375011945086,1.0,0.0
2024-12-01 11:51:51,89.62149,71.43726,18.184227,18.07724240954927,1.0,0.0
2024-12-01 11:51:51,89.62149,71.43737,18.18412,18.1128683324404,1.0,0.0
2024-12-01 11:51:52,89.54823,71.4376,18.110634,18.11212350499282,1.0,0.0
2024-12-01 11:51:52,89.54823,71.43787,18.110367,18.111537943758236,1.0,0.0
2024-12-01 11:51:53,89.84127,71.43814,18.40313,18.208735155051066,1.0,0.0
2024-12-01 11:51:53,89.84127,71.43839,18.402878,18.273449372573108,1.0,0.0
2024-12-01 11:51:54,89.768005,71.43859,18.329414,18.292104370940667,1.0,0.0
2024-12-01 11:51:54,89.768005,71.43877,18.329239,18.3044825444943,1.0,0.0
2024-12-01 11:51:55,89.54823,71.43889,18.109344,18.23943652380349,1.0,0.0
2024-12-01 11:51:55,89.54823,71.43898,18.109253,18.196041992431496,1.0,0.0
2024-12-01 11:51:56,89.69475,71.43916,18.255585,18.215889567219957,1.0,0.0
2024-12-01 11:51:56,89.69475,71.43938,18.255371,18.229050076063306,1.0,0.0
2024-12-01 11:51:58,89.62149,71.43966,18.181831,18.21331050399663,1.0,0.0
2024-12-01 11:51:58,89.62149,71.43994,18.18155,18.202723360086296,1.0,0.0
2024-12-01 11:51:59,89.54823,71.44028,18.107956,18.171134217596595,1.0,0.0
2024-12-01 11:51:59,89.54823,71.44062,18.107613,18.14996034835216,1.0,0.0
2024-12-01 11:52:00,89.768005,71.440895,18.32711,18.209010329077223,1.0,0.0
2024-12-01 11:52:00,89.768005,71.441124,18.326881,18.248300688948618,1.0,0.0
2024-12-01 11:52:01,89.47497,71.44134,18.03363,18.17674391633033,1.0,0.0
2024-12-01 11:52:01,89.47497,71.44154,18.033424,18.12897073670069,1.0,0.0
2024-12-01 11:52:02,89.84127,71.44176,18.399513,18.219151572676765,1.0,0.0
2024-12-01 11:52:02,89.84127,71.44195,18.399323,18.279208551706386,1.0,0.0
2024-12-01 11:52:03,89.62149,71.442116,18.179375,18.245930599412333,1.0,0.0
2024-12-01 11:52:03,89.62149,71.44225,18.179237,18.223699521515776,1.0,0.0
2024-12-01 11:52:04,89.69475,71.442375,18.252373,18.233257261576924,1.0,0.0
2024-12-01 11:52:04,89.69475,71.44249,18.252258,18.2395909413117,1.0,0.0
2024-12-01 11:52:05,89.768005,71.44256,18.325447,18.268209655047645,1.0,0.0
2024-12-01 11:52:05,89.768005,71.442604,18.325401,18.28727353874921,1.0,0.0
2024-12-01 11:52:06,89.98779,71.44263,18.545166,18.373237697707808,1.0,0.0
2024-12-01 11:52:06,89.98779,71.44264,18.54515,18.430542050750518,1.0,0.0
2024-12-01 11:52:47,91.81929,71.44268,20.37661,19.079231301249045,1.0,0.0
2024-12-01 11:52:48,91.96581,71.442726,20.523087,19.560516383449887,1.0,0.0
2024-12-01 11:52:49,92.25885,71.44279,20.816063,19.979031898048625,1.0,0.0
2024-12-01 11:52:50,92.47863,71.44285,21.035782,20.331281885482937,1.0,0.0
2024-12-01 11:52:51,92.429794,71.44291,20.986885,20.549816280588885,1.0,0.0
2024-12-01 11:52:52,92.649574,71.44296,21.206612,20.768748064826184,1.0,0.0
2024-12-01 11:52:53,92.52747,71.44331,21.08416,20.873885326908862,1.0,0.0
2024-12-01 11:52:54,92.47863,71.44372,21.034912,20.92756092106424,1.0,0.0
2024-12-01 11:52:55,92.869354,71.44406,21.425293,21.093471603626163,1.0,0.0
2024-12-01 11:52:56,92.82051,71.44432,21.37619,21.187711130933067,1.0,0.0
2024-12-01 11:52:57,93.06471,71.44452,21.620193,21.33187191443715,1.0,0.0
2024-12-01 11:52:58,93.23566,71.444664,21.790993,21.48491218856357,1.0,0.0
2024-12-01 11:52:59,93.38217,71.44477,21.9374,21.63574173166608,1.0,0.0
2024-12-01 11:53:00,93.69963,71.44486,22.254768,21.8420839449714,1.0,0.0
2024-12-01 11:53:01,93.72405,71.444916,22.279137,21.98776818255255,1.0,0.0
2024-12-01 11:53:02,93.91941,71.444954,22.474457,22.149997717404826,1.0,0.0
2024-12-01 11:53:03,94.16361,71.445,22.718613,22.33953603523603,1.0,0.0
2024-12-01 11:53:04,93.94383,71.44502,22.49881,22.392627294975064,1.0,0.0
2024-12-01 11:53:05,94.407814,71.445045,22.962769,22.58267438154588,1.0,0.0
2024-12-01 11:53:06,94.60317,71.44507,23.158104,22.77448423532095,1.0,0.0
2024-12-01 11:53:46,101.00122,71.44511,29.556114,25.035027555806415,1.0,0.0
2024-12-01 11:53:47,101.63614,71.44514,30.191002,26.753685667900893,1.0,0.0
2024-12-01 11:53:48,101.63614,71.44517,30.190971,27.899447570104503,1.0,0.0
2024-12-01 11:53:49,101.48962,71.44519,30.044426,28.61444036818816,1.0,0.0
2024-12-01 11:53:50,101.611725,71.44519,30.166534,29.131805053401482,1.0,0.0
2024-12-01 11:53:51,102.10012,71.44515,30.654968,29.639526122840575,1.0,0.0
2024-12-01 11:53:52,102.00244,71.445076,30.557365,29.94547255438721,1.0,0.0
2024-12-01 11:53:53,102.00244,71.44498,30.557465,30.1494699027946,1.0,0.0
2024-12-01 11:53:55,102.27106,71.44486,30.826195,30.3750448562576,1.0,0.0
2024-12-01 11:53:55,102.73505,71.444725,31.290321,30.680137020870955,1.0,0.0
2024-12-01 11:53:57,102.588524,71.44457,31.143951,30.834741819252514,1.0,0.0
2024-12-01 11:53:58,102.75946,71.44442,31.31504,30.994841408961314,1.0,0.0
2024-12-01 11:53:59,103.00366,71.44426,31.559402,31.183028427914316,1.0,0.0
2024-12-01 11:54:00,103.00366,71.44414,31.559525,31.308527130653815,1.0,0.0
2024-12-01 11:54:01,103.1746,71.44402,31.730576,31.449209940943692,1.0,0.0
2024-12-01 11:54:02,103.1746,71.44388,31.73072,31.543046800635643,1.0,0.0
2024-12-01 11:54:03,103.73626,71.443756,32.292503,31.792865652734964,1.0,0.0
2024-12-01 11:54:04,103.73626,71.44365,32.29261,31.959447157975653,1.0,0.0
2024-12-01 11:54:05,103.95604,71.443535,32.512505,32.14379963119601,1.0,0.0
2024-12-01 11:54:06,103.95604,71.44341,32.512627,32.26674197011375,1.0,0.0
2024-12-01 11:54:07,104.22466,71.44325,32.78141,32.43829805250422,1.0,0.0
2024-12-01 11:54:07,104.22466,71.44309,32.78157,32.552722179859586,1.0,0.0
2024-12-01 11:54:08,104.22466,71.4429,32.78176,32.62906850971759,1.0,0.0
2024-12-01 11:54:08,104.22466,71.442696,32.781967,32.68003472750704,1.0,0.0
2024-12-01 11:54:09,104.590965,71.44247,33.1485,32.83618933005678,1.0,0.0
2024-12-01 11:54:09,104.590965,71.442245,33.14872,32.94036614923708,1.0,0.0
2024-12-01 11:54:10,104.590965,71.44205,33.14892,33.00988348344321,1.0,0.0
2024-12-01 11:54:10,104.590965,71.44185,33.149117,33.05629449433324,1.0,0.0
2024-12-01 11:54:11,104.468864,71.44165,33.027214,33.046601012986486,1.0,0.0
2024-12-01 11:54:11,104.468864,71.44145,33.027412,33.04020481350792,1.0,0.0
2024-12-01 11:54:12,104.34676,71.44125,32.90551,32.99530652524877,1.0,0.0
2024-12-01 11:54:12,104.34676,71.44105,32.905716,32.96544299762679,1.0,0.0
2024-12-01 11:54:13,104.932846,71.440834,33.492012,33.14096600639312,1.0,0.0
2024-12-01 11:54:13,104.932846,71.44062,33.492226,33.258052553252966,1.0,0.0
2024-12-01 11:54:14,105.030525,71.44043,33.590096,33.36873354217516,1.0,0.0
2024-12-01 11:54:14,105.030525,71.44023,33.590294,33.442586989542555,1.0,0.0
2024-12-01 11:54:15,105.347984,71.44006,33.90792,33.59769827216249,1.0,0.0
2024-12-01 11:54:15,105.347984,71.439896,33.90809,33.70116174280234,1.0,0.0
2024-12-01 11:54:16,105.347984,71.43971,33.90827,33.770198425051824,1.0,0.0
2024-12-01 11:54:16,105.347984,71.43953,33.908455,33.81628391504106,1.0,0.0
2024-12-01 11:54:17,105.29915,71.439354,33.859795,33.83078748226045,1.0,0.0
2024-12-01 11:54:17,105.29915,71.4392,33.859947,33.84050738970358,1.0,0.0
2024-12-01 11:54:18,105.32356,71.43904,33.88452,33.85517875459406,1.0,0.0
2024-12-01 11:54:18,105.32356,71.43887,33.88469,33.86501561341427,1.0,0.0
2024-12-01 11:54:19,105.61661,71.43873,34.17788,33.96930352010821,1.0,0.0
2024-12-01 11:54:19,105.61661,71.43864,34.17797,34.03885930881563,1.0,0.0
2024-12-01 11:54:20,105.567764,71.43861,34.129158,34.068958879216936,1.0,0.0
2024-12-01 11:54:20,105.567764,71.43858,34.12918,34.089032888879004,1.0,0.0
2024-12-01 11:54:21,105.567764,71.43859,34.129173,34.102413018855536,1.0,0.0
2024-12-01 11:54:21,105.567764,71.4386,34.129166,34.111330562375045,1.0,0.0
2024-12-01 11:54:22,105.93407,71.43861,34.49546,34.23937387833467,1.0,0.0
2024-12-01 11:54:22,105.93407,71.438614,34.495453,34.3247335458429,1.0,0.0
2024-12-01 11:54:23,105.93407,71.43862,34.495445,34.381637447716884,1.0,0.0
2024-12-01 11:54:23,105.93407,71.43862,34.495445,34.41957338229954,1.0,0.0
2024-12-01 11:54:24,106.007324,71.43863,34.568695,34.469280610986154,1.0,0.0
2024-12-01 11:54:24,106.007324,71.43864,34.568687,34.502416220312384,1.0,0.0
2024-12-01 11:54:25,106.007324,71.43863,34.568695,34.524509169661385,1.0,0.0
2024-12-01 11:54:25,106.007324,71.438614,34.56871,34.539242888823736,1.0,0.0
2024-12-01 11:54:26,106.52014,71.43861,35.081535,34.72000703900098,1.0,0.0
2024-12-01 11:54:26,106.52014,71.4386,35.081543,34.84051901558399,1.0,0.0
2024-12-01 11:54:27,106.52014,71.4386,35.081543,34.920860333305995,1.0,0.0
2024-12-01 11:54:27,106.52014,71.4386,35.081543,34.97442121178733,1.0,0.0
2024-12-01 11:54:28,106.64224,71.4386,35.203644,35.05082874080093,1.0,0.0
2024-12-01 11:54:28,106.64224,71.43859,35.20365,35.101769636608175,1.0,0.0
2024-12-01 11:54:29,106.64224,71.43858,35.20366,35.135732776944515,1.0,0.0
2024-12-01 11:54:29,106.64224,71.43857,35.203674,35.158379956765096,1.0,0.0
2024-12-01 11:54:30,106.52014,71.43856,35.08158,35.132780343084285,1.0,0.0
2024-12-01 11:54:30,106.52014,71.43855,35.08159,35.115716477095255,1.0,0.0
2024-12-01 11:54:31,106.52014,71.43857,35.081573,35.10433548017288,1.0,0.0
2024-12-01 11:54:31,106.52014,71.43858,35.08156,35.09674306262828,1.0,0.0
2024-12-01 11:54:32,106.8376,71.4386,35.399002,35.197496066817294,1.0,0.0
2024-12-01 11:54:32,106.8376,71.438614,35.398987,35.26465965001361,1.0,0.0
2024-12-01 11:54:33,106.8376,71.43862,35.39898,35.309432829012984,1.0,0.0
2024-12-01 11:54:33,106.8376,71.43863,35.39897,35.33927907188105,1.0,0.0
2024-12-01 11:54:35,107.106224,71.43863,35.667595,35.44871768447669,1.0,0.0
2024-12-01 11:54:35,107.106224,71.43863,35.667595,35.521676759540455,1.0,0.0
2024-12-01 11:54:35,107.106224,71.43865,35.667572,35.570308513521766,1.0,0.0
2024-12-01 11:54:35,107.106224,71.43868,35.66754,35.6027195103166,1.0,0.0
2024-12-01 11:54:37,107.350426,71.43871,35.911713,35.70571722237253,1.0,0.0
2024-12-01 11:54:37,107.350426,71.43873,35.911697,35.77437727748013,1.0,0.0
2024-12-01 11:54:38,107.350426,71.43873,35.911697,35.820150647551856,1.0,0.0
2024-12-01 11:54:38,107.350426,71.43872,35.911705,35.85066877073119,1.0,0.0
2024-12-01 11:54:39,107.17949,71.438705,35.740784,35.81404041095621,1.0,0.0
2024-12-01 11:54:39,107.17949,71.4387,35.74079,35.78962404757107,1.0,0.0
2024-12-01 11:54:40,107.17949,71.438705,35.740784,35.773343928849464,1.0,0.0
2024-12-01 11:54:40,107.17949,71.43872,35.74077,35.76248543010537,1.0,0.0
2024-12-01 11:54:41,107.42369,71.438736,35.984955,35.83664189806504,1.0,0.0
2024-12-01 11:54:41,107.42369,71.43875,35.98494,35.886074457108464,1.0,0.0
2024-12-01 11:54:42,107.42369,71.43877,35.984924,35.919024410207726,1.0,0.0
2024-12-01 11:54:42,107.42369,71.43878,35.98491,35.94098595934422,1.0,0.0
2024-12-01 11:54:43,107.789986,71.4388,36.35119,36.07772019278547,1.0,0.0
2024-12-01 11:54:43,107.789986,71.43881,36.351173,36.16887126214995,1.0,0.0
2024-12-01 11:54:44,107.789986,71.438835,36.35115,36.22963101233174,1.0,0.0
2024-12-01 11:54:44,107.789986,71.43885,36.351135,36.27013242618991,1.0,0.0
2024-12-01 11:54:45,107.81441,71.438866,36.37554,36.305268846463846,1.0,0.0
2024-12-01 11:54:45,107.81441,71.43888,36.375526,36.328688040383454,1.0,0.0
2024-12-01 11:54:46,107.81441,71.43889,36.37552,36.34429829319835,1.0,0.0
2024-12-01 11:54:46,107.81441,71.43889,36.37552,36.35470512840828,1.0,0.0
2024-12-01 11:55:27,109.89011,71.43888,38.451225,37.05354517919276,1.0,0.0
2024-12-01 11:55:28,109.89011,71.43888,38.451225,37.51943854638242,1.0,0.0
2024-12-01 11:55:29,109.49939,71.43888,38.06051,37.699795273597395,1.0,0.0
2024-12-01 11:55:30,109.49939,71.43888,38.06051,37.82003309174071,1.0,0.0
2024-12-01 11:55:31,109.91453,71.43889,38.47564,38.03856850891438,1.0,0.0
2024-12-01 11:55:32,109.91453,71.4389,38.475624,38.184253700767144,1.0,0.0
2024-12-01 11:55:33,110.28083,71.439064,38.841766,38.40342458631872,1.0,0.0
2024-12-01 11:55:34,110.28083,71.439224,38.841606,38.54948510425805,1.0,0.0
2024-12-01 11:55:35,109.93895,71.43941,38.499542,38.53283748161475,1.0,0.0
2024-12-01 11:55:36,109.93895,71.43956,38.49939,38.521688203889,1.0,0.0
2024-12-01 11:55:37,110.13431,71.439644,38.694664,38.57934680308095,1.0,0.0
2024-12-01 11:55:38,110.13431,71.4397,38.69461,38.617768067288345,1.0,0.0
2024-12-01 11:55:39,110.06105,71.43974,38.621307,38.61894783587452,1.0,0.0
2024-12-01 11:55:40,110.06105,71.43977,38.621277,38.619724175739265,1.0,0.0
2024-12-01 11:55:41,109.98779,71.43979,38.548004,38.595817500623056,1.0,0.0
2024-12-01 11:55:42,109.98779,71.439804,38.54799,38.57987463094923,1.0,0.0
2024-12-01 11:55:43,110.06105,71.439804,38.621246,38.593665199929696,1.0,0.0
2024-12-01 11:55:44,110.06105,71.4398,38.621254,38.60286145571485,1.0,0.0
2024-12-01 11:55:45,110.329666,71.43979,38.889877,38.698533410255216,1.0,0.0
2024-12-01 11:55:46,110.329666,71.4398,38.88987,38.762312170150615,1.0,0.0
2024-12-01 11:55:47,110.03663,71.43982,38.59681,38.70714457583609,1.0,0.0
2024-12-01 11:55:48,110.03663,71.439835,38.596794,38.67036109336338,1.0,0.0
2024-12-01 11:55:49,110.40293,71.439896,38.963036,38.76791925674095,1.0,0.0
2024-12-01 11:55:50,110.40293,71.43995,38.962982,38.83294023040543,1.0,0.0
2024-12-01 11:55:51,110.37851,71.439964,38.938545,38.86814189595388,1.0,0.0
2024-12-01 11:55:52,110.37851,71.43997,38.938538,38.89160712985468,1.0,0.0
2024-12-01 11:55:54,110.42735,71.44,38.98735,38.923521574525516,1.0,0.0
2024-12-01 11:55:55,110.42735,71.440025,38.987328,38.94479024157821,1.0,0.0
2024-12-01 11:55:56,110.42735,71.44002,38.987335,38.95897189607818,1.0,0.0
2024-12-01 11:55:57,110.42735,71.439995,38.98736,38.96843396180603,1.0,0.0
2024-12-01 11:55:58,110.89133,71.439995,39.451332,39.129400005299075,1.0,0.0
2024-12-01 11:55:59,110.89133,71.44,39.451324,39.2367081578296,1.0,0.0
2024-12-01 11:56:00,110.329666,71.43999,38.88968,39.121031756912444,1.0,0.0
2024-12-01 11:56:01,110.329666,71.43997,38.889694,39.04391924256403,1.0,0.0
2024-12-01 11:56:02,110.525024,71.439964,39.08506,39.05763286825233,1.0,0.0
2024-12-01 11:56:03,110.525024,71.439964,39.08506,39.06677528537786,1.0,0.0
2024-12-01 11:56:04,110.45177,71.439995,39.011772,39.04844090883915,1.0,0.0
2024-12-01 11:56:05,110.45177,71.440025,39.01174,39.03620781862063,1.0,0.0
2024-12-01 11:56:06,110.84249,71.44005,39.402443,39.15828618979006,1.0,0.0
2024-12-01 11:56:07,110.84249,71.44007,39.40242,39.23966414117515,1.0,0.0
2024-12-01 11:56:08,110.769226,71.44011,39.329117,39.269481701213124,1.0,0.0
2024-12-01 11:56:09,110.769226,71.44007,39.329155,39.28937279022932,1.0,0.0
2024-12-01 11:56:10,110.69597,71.439545,39.256424,39.278389843551324,1.0,0.0
2024-12-01 11:56:11,110.69597,71.438805,39.257164,39.271314562855835,1.0,0.0
2024-12-01 11:56:12,110.89133,71.438065,39.453262,39.33196381827108,1.0,0.0
2024-12-01 11:56:13,110.89133,71.43748,39.45385,39.37259247634088,1.0,0.0
2024-12-01 11:56:14,110.89133,71.43705,39.454277,39.399820663751996,1.0,0.0
2024-12-01 11:56:15,110.89133,71.43673,39.454597,39.418079600216174,1.0,0.0
2024-12-01 11:56:16,110.67155,71.436485,39.23506,39.35707361531339,1.0,0.0
2024-12-01 11:56:17,110.74481,71.436295,39.308517,39.340888228893824,1.0,0.0
2024-12-01 11:56:18,110.793655,71.43612,39.357536,39.34643759123521,1.0,0.0
2024-12-01 11:56:19,110.793655,71.43596,39.357697,39.35019057189118,1.0,0.0
2024-12-01 11:56:20,110.793655,71.43583,39.357826,39.352735792230845,1.0,0.0
2024-12-01 11:56:21,111.01343,71.43571,39.57772,39.42773074218385,1.0,0.0
2024-12-01 11:56:22,110.647125,71.435616,39.21151,39.35565706298585,1.0,0.0
2024-12-01 11:56:23,110.57387,71.43551,39.13836,39.28322439859864,1.0,0.0
2024-12-01 11:56:24,110.84249,71.4354,39.40709,39.32451267686524,1.0,0.0
2024-12-01 11:56:25,110.62271,71.43531,39.1874,39.27880872386719,1.0,0.0
2024-12-01 11:56:26,110.91575,71.43521,39.480537,39.34605162076173,1.0,0.0
2024-12-01 11:56:27,110.69597,71.4351,39.26087,39.3176583762435,1.0,0.0
2024-12-01 11:56:29,110.74481,71.435,39.309814,39.315043735204,1.0,0.0
2024-12-01 11:56:30,110.81807,71.434906,39.383163,39.33775030751882,1.0,0.0
2024-12-01 11:56:31,110.647125,71.434814,39.21231,39.29593713535109,1.0,0.0
2024-12-01 11:56:32,110.98901,71.43477,39.554245,39.38203975527313,1.0,0.0
2024-12-01 11:56:33,110.84249,71.43469,39.4078,39.39062609254537,1.0,0.0
2024-12-01 11:56:34,111.03785,71.434616,39.603233,39.46149517416436,1.0,0.0
2024-12-01 11:56:35,110.525024,71.434525,39.0905,39.337830075419475,1.0,0.0
2024-12-01 11:56:36,110.72039,71.43444,39.28595,39.32053661929007,1.0,0.0
2024-12-01 11:56:37,110.647125,71.434364,39.21276,39.2846113879577,1.0,0.0
2024-12-01 11:56:38,110.54945,71.434265,39.11519,39.22813712484941,1.0,0.0
2024-12-01 11:56:39,110.4762,71.43417,39.042023,39.166098984925654,1.0,0.0
2024-12-01 11:56:40,110.525024,71.4341,39.090927,39.14104169795825,1.0,0.0
2024-12-01 11:56:41,110.42735,71.434044,38.99331,39.0917974723042,1.0,0.0
2024-12-01 11:56:42,110.525024,71.43398,39.09104,39.09154550318327,1.0,0.0
2024-12-01 11:56:43,110.42735,71.433914,38.99344,39.05884324235656,1.0,0.0
2024-12-01 11:56:44,110.109886,71.43386,38.676025,38.931237291779375,1.0,0.0
2024-12-01 11:56:45,110.085464,71.4338,38.651665,38.83804643914849,1.0,0.0
2024-12-01 11:56:46,110.329666,71.43375,38.89592,38.857337559367224,1.0,0.0
2024-12-01 11:56:47,109.93895,71.43368,38.505272,38.73998234345185,1.0,0.0
2024-12-01 11:56:48,109.98779,71.43362,38.554176,38.67804700582337,1.0,0.0
2024-12-01 11:56:49,110.01221,71.43356,38.578644,38.644912603491626,1.0,0.0
2024-12-01 11:56:50,110.15873,71.43352,38.725212,38.671679101383745,1.0,0.0
2024-12-01 11:56:51,110.109886,71.43349,38.6764,38.67325247790818,1.0,0.0
2024-12-01 11:56:52,109.86569,71.43345,38.432243,38.59291610099478,1.0,0.0
2024-12-01 11:56:53,109.86569,71.43344,38.43225,38.539361059517354,1.0,0.0
2024-12-01 11:56:54,109.62149,71.43342,38.188072,38.42226477454152,1.0,0.0
2024-12-01 11:56:55,109.47497,71.43342,38.04155,38.29535974390008,1.0,0.0
2024-12-01 11:56:56,109.62149,71.4334,38.188087,38.25960231705969,1.0,0.0
2024-12-01 11:56:57,109.42613,71.43337,37.99276,38.170654779569745,1.0,0.0
2024-12-01 11:56:58,109.328445,71.43338,37.895065,38.078791622252226,1.0,0.0
2024-12-01 11:56:59,109.37729,71.43339,37.9439,38.03382810217206,1.0,0.0
2024-12-01 11:57:00,109.15751,71.433395,37.724113,37.930589889566534,1.0,0.0
2024-12-01 11:57:01,109.206345,71.4334,37.77294,37.87804045616285,1.0,0.0
2024-12-01 11:57:02,108.766785,71.4334,37.33338,37.69648752171925,1.0,0.0
2024-12-01 11:58:03,100.31746,71.4334,28.884056,34.75901037824903,1.0,0.0
2024-12-01 11:58:04,100.268616,71.43341,28.835205,32.784408611541025,1.0,0.0
2024-12-01 11:58:05,100.41514,71.433426,28.981712,31.516843188130217,1.0,0.0
2024-12-01 11:58:06,99.95116,71.43345,28.517708,30.51713140032249,1.0,0.0
2024-12-01 11:58:07,99.829056,71.43345,28.395607,29.80995659842463,1.0,0.0
2024-12-01 11:58:08,99.58486,71.43349,28.151375,29.257096004581264,1.0,0.0
2024-12-01 11:58:09,99.609276,71.434,28.175278,28.89648990637449,1.0,0.0
2024-12-01 11:58:10,99.706955,71.434525,28.27243,28.688470077556957,1.0,0.0
2024-12-01 11:58:11,99.609276,71.43493,28.174347,28.517095692980682,1.0,0.0
2024-12-01 11:58:12,99.21855,71.43527,27.78328,28.272490268302228,1.0,0.0
2024-12-01 11:58:13,99.31624,71.43551,27.88073,28.14190340396581,1.0,0.0
2024-12-01 11:58:14,99.19414,71.435715,27.758423,28.01407655316471,1.0,0.0
2024-12-01 11:58:15,98.90109,71.43585,27.46524,27.831131194948348,1.0,0.0
2024-12-01 11:58:16,99.145294,71.4359,27.709396,27.790552917400465,1.0,0.0
2024-12-01 11:58:17,98.85226,71.435936,27.41632,27.665808878527393,1.0,0.0
2024-12-01 11:58:18,98.779,71.436005,27.342995,27.558204148998733,1.0,0.0
2024-12-01 11:58:19,98.827835,71.436066,27.39177,27.502725902392385,1.0,0.0
2024-12-01 11:58:20,98.87668,71.4361,27.440582,27.482011360058465,1.0,0.0
2024-12-01 11:58:21,98.46154,71.436165,27.025375,27.32979936210929,1.0,0.0
2024-12-01 11:59:03,96.45909,71.4362,25.022888,26.56082896927078,1.0,0.0
2024-12-01 11:59:04,96.14163,71.43628,24.705353,25.942336907248233,1.0,0.0
2024-12-01 11:59:05,96.45909,71.43633,25.022758,25.63581076612773,1.0,0.0
2024-12-01 11:59:06,96.43468,71.43636,24.998314,25.423311812021353,1.0,0.0
2024-12-01 11:59:07,96.337,71.436356,24.900642,25.249088673020747,1.0,0.0
2024-12-01 11:59:08,96.26373,71.43635,24.827385,25.10852076492399,1.0,0.0
2024-12-01 11:59:09,96.16605,71.43664,24.729416,24.982152474467558,1.0,0.0
2024-12-01 11:59:10,96.068375,71.43699,24.631386,24.865230250719257,1.0,0.0
2024-12-01 11:59:11,95.89743,71.4373,24.460129,24.7301964285394,1.0,0.0
2024-12-01 11:59:12,96.01953,71.43753,24.582,24.680797863166895,1.0,0.0
2024-12-01 11:59:13,96.068375,71.43776,24.630615,24.664070320236267,1.0,0.0
2024-12-01 11:59:14,96.26373,71.437965,24.825768,24.717969385854126,1.0,0.0
2024-12-01 11:59:15,95.94627,71.43814,24.508133,24.648023902092856,1.0,0.0
2024-12-01 11:59:16,95.94627,71.43827,24.508003,24.601350346349665,1.0,0.0
2024-12-01 11:59:17,96.04395,71.4384,24.605553,24.60275112201306,1.0,0.0
2024-12-01 11:59:18,96.04395,71.4385,24.605453,24.603651911745686,1.0,0.0
2024-12-01 11:59:19,95.94627,71.43859,24.507683,24.571662207928117,1.0,0.0
2024-12-01 11:59:20,95.94627,71.43865,24.507622,24.55031539366432,1.0,0.0
2024-12-01 11:59:21,95.55556,71.43868,24.116875,24.405835160717622,1.0,0.0
2024-12-01 11:59:22,95.55556,71.43876,24.116798,24.30948957410472,1.0,0.0
2024-12-01 11:59:23,95.82417,71.43883,24.385345,24.334774869064606,1.0,0.0
2024-12-01 11:59:24,95.82417,71.43889,24.385284,24.351611387319117,1.0,0.0
2024-12-01 11:59:25,95.65324,71.43893,24.21431,24.305844155673682,1.0,0.0
2024-12-01 11:59:26,95.65324,71.438965,24.214272,24.27531995225251,1.0,0.0
2024-12-01 11:59:27,95.750916,71.43907,24.311844,24.287494592191777,1.0,0.0
2024-12-01 11:59:28,95.750916,71.439186,24.31173,24.2955728718453,1.0,0.0
2024-12-01 11:59:29,95.60439,71.43928,24.165115,24.25208703337864,1.0,0.0
2024-12-01 11:59:30,95.60439,71.43936,24.165031,24.223068499954252,1.0,0.0
2024-12-01 11:59:31,95.506714,71.43944,24.067276,24.17113766696169,1.0,0.0
2024-12-01 11:59:32,95.506714,71.439514,24.0672,24.136491680318212,1.0,0.0
2024-12-01 11:59:34,95.409035,71.439545,23.96949,24.08082447063532,1.0,0.0
2024-12-01 11:59:35,95.409035,71.43957,23.969467,24.04370536811886,1.0,0.0
2024-12-01 11:59:36,95.48229,71.43961,24.042679,24.04336318974851,1.0,0.0
2024-12-01 11:59:37,95.48229,71.439674,24.042618,24.043114725782864,1.0,0.0
2024-12-01 11:59:38,95.311356,71.439735,23.87162,23.98594987659613,1.0,0.0
2024-12-01 11:59:39,95.311356,71.43981,23.871544,23.947814545823203,1.0,0.0
2024-12-01 11:59:40,95.286934,71.43989,23.847046,23.914224996694635,1.0,0.0
2024-12-01 11:59:41,95.286934,71.43995,23.846985,23.891811618890173,1.0,0.0
2024-12-01 11:59:42,95.286934,71.44001,23.846924,23.87684902196845,1.0,0.0
2024-12-01 12:00:02,95.091576,71.44007,23.651505,23.801734186846154,1.0,0.0
2024-12-01 12:00:03,95.091576,71.44013,23.651443,23.751637285045874,1.0,0.0
2024-12-01 12:00:04,94.749695,71.44019,23.309502,23.60425873934699,1.0,0.0
2024-12-01 12:00:05,94.749695,71.44024,23.309456,23.505991116758672,1.0,0.0
2024-12-01 12:00:06,94.871796,71.44028,23.431519,23.481166929401617,1.0,0.0
2024-12-01 12:00:07,94.871796,71.44034,23.431458,23.464597126111496,1.0,0.0
2024-12-01 12:00:09,94.94505,71.440414,23.504639,23.477944308032665,1.0,0.0
2024-12-01 12:00:10,94.94505,71.44046,23.504593,23.486827170524382,1.0,0.0
2024-12-01 12:00:11,94.871796,71.44052,23.431274,23.46830958503709,1.0,0.0
2024-12-01 12:00:12,94.871796,71.44058,23.431213,23.455944182993477,1.0,0.0
2024-12-01 12:00:13,94.871796,71.44063,23.431168,23.447685322842005,1.0,0.0
2024-12-01 12:00:14,94.871796,71.44067,23.43113,23.442166700416806,1.0,0.0
2024-12-01 12:00:15,94.92063,71.4407,23.479935,23.454756031072144,1.0,0.0
2024-12-01 12:00:16,94.92063,71.44073,23.479904,23.46313874564966,1.0,0.0
2024-12-01 12:00:17,94.57875,71.44075,23.138,23.354759326526857,1.0,0.0
2024-12-01 12:00:18,94.57875,71.44077,23.137978,23.282498751050458,1.0,0.0
2024-12-01 12:00:19,94.55434,71.440796,23.11354,23.22617938383833,1.0,0.0
2024-12-01 12:00:20,94.55434,71.44081,23.113525,23.18862805276722,1.0,0.0
2024-12-01 12:00:21,94.627594,71.440834,23.18676,23.188005351421637,1.0,0.0
2024-12-01 12:00:22,94.50549,71.44085,23.064644,23.14688485423552,1.0,0.0
2024-12-01 12:00:23,94.55434,71.440865,23.113472,23.13574723111144,1.0,0.0
2024-12-01 12:00:24,94.407814,71.44088,22.966934,23.07947622210815,1.0,0.0
2024-12-01 12:00:25,94.55434,71.440895,23.113441,23.090797970500486,1.0,0.0
2024-12-01 12:00:26,94.82295,71.44091,23.382042,23.187879290717774,1.0,0.0
2024-12-01 12:00:27,94.55434,71.44093,23.113403,23.16305396724935,1.0,0.0
2024-12-01 12:00:28,94.77411,71.440994,23.333115,23.219740852840715,1.0,0.0
2024-12-01 12:00:29,94.627594,71.44102,23.186577,23.20868618298105,1.0,0.0
2024-12-01 12:00:30,94.48107,71.44107,23.04,23.152457760496482,1.0,0.0
2024-12-01 12:00:31,94.407814,71.44112,22.966698,23.090537737954687,1.0,0.0
2024-12-01 12:00:32,94.529915,71.44111,23.088806,23.089960542751044,1.0,0.0
2024-12-01 12:00:33,94.48107,71.44113,23.03994,23.073286988624396,1.0,0.0
2024-12-01 12:00:34,94.33455,71.44113,22.893417,23.013330445215743,1.0,0.0
2024-12-01 12:00:35,94.33455,71.44115,22.893402,22.97335433001362,1.0,0.0
2024-12-01 12:00:36,94.529915,71.44119,23.088722,23.011810296343718,1.0,0.0
2024-12-01 12:00:37,94.45665,71.441246,23.015404,23.013008113415346,1.0,0.0
2024-12-01 12:00:38,94.33455,71.44131,22.893242,22.97308603638497,1.0,0.0
2024-12-01 12:00:39,94.45665,71.441345,23.015305,22.98715887939988,1.0,0.0
2024-12-01 12:00:40,94.38339,71.44141,22.941986,22.972101280928044,1.0,0.0
2024-12-01 12:00:41,94.33455,71.441444,22.893105,22.945769038359582,1.0,0.0
2024-12-01 12:01:02,94.16361,71.44148,22.72213,22.871222632832172,1.0,0.0
2024-12-01 12:01:03,94.090355,71.44154,22.648811,22.797085535332126,1.0,0.0
2024-12-01 12:01:04,94.16361,71.44157,22.722046,22.772072323033917,1.0,0.0
2024-12-01 12:01:05,94.310135,71.44139,22.868744,22.804296180850738,1.0,0.0
2024-12-01 12:01:06,94.16361,71.4412,22.722412,22.777001490358828,1.0,0.0
2024-12-01 12:01:07,94.16361,71.441,22.72261,22.75887115145016,1.0,0.0
2024-12-01 12:01:08,94.090355,71.44092,22.649437,22.722393084527972,1.0,0.0
2024-12-01 12:01:09,94.16361,71.440865,22.722748,22.722511323930107,1.0,0.0
2024-12-01 12:01:10,94.090355,71.440796,22.649559,22.69819388961877,1.0,0.0
2024-12-01 12:01:11,94.310135,71.440735,22.8694,22.755262601217204,1.0,0.0
2024-12-01 12:01:12,93.968254,71.44067,22.527588,22.679371031019805,1.0,0.0
2024-12-01 12:01:13,94.310135,71.440575,22.86956,22.742767434579612,1.0,0.0
2024-12-01 12:01:14,93.89499,71.44049,22.454498,22.646677720058285,1.0,0.0
2024-12-01 12:01:15,94.01709,71.4404,22.57669,22.623348704648233,1.0,0.0
2024-12-01 12:01:16,94.090355,71.4403,22.650055,22.632250780312365,1.0,0.0
2024-12-01 12:01:17,94.16361,71.440186,22.723427,22.662642793157463,1.0,0.0
2024-12-01 12:01:19,94.01709,71.4401,22.576988,22.634091268843257,1.0,0.0
2024-12-01 12:01:20,94.16361,71.43999,22.723625,22.66393590693066,1.0,0.0
2024-12-01 12:01:21,94.090355,71.43989,22.650467,22.659446244268878,1.0,0.0
2024-12-01 12:01:42,94.23688,71.43977,22.797104,22.7053321234579,1.0,0.0
2024-12-01 12:01:43,94.16361,71.439644,22.723969,22.71154425092506,1.0,0.0
2024-12-01 12:01:44,94.432236,71.439545,22.992691,22.805259847296394,1.0,0.0
2024-12-01 12:01:45,94.28571,71.439445,22.846268,22.818929131596036,1.0,0.0
2024-12-01 12:01:46,94.16361,71.43934,22.724274,22.787377314944234,1.0,0.0
2024-12-01 12:01:47,94.16361,71.43925,22.724365,22.766373288087824,1.0,0.0
2024-12-01 12:01:48,94.01709,71.43871,22.578377,22.70370778206506,1.0,0.0
2024-12-01 12:01:49,93.94383,71.438065,22.505768,22.63772779546525,1.0,0.0
2024-12-01 12:01:50,94.01709,71.43748,22.579613,22.618356107621366,1.0,0.0
2024-12-01 12:01:51,94.090355,71.437,22.653358,22.630023558238463,1.0,0.0
2024-12-01 12:01:52,94.432236,71.43667,22.995567,22.751871479418092,1.0,0.0
2024-12-01 12:01:53,94.310135,71.43642,22.873718,22.792487073518313,1.0,0.0
2024-12-01 12:01:54,93.94383,71.43627,22.50756,22.697511625672366,1.0,0.0
2024-12-01 12:01:56,94.16361,71.436134,22.727478,22.707500426229494,1.0,0.0
2024-12-01 12:01:57,94.16361,71.43601,22.7276,22.71420031670508,1.0,0.0
2024-12-01 12:01:58,94.090355,71.43589,22.654465,22.694288451696618,1.0,0.0
2024-12-01 12:01:59,93.94383,71.43577,22.508064,22.632213724470923,1.0,0.0
2024-12-01 12:02:00,94.16361,71.43563,22.727982,22.664136338774888,1.0,0.0
2024-12-01 12:02:01,94.35897,71.43555,22.923424,22.75056548154654,1.0,0.0
2024-12-01 12:02:21,94.21245,71.435455,22.776993,22.75937458698155,1.0,0.0
2024-12-01 12:02:21,94.21245,71.43538,22.77707,22.765272755253328,1.0,0.0
2024-12-01 12:02:21,94.21245,71.43528,22.777168,22.769237928144147,1.0,0.0
2024-12-01 12:02:21,94.21245,71.43519,22.77726,22.77191189431615,1.0,0.0
2024-12-01 12:02:21,94.21245,71.435074,22.777374,22.773732685403477,1.0,0.0
2024-12-01 12:02:22,94.01709,71.43509,22.582,22.709822034409612,1.0,0.0
2024-12-01 12:02:22,94.01709,71.43492,22.582169,22.667270882640263,1.0,0.0
2024-12-01 12:02:22,94.01709,71.4348,22.58229,22.63894413823153,1.0,0.0
2024-12-01 12:02:22,94.01709,71.434456,22.582634,22.62017408287701,1.0,0.0
2024-12-01 12:02:22,94.01709,71.43417,22.582916,22.60775480850655,1.0,0.0
2024-12-01 12:02:23,94.090355,71.43396,22.656395,22.623968191836397,1.0,0.0
2024-12-01 12:02:23,94.090355,71.433784,22.65657,22.634835606081037,1.0,0.0
2024-12-01 12:02:23,94.090355,71.43364,22.656715,22.642128868409493,1.0,0.0
2024-12-01 12:02:23,94.090355,71.43352,22.656837,22.6470317333993,1.0,0.0
2024-12-01 12:02:23,94.090355,71.43341,22.656944,22.650335913900314,1.0,0.0
2024-12-01 12:02:24,94.310135,71.43333,22.876808,22.725826664768178,1.0,0.0
2024-12-01 12:02:24,94.310135,71.43324,22.876892,22.776181806460038,1.0,0.0
2024-12-01 12:02:24,94.310135,71.433174,22.87696,22.80977478910487,1.0,0.0
2024-12-01 12:02:24,94.310135,71.433105,22.87703,22.832192999051685,1.0,0.0
2024-12-01 12:02:24,94.310135,71.433044,22.87709,22.847158817401645,1.0,0.0
2024-12-01 12:02:25,94.310135,71.432976,22.87716,22.857158917818545,1.0,0.0
2024-12-01 12:02:25,94.310135,71.43289,22.877243,22.863853625876427,1.0,0.0
2024-12-01 12:02:25,94.310135,71.4328,22.877335,22.868347282159807,1.0,0.0
2024-12-01 12:02:25,94.310135,71.432724,22.87741,22.871368484330496,1.0,0.0
2024-12-01 12:02:25,94.310135,71.43265,22.877487,22.87340805042606,1.0,0.0
2024-12-01 12:02:26,94.23688,71.43257,22.804306,22.85037404370852,1.0,0.0
2024-12-01 12:02:26,94.23688,71.432495,22.804382,22.835043470545266,1.0,0.0
2024-12-01 12:02:26,94.23688,71.432434,22.804443,22.82484343348851,1.0,0.0
2024-12-01 12:02:26,94.23688,71.43239,22.80449,22.81805866757307,1.0,0.0
2024-12-01 12:02:26,94.23688,71.43234,22.804535,22.813550749085174,1.0,0.0
2024-12-01 12:02:27,94.01709,71.432304,22.584785,22.73729565319871,1.0,0.0
2024-12-01 12:02:27,94.01709,71.43225,22.584839,22.68647672452831,1.0,0.0
2024-12-01 12:02:27,94.01709,71.4322,22.584892,22.652615240668613,1.0,0.0
2024-12-01 12:02:27,94.01709,71.43215,22.584938,22.630056176884544,1.0,0.0
2024-12-01 12:02:27,94.01709,71.432106,22.584984,22.615032059817562,1.0,0.0
2024-12-01 12:02:28,94.23688,71.43207,22.80481,22.67829122998254,1.0,0.0
2024-12-01 12:02:28,94.23688,71.43203,22.804848,22.720476725750082,1.0,0.0
2024-12-01 12:02:28,94.23688,71.43199,22.804886,22.74861310525266,1.0,0.0
2024-12-01 12:02:28,94.23688,71.431946,22.804932,22.767385950376774,1.0,0.0
2024-12-01 12:02:28,94.23688,71.431915,22.804962,22.779911352985557,1.0,0.0
2024-12-01 12:02:29,93.94383,71.431885,22.511948,22.69059011260235,1.0,0.0
2024-12-01 12:02:29,93.94383,71.43186,22.51197,22.63105024840808,1.0,0.0
2024-12-01 12:02:29,93.94383,71.43185,22.511986,22.59136209187492,1.0,0.0
2024-12-01 12:02:29,93.94383,71.43182,22.512009,22.564910950247345,1.0,0.0
2024-12-01 12:02:29,93.94383,71.4318,22.512032,22.547284485223493,1.0,0.0
2024-12-01 12:02:30,94.090355,71.431786,22.65857,22.584379435461496,1.0,0.0
2024-12-01 12:02:30,94.090355,71.43179,22.658562,22.60910685915532,1.0,0.0
2024-12-01 12:02:30,94.090355,71.4318,22.658554,22.625589265153028,1.0,0.0
2024-12-01 12:02:30,94.090355,71.43181,22.658546,22.636574992686654,1.0,0.0
2024-12-01 12:02:30,94.090355,71.43181,22.658546,22.643898811042405,1.0,0.0
2024-12-01 12:02:31,94.23688,71.43181,22.805069,22.69762219727046,1.0,0.0
2024-12-01 12:02:31,94.23688,71.43179,22.805084,22.733442874352182,1.0,0.0
2024-12-01 12:02:31,94.23688,71.43177,22.805107,22.757330955134528,1.0,0.0
2024-12-01 12:02:31,94.23688,71.43175,22.80513,22.77326397171729,1.0,0.0
2024-12-01 12:02:31,94.23688,71.431725,22.805153,22.783893612167,1.0,0.0
2024-12-01 12:02:33,94.01709,71.43171,22.58538,22.717722592844407,1.0,0.0
2024-12-01 12:02:33,94.01709,71.43168,22.585411,22.67361875248872,1.0,0.0
2024-12-01 12:02:33,94.01709,71.43165,22.585442,22.644226364777637,1.0,0.0
2024-12-01 12:02:33,94.01709,71.43162,22.585472,22.624641612162957,1.0,0.0
2024-12-01 12:02:33,94.01709,71.431595,22.585495,22.61159273981437,1.0,0.0
2024-12-01 12:02:34,94.23688,71.43157,22.805305,22.67616365352859,1.0,0.0
2024-12-01 12:02:34,94.23688,71.431564,22.805313,22.719213472469583,1.0,0.0
2024-12-01 12:02:34,94.23688,71.43156,22.80532,22.747915894895087,1.0,0.0
2024-12-01 12:02:34,94.23688,71.43156,22.80532,22.767050843178758,1.0,0.0
2024-12-01 12:02:34,94.23688,71.43155,22.805328,22.779810018499383,1.0,0.0
2024-12-01 12:02:35,94.16361,71.43154,22.73207,22.76389698661678,1.0,0.0
2024-12-01 12:02:35,94.16361,71.43154,22.73207,22.75328829869504,1.0,0.0
2024-12-01 12:02:35,94.16361,71.43154,22.73207,22.74621584008055,1.0,0.0
2024-12-01 12:02:35,94.16361,71.43154,22.73207,22.741500867670887,1.0,0.0
2024-12-01 12:02:35,94.16361,71.43153,22.732079,22.738360095862625,1.0,0.0
2024-12-01 12:02:36,94.16361,71.431526,22.732086,22.736268791121958,1.0,0.0
2024-12-01 12:02:36,94.16361,71.431526,22.732086,22.734874587961514,1.0,0.0
2024-12-01 12:02:36,94.16361,71.431526,22.732086,22.733945119187887,1.0,0.0
2024-12-01 12:02:36,94.16361,71.431526,22.732086,22.7333254733388,1.0,0.0
2024-12-01 12:02:36,94.16361,71.431526,22.732086,22.73291237610608,1.0,0.0
2024-12-01 12:02:37,94.090355,71.43153,22.658821,22.708215286056397,1.0,0.0
2024-12-01 12:02:37,94.090355,71.43153,22.658821,22.69175055935661,1.0,0.0
2024-12-01 12:02:37,94.090355,71.43154,22.658813,22.680771531758573,1.0,0.0
2024-12-01 12:02:37,94.090355,71.43154,22.658813,22.67345218002655,1.0,0.0
2024-12-01 12:02:37,94.090355,71.43155,22.658806,22.66857006907369,1.0,0.0
2024-12-01 12:02:38,94.16361,71.43156,22.732056,22.68973193406996,1.0,0.0
2024-12-01 12:02:38,94.16361,71.43156,22.732056,22.703839844067474,1.0,0.0
2024-12-01 12:02:38,94.16361,71.431564,22.732048,22.71324257426764,1.0,0.0
2024-12-01 12:02:38,94.16361,71.431564,22.732048,22.71951106106775,1.0,0.0
2024-12-01 12:02:38,94.16361,71.43157,22.73204,22.72368750913631,1.0,0.0
2024-12-01 12:02:39,94.090355,71.43158,22.658775,22.702050115954158,1.0,0.0
2024-12-01 12:02:39,94.090355,71.431564,22.65879,22.687630273429075,1.0,0.0
2024-12-01 12:02:39,94.090355,71.43154,22.658813,22.67802467447355,1.0,0.0
2024-12-01 12:02:39,94.090355,71.431526,22.658829,22.671626028099556,1.0,0.0
2024-12-01 12:02:39,94.090355,71.43151,22.658844,22.667365350113247,1.0,0.0
2024-12-01 12:02:40,94.310135,71.43151,22.878624,22.737784887542947,1.0,0.0
2024-12-01 12:02:40,94.310135,71.43153,22.878601,22.78472361643488,1.0,0.0
2024-12-01 12:02:40,94.310135,71.431564,22.87857,22.8160059298368,1.0,0.0
2024-12-01 12:02:40,94.310135,71.431595,22.87854,22.836850632912032,1.0,0.0
2024-12-01 12:02:40,94.310135,71.431625,22.87851,22.850736929102816,1.0,0.0
2024-12-01 12:02:41,94.01709,71.43164,22.58545,22.762307692318544,1.0,0.0
2024-12-01 12:02:41,94.01709,71.43163,22.585457,22.703357410927207,1.0,0.0
2024-12-01 12:02:41,94.01709,71.43161,22.58548,22.664064852727513,1.0,0.0
2024-12-01 12:02:41,94.01709,71.43159,22.585503,22.63787744332225,1.0,0.0
2024-12-01 12:02:41,94.01709,71.43157,22.585518,22.620424256648427,1.0,0.0
2024-12-01 12:02:42,94.23688,71.43156,22.80532,22.682056417680982,1.0,0.0
2024-12-01 12:02:42,94.23688,71.43156,22.80532,22.72314452503602,1.0,0.0
2024-12-01 12:02:43,94.090355,71.431564,22.65879,22.701693212816984,1.0,0.0
2024-12-01 12:02:43,94.090355,71.43157,22.658783,22.687389794872782,1.0,0.0
2024-12-01 12:02:44,94.090355,71.43158,22.658775,22.67785163977847,1.0,0.0
2024-12-01 12:02:44,94.090355,71.43159,22.658768,22.671490326584085,1.0,0.0
2024-12-01 12:02:45,94.16361,71.43157,22.73204,22.691673686147205,1.0,0.0
2024-12-01 12:02:45,94.16361,71.43155,22.732063,22.705136888583816,1.0,0.0
2024-12-01 12:02:46,94.090355,71.43156,22.658798,22.689690664980358,1.0,0.0
2024-12-01 12:02:46,94.090355,71.431564,22.65879,22.67939063944654,1.0,0.0
2024-12-01 12:02:47,94.01709,71.43156,22.585533,22.64810480699431,1.0,0.0
2024-12-01 12:02:47,94.01709,71.43153,22.585556,22.627255214754022,1.0,0.0
2024-12-01 12:02:48,93.79732,71.4315,22.365814,22.54010821283081,1.0,0.0
2024-12-01 12:02:48,93.79732,71.43148,22.365837,22.482017840943197,1.0,0.0
2024-12-01 12:02:49,94.16361,71.431465,22.732147,22.565394299561092,1.0,0.0
2024-12-01 12:02:49,94.16361,71.43146,22.732155,22.620981148437863,1.0,0.0
2024-12-01 12:02:50,94.23688,71.43144,22.805435,22.6824658258466,1.0,0.0
2024-12-01 12:02:50,94.23688,71.431435,22.805443,22.723458153917264,1.0,0.0
2024-12-01 12:02:51,94.16361,71.431435,22.732178,22.72636468073651,1.0,0.0
2024-12-01 12:02:51,94.16361,71.43144,22.73217,22.728299822151165,1.0,0.0
2024-12-01 12:02:52,94.23688,71.43143,22.80545,22.754016694585154,1.0,0.0
2024-12-01 12:02:52,94.23688,71.43141,22.805466,22.771166362470833,1.0,0.0
2024-12-01 12:02:53,94.090355,71.43138,22.658974,22.733768806263107,1.0,0.0
2024-12-01 12:02:53,94.090355,71.43135,22.659004,22.708847274650665,1.0,0.0
2024-12-01 12:02:54,93.94383,71.43133,22.512505,22.643399708979352,1.0,0.0
2024-12-01 12:02:54,93.94383,71.43131,22.51252,22.59977308479483,1.0,0.0
2024-12-01 12:02:55,94.01709,71.43129,22.5858,22.595115446829368,1.0,0.0
2024-12-01 12:02:55,94.01709,71.431274,22.585815,22.592015441115414,1.0,0.0
2024-12-01 12:02:56,93.60195,71.431274,22.170677,22.45156935576314,1.0,0.0
2024-12-01 12:02:56,93.60195,71.43128,22.17067,22.35793608906345,1.0,0.0
2024-12-01 12:02:57,94.01709,71.43128,22.585808,22.43389332613996,1.0,0.0
2024-12-01 12:02:57,94.01709,71.43128,22.585808,22.484531484190963,1.0,0.0
2024-12-01 12:02:58,94.090355,71.43126,22.659096,22.542719577514028,1.0,0.0
2024-12-01 12:02:58,94.090355,71.43123,22.659126,22.581521812255446,1.0,0.0
2024-12-01 12:02:59,94.090355,71.43124,22.659119,22.607387425618214,1.0,0.0
2024-12-01 12:02:59,94.090355,71.431244,22.659111,22.62462862472855,1.0,0.0
2024-12-01 12:03:00,93.94383,71.43124,22.512596,22.587284459942733,1.0,0.0
2024-12-01 12:03:00,93.94383,71.43123,22.512604,22.56239089321703,1.0,0.0
2024-12-01 12:03:01,93.94383,71.431206,22.512627,22.545802811461094,1.0,0.0
2024-12-01 12:03:02,93.79732,71.43118,22.366135,22.48591342215896,1.0,0.0
2024-12-01 12:03:03,93.72405,71.43116,22.292892,22.421573100124203,1.0,0.0
2024-12-01 12:03:04,93.82173,71.431145,22.390587,22.411244351091916,1.0,0.0
2024-12-01 12:03:05,93.870575,71.43114,22.439438,22.420642189464925,1.0,0.0
2024-12-01 12:03:06,94.01709,71.43112,22.585968,22.475750798835993,1.0,0.0
2024-12-01 12:03:07,93.870575,71.431114,22.43946,22.463654117355507,1.0,0.0
2024-12-01 12:03:08,93.60195,71.43111,22.170845,22.366051088816434,1.0,0.0
2024-12-01 12:03:09,93.82173,71.43111,22.390625,22.37424239254429,1.0,0.0
2024-12-01 12:03:10,93.748474,71.43108,22.31739,22.355291742327704,1.0,0.0
2024-12-01 12:03:11,93.67522,71.43107,22.244148,22.318243913016648,1.0,0.0
2024-12-01 12:03:13,93.82173,71.43105,22.390678,22.34238874393167,1.0,0.0
2024-12-01 12:03:14,93.82173,71.43104,22.390694,22.358490384138044,1.0,0.0
2024-12-01 12:03:15,93.67522,71.43104,22.244179,22.32038651341625,1.0,0.0
2024-12-01 12:03:16,93.748474,71.43104,22.317436,22.319403081698074,1.0,0.0
2024-12-01 12:03:17,93.748474,71.43105,22.317421,22.318742374289602,1.0,0.0
2024-12-01 12:03:18,93.60195,71.43106,22.17089,22.269458518894893,1.0,0.0
2024-12-01 12:03:19,93.45543,71.43109,22.024338,22.187751602114826,1.0,0.0
2024-12-01 12:03:20,93.45543,71.43111,22.024323,22.133275237998426,1.0,0.0
2024-12-01 12:03:21,93.308914,71.43115,21.877762,22.048104105605724,1.0,0.0
2024-12-01 12:03:41,93.38217,71.431175,21.950996,22.015734870045744,1.0,0.0
2024-12-01 12:03:42,93.38217,71.431206,21.950966,21.99414520714638,1.0,0.0
2024-12-01 12:03:43,93.38217,71.43125,21.95092,21.979736839757745,1.0,0.0
2024-12-01 12:03:44,93.38217,71.4313,21.950874,21.97011600270959,1.0,0.0
2024-12-01 12:03:46,93.18681,71.431335,21.755478,21.898569970230874,1.0,0.0
2024-12-01 12:03:47,93.18681,71.431366,21.755447,21.85086244271902,1.0,0.0
2024-12-01 12:03:48,92.96703,71.431404,21.53563,21.74578471929966,1.0,0.0
2024-12-01 12:03:49,92.96703,71.43146,21.535576,21.67571510176618,1.0,0.0
2024-12-01 12:03:50,93.18681,71.43149,21.755325,21.70225184030506,1.0,0.0
2024-12-01 12:03:51,93.18681,71.43151,21.755302,21.719935369936447,1.0,0.0
2024-12-01 12:03:52,93.18681,71.431595,21.755219,21.73169641524409,1.0,0.0
2024-12-01 12:03:53,93.18681,71.43169,21.755127,21.73950659453773,1.0,0.0
2024-12-01 12:03:54,93.113556,71.43177,21.681786,21.720266257523853,1.0,0.0
2024-12-01 12:03:55,93.113556,71.43184,21.681717,21.707416477997675,1.0,0.0
2024-12-01 12:03:56,93.113556,71.43191,21.681648,21.698827070129962,1.0,0.0
2024-12-01 12:03:57,93.113556,71.43197,21.681587,21.69308045316607,1.0,0.0
2024-12-01 12:03:58,92.89377,71.43203,21.461739,21.615966497585973,1.0,0.0
2024-12-01 12:03:59,92.89377,71.43208,21.461685,21.56453939194534,1.0,0.0
2024-12-01 12:04:00,93.04029,71.43213,21.608162,21.57908023672007,1.0,0.0
2024-12-01 12:04:01,93.04029,71.43218,21.608109,21.588756331315984,1.0,0.0
2024-12-01 12:04:02,92.82051,71.43225,21.38826,21.52192418344243,1.0,0.0
2024-12-01 12:04:03,92.82051,71.43233,21.388184,21.47734398687829,1.0,0.0
2024-12-01 12:04:04,93.04029,71.432396,21.607895,21.520860957072507,1.0,0.0
2024-12-01 12:04:05,93.04029,71.43247,21.607819,21.549846839220216,1.0,0.0
2024-12-01 12:04:06,92.96703,71.43253,21.5345,21.544731266836916,1.0,0.0
2024-12-01 12:04:07,92.96703,71.43259,21.534447,21.541303083327477,1.0,0.0
2024-12-01 12:04:08,92.89377,71.43266,21.461105,21.514570504444883,1.0,0.0
2024-12-01 12:04:09,92.89377,71.43274,21.46103,21.496723353874714,1.0,0.0
2024-12-01 12:04:10,92.96703,71.4328,21.534233,21.50922660033705,1.0,0.0
2024-12-01 12:04:11,92.96703,71.43285,21.53418,21.517544296058034,1.0,0.0
2024-12-01 12:04:12,92.551895,71.43292,21.118973,21.384687123478795,1.0,0.0
2024-12-01 12:04:13,92.551895,71.43299,21.118904,21.296092786909043,1.0,0.0
2024-12-01 12:04:14,92.82051,71.43308,21.387428,21.326537952503166,1.0,0.0
2024-12-01 12:04:15,92.82051,71.43317,21.387344,21.3468067551193,1.0,0.0
2024-12-01 12:04:16,92.82051,71.433235,21.387276,21.360296402013127,1.0,0.0
2024-12-01 12:04:17,92.82051,71.4333,21.387215,21.36926915489026,1.0,0.0
2024-12-01 12:04:18,92.77167,71.43336,21.33831,21.358949517159914,1.0,0.0
2024-12-01 12:04:19,92.77167,71.4334,21.338264,21.352054499883955,1.0,0.0
2024-12-01 12:04:20,92.62515,71.43344,21.191711,21.29860680851639,1.0,0.0
2024-12-01 12:04:41,92.69841,71.43347,21.264938,21.287383990508324,1.0,0.0
2024-12-01 12:04:41,92.69841,71.433495,21.264915,21.279894482441748,1.0,0.0
2024-12-01 12:04:41,92.69841,71.43352,21.264893,21.2748938476695,1.0,0.0
2024-12-01 12:04:41,92.69841,71.4336,21.264809,21.27153211670805,1.0,0.0
2024-12-01 12:04:41,92.69841,71.43371,21.264702,21.269255358892607,1.0,0.0
2024-12-01 12:04:41,92.69841,71.43383,21.26458,21.267696830244812,1.0,0.0
2024-12-01 12:04:41,92.69841,71.43375,21.264664,21.266685785592898,1.0,0.0
2024-12-01 12:04:41,92.69841,71.43362,21.264793,21.26605498906063,1.0,0.0
2024-12-01 12:04:41,92.69841,71.43349,21.264923,21.265677691274796,1.0,0.0
2024-12-01 12:04:41,92.69841,71.43337,21.265038,21.26546430639023,1.0,0.0
2024-12-01 12:04:42,92.84493,71.43329,21.411644,21.314190864904685,1.0,0.0
2024-12-01 12:04:42,92.84493,71.43323,21.411705,21.346695582299738,1.0,0.0
2024-12-01 12:04:42,92.84493,71.433174,21.411758,21.368383195817014,1.0,0.0
2024-12-01 12:04:42,92.84493,71.433136,21.411797,21.382854320486082,1.0,0.0
2024-12-01 12:04:42,92.84493,71.433105,21.411827,21.39251190945817,1.0,0.0
2024-12-01 12:04:42,92.84493,71.43308,21.41185,21.39895793150076,1.0,0.0
2024-12-01 12:04:42,92.84493,71.43307,21.411865,21.403260365792175,1.0,0.0
2024-12-01 12:04:42,92.84493,71.43307,21.411865,21.406128655319783,1.0,0.0
2024-12-01 12:04:42,92.84493,71.433075,21.411858,21.40803830520668,1.0,0.0
2024-12-01 12:04:42,92.84493,71.43307,21.411865,21.40931394826279,1.0,0.0
2024-12-01 12:04:43,92.77167,71.43306,21.338608,21.385745228203838,1.0,0.0
2024-12-01 12:04:43,92.77167,71.433044,21.338623,21.37003783442756,1.0,0.0
2024-12-01 12:04:43,92.77167,71.43303,21.338638,21.359571324839727,1.0,0.0
2024-12-01 12:04:43,92.77167,71.433014,21.338654,21.352598738044193,1.0,0.0
2024-12-01 12:04:43,92.77167,71.433,21.338669,21.347955433110194,1.0,0.0
2024-12-01 12:04:43,92.77167,71.432976,21.338692,21.34486752588206,1.0,0.0
2024-12-01 12:04:43,92.77167,71.43298,21.338684,21.34280637793179,1.0,0.0
2024-12-01 12:04:43,92.77167,71.43298,21.338684,21.341432279298278,1.0,0.0
2024-12-01 12:04:43,92.77167,71.432976,21.338692,21.340518756674115,1.0,0.0
2024-12-01 12:04:43,92.77167,71.43297,21.3387,21.33991228472285,1.0,0.0
2024-12-01 12:04:44,92.69841,71.43296,21.26545,21.31509136445716,1.0,0.0
2024-12-01 12:04:44,92.69841,71.432945,21.265465,21.298549170543055,1.0,0.0
2024-12-01 12:04:44,92.69841,71.43293,21.26548,21.287526127530008,1.0,0.0
2024-12-01 12:04:44,92.69841,71.432915,21.265495,21.280182518450996,1.0,0.0
2024-12-01 12:04:44,92.69841,71.4329,21.26551,21.275291865328008,1.0,0.0
2024-12-01 12:04:44,92.69841,71.43288,21.265533,21.272039059307215,1.0,0.0
2024-12-01 12:04:44,92.69841,71.432846,21.265564,21.269880694486062,1.0,0.0
2024-12-01 12:04:44,92.69841,71.43282,21.265587,21.268449413999825,1.0,0.0
2024-12-01 12:04:44,92.69841,71.4328,21.26561,21.26750285640353,1.0,0.0
2024-12-01 12:04:44,92.69841,71.43278,21.265633,21.266879447400534,1.0,0.0
2024-12-01 12:04:45,92.62515,71.432755,21.192398,21.242052322030045,1.0,0.0
2024-12-01 12:04:45,92.62515,71.43273,21.192421,21.225508534510915,1.0,0.0
2024-12-01 12:04:45,92.62515,71.43271,21.192444,21.214486972226027,1.0,0.0
2024-12-01 12:04:45,92.62515,71.432686,21.192467,21.207146893430632,1.0,0.0
2024-12-01 12:04:45,92.62515,71.432655,21.192497,21.20226368009308,1.0,0.0
2024-12-01 12:04:45,92.62515,71.43261,21.192543,21.199023463323773,1.0,0.0
2024-12-01 12:04:45,92.62515,71.432625,21.192528,21.196858232547882,1.0,0.0
2024-12-01 12:04:45,92.62515,71.43265,21.192505,21.195407115969424,1.0,0.0
2024-12-01 12:04:45,92.62515,71.43267,21.192482,21.194432075522585,1.0,0.0
2024-12-01 12:04:45,92.62515,71.43269,21.19246,21.193774419163496,1.0,0.0
2024-12-01 12:04:47,92.429794,71.43271,20.997086,21.12821146987202,1.0,0.0
2024-12-01 12:04:47,92.429794,71.432724,20.99707,21.084497750748014,1.0,0.0
2024-12-01 12:04:47,92.429794,71.43274,20.997055,21.05535018506899,1.0,0.0
2024-12-01 12:04:47,92.429794,71.43275,20.997047,21.035915931484794,1.0,0.0
2024-12-01 12:04:47,92.429794,71.43276,20.997032,21.022954676165647,1.0,0.0
2024-12-01 12:04:47,92.429794,71.43278,20.997017,21.014308753023194,1.0,0.0
2024-12-01 12:04:47,92.429794,71.432785,20.99701,21.008542261130046,1.0,0.0
2024-12-01 12:04:47,92.429794,71.432785,20.99701,21.00469793320128,1.0,0.0
2024-12-01 12:04:47,92.429794,71.43278,20.997017,21.00213759104695,1.0,0.0
2024-12-01 12:04:47,92.429794,71.43278,20.997017,21.000430696277395,1.0,0.0
2024-12-01 12:04:48,92.40537,71.43278,20.972595,20.991152202466182,1.0,0.0
2024-12-01 12:04:48,92.40537,71.43278,20.972595,20.984966539925374,1.0,0.0
2024-12-01 12:04:48,92.40537,71.432785,20.972588,20.980840221766655,1.0,0.0
2024-12-01 12:04:48,92.40537,71.432785,20.972588,20.978089342994178,1.0,0.0
2024-12-01 12:04:48,92.40537,71.432785,20.972588,20.976255423812525,1.0,0.0
2024-12-01 12:04:48,92.40537,71.432785,20.972588,20.975032811024757,1.0,0.0
2024-12-01 12:04:48,92.40537,71.43277,20.972603,20.974222822095932,1.0,0.0
2024-12-01 12:04:48,92.40537,71.43275,20.972626,20.973690458871246,1.0,0.0
2024-12-01 12:04:48,92.40537,71.43274,20.972633,20.9733380931863,1.0,0.0
2024-12-01 12:04:48,92.40537,71.432724,20.972649,20.97310826899269,1.0,0.0
2024-12-01 12:04:49,92.551895,71.432724,21.119171,21.02179589352117,1.0,0.0
2024-12-01 12:04:49,92.551895,71.43272,21.119179,21.054256853005,1.0,0.0
2024-12-01 12:04:49,92.551895,71.43272,21.119179,21.075897492660886,1.0,0.0
2024-12-01 12:04:49,92.551895,71.43272,21.119179,21.09032458576481,1.0,0.0
2024-12-01 12:04:49,92.551895,71.432724,21.119171,21.099940104702583,1.0,0.0
2024-12-01 12:04:49,92.551895,71.432724,21.119171,21.106350450661097,1.0,0.0
2024-12-01 12:04:49,92.551895,71.4327,21.119194,21.110631644027972,1.0,0.0
2024-12-01 12:04:49,92.551895,71.43268,21.119217,21.113493402333752,1.0,0.0
2024-12-01 12:04:49,92.551895,71.432655,21.11924,21.115408870598806,1.0,0.0
2024-12-01 12:04:49,92.551895,71.43264,21.119255,21.116690935705194,1.0,0.0
2024-12-01 12:04:50,92.551895,71.432625,21.11927,21.117550732039142,1.0,0.0
2024-12-01 12:04:50,92.551895,71.43262,21.119278,21.118126472726615,1.0,0.0
2024-12-01 12:04:50,92.551895,71.43261,21.119286,21.118512842983108,1.0,0.0
2024-12-01 12:04:50,92.551895,71.4326,21.119293,21.118772966285615,1.0,0.0
2024-12-01 12:04:50,92.551895,71.4326,21.119293,21.11894638182062,1.0,0.0
2024-12-01 12:04:50,92.551895,71.432594,21.1193,21.1190645353088,1.0,0.0
2024-12-01 12:04:50,92.551895,71.43261,21.119286,21.1191382180379,1.0,0.0
2024-12-01 12:04:50,92.551895,71.432625,21.11927,21.11918225359428,1.0,0.0
2024-12-01 12:04:50,92.551895,71.432625,21.11927,21.119211610631865,1.0,0.0
2024-12-01 12:04:50,92.551895,71.43263,21.119263,21.119228638858743,1.0,0.0
2024-12-01 12:04:51,92.69841,71.43263,21.265778,21.168078288536037,1.0,0.0
2024-12-01 12:04:51,92.69841,71.43264,21.26577,21.200642178522724,1.0,0.0
2024-12-01 12:04:51,92.69841,71.43264,21.26577,21.222351438513847,1.0,0.0
2024-12-01 12:04:51,92.69841,71.43264,21.26577,21.23682427850793,1.0,0.0
2024-12-01 12:04:51,92.69841,71.43264,21.26577,21.246472838503987,1.0,0.0
2024-12-01 12:04:51,92.69841,71.43263,21.265778,21.252907754966202,1.0,0.0
2024-12-01 12:04:51,92.69841,71.432594,21.265816,21.257210414931897,1.0,0.0
2024-12-01 12:04:51,92.69841,71.43254,21.26587,21.2600966568296,1.0,0.0
2024-12-01 12:04:51,92.69841,71.432495,21.265915,21.262036076883795,1.0,0.0
2024-12-01 12:04:51,92.69841,71.43246,21.265953,21.263341739244147,1.0,0.0
